ISO-10303-21;
HEADER;
/* Generated by software containing ST-Developer
 * from STEP Tools, Inc. (www.steptools.com) 
 */
/* OPTION: using custom renumber hook */

FILE_DESCRIPTION(
/* description */ ('STEP AP242',
'CAx-IF Rec.Pracs.---Representation and Presentation of Product Manufa
cturing Information (PMI)---4.0---2014-10-13',
'CAx-IF Rec.Pracs.---3D Tessellated Geometry---0.4---2014-09-14','2;1'),

/* implementation_level */ '2;1');

FILE_NAME(
/* name */ '2604-3105',
/* time_stamp */ '2025-09-29T13:41:59+02:00',
/* author */ ('License CC BY-ND 4.0'),
/* organization */ ('CADENAS'),
/* preprocessor_version */ 'ST-DEVELOPER v19.3',
/* originating_system */ 'PARTsolutions',
/* authorisation */ '  ');

FILE_SCHEMA (('AP242_MANAGED_MODEL_BASED_3D_ENGINEERING_MIM_LF { 1 0 10303 442 1 1 4 }'));
ENDSEC;

DATA;
#10=SHAPE_REPRESENTATION_RELATIONSHIP('','',#14252,#11);
#11=ADVANCED_BREP_SHAPE_REPRESENTATION('',(#14250),#21438);
#12=CONICAL_SURFACE('',#14661,1.5,0.0906598872007451);
#13=CONICAL_SURFACE('',#14662,1.5,0.0906598872007451);
#14=CONICAL_SURFACE('',#14663,1.5,0.0906598872007451);
#15=CONICAL_SURFACE('',#14664,1.5,0.0906598872007451);
#16=CONICAL_SURFACE('',#14665,1.5,0.0906598872007451);
#17=CONICAL_SURFACE('',#14666,1.7,0.0680764582579995);
#18=CONICAL_SURFACE('',#14667,1.7,0.0680764582579995);
#19=CONICAL_SURFACE('',#14668,1.7,0.0680764582579995);
#20=CONICAL_SURFACE('',#14669,1.7,0.0680764582579995);
#21=CONICAL_SURFACE('',#14670,1.7,0.0680764582579995);
#22=CONICAL_SURFACE('',#14673,1.8,0.260602391747341);
#23=CONICAL_SURFACE('',#14676,1.8,0.260602391747341);
#24=CONICAL_SURFACE('',#14679,1.8,0.260602391747341);
#25=CONICAL_SURFACE('',#14682,1.8,0.260602391747341);
#26=CONICAL_SURFACE('',#14685,1.8,0.260602391747341);
#27=CONICAL_SURFACE('',#14740,1.05,0.523598775598298);
#28=CONICAL_SURFACE('',#14745,1.05,0.523598775598298);
#29=CONICAL_SURFACE('',#14750,1.05,0.523598775598298);
#30=CONICAL_SURFACE('',#14755,1.05,0.523598775598298);
#31=CONICAL_SURFACE('',#14760,1.05,0.523598775598298);
#32=CONICAL_SURFACE('',#14807,0.299999999999999,0.523598775598299);
#33=CONICAL_SURFACE('',#14810,0.200000000000001,0.523598775598299);
#34=CONICAL_SURFACE('',#14812,0.500000000000001,0.523598775598299);
#35=CONICAL_SURFACE('',#14815,0.499999999999993,0.523598775598299);
#36=CONICAL_SURFACE('',#14818,0.5,0.523598775598299);
#37=CONICAL_SURFACE('',#14821,0.5,0.523598775598299);
#38=CONICAL_SURFACE('',#14826,0.499999999999998,0.523598775598299);
#39=CONICAL_SURFACE('',#14829,0.2,0.523598775598299);
#40=CONICAL_SURFACE('',#14832,0.3,0.523598775598299);
#41=CONICAL_SURFACE('',#14864,0.299999999999999,0.523598775598299);
#42=CONICAL_SURFACE('',#14867,0.200000000000001,0.523598775598299);
#43=CONICAL_SURFACE('',#14869,0.500000000000001,0.523598775598299);
#44=CONICAL_SURFACE('',#14872,0.499999999999993,0.523598775598299);
#45=CONICAL_SURFACE('',#14875,0.5,0.523598775598299);
#46=CONICAL_SURFACE('',#14878,0.5,0.523598775598299);
#47=CONICAL_SURFACE('',#14883,0.499999999999998,0.523598775598299);
#48=CONICAL_SURFACE('',#14886,0.2,0.523598775598299);
#49=CONICAL_SURFACE('',#14889,0.3,0.523598775598299);
#50=CONICAL_SURFACE('',#14892,0.299999999999999,0.523598775598299);
#51=CONICAL_SURFACE('',#14895,0.200000000000001,0.523598775598299);
#52=CONICAL_SURFACE('',#14897,0.500000000000001,0.523598775598299);
#53=CONICAL_SURFACE('',#14900,0.499999999999993,0.523598775598299);
#54=CONICAL_SURFACE('',#14903,0.5,0.523598775598299);
#55=CONICAL_SURFACE('',#14906,0.5,0.523598775598299);
#56=CONICAL_SURFACE('',#14911,0.499999999999998,0.523598775598299);
#57=CONICAL_SURFACE('',#14914,0.2,0.523598775598299);
#58=CONICAL_SURFACE('',#14917,0.3,0.523598775598299);
#59=CONICAL_SURFACE('',#14920,0.299999999999999,0.523598775598299);
#60=CONICAL_SURFACE('',#14923,0.200000000000001,0.523598775598299);
#61=CONICAL_SURFACE('',#14925,0.500000000000001,0.523598775598299);
#62=CONICAL_SURFACE('',#14928,0.499999999999993,0.523598775598299);
#63=CONICAL_SURFACE('',#14931,0.5,0.523598775598299);
#64=CONICAL_SURFACE('',#14934,0.5,0.523598775598299);
#65=CONICAL_SURFACE('',#14939,0.499999999999998,0.523598775598299);
#66=CONICAL_SURFACE('',#14942,0.2,0.523598775598299);
#67=CONICAL_SURFACE('',#14945,0.3,0.523598775598299);
#68=CONICAL_SURFACE('',#14948,0.299999999999999,0.523598775598299);
#69=CONICAL_SURFACE('',#14951,0.200000000000001,0.523598775598299);
#70=CONICAL_SURFACE('',#14953,0.500000000000001,0.523598775598299);
#71=CONICAL_SURFACE('',#14956,0.499999999999993,0.523598775598299);
#72=CONICAL_SURFACE('',#14959,0.5,0.523598775598299);
#73=CONICAL_SURFACE('',#14962,0.5,0.523598775598299);
#74=CONICAL_SURFACE('',#14967,0.499999999999998,0.523598775598299);
#75=CONICAL_SURFACE('',#14970,0.2,0.523598775598299);
#76=CONICAL_SURFACE('',#14973,0.3,0.523598775598299);
#77=CONICAL_SURFACE('',#15235,0.8,0.785398163397448);
#78=CONICAL_SURFACE('',#15238,0.4,0.785398163397448);
#79=CONICAL_SURFACE('',#15241,1.,0.785398163397448);
#80=PLANE('',#14258);
#81=PLANE('',#14263);
#82=PLANE('',#14271);
#83=PLANE('',#14276);
#84=PLANE('',#14284);
#85=PLANE('',#14289);
#86=PLANE('',#14297);
#87=PLANE('',#14302);
#88=PLANE('',#14309);
#89=PLANE('',#14312);
#90=PLANE('',#14315);
#91=PLANE('',#14318);
#92=PLANE('',#14322);
#93=PLANE('',#14327);
#94=PLANE('',#14334);
#95=PLANE('',#14337);
#96=PLANE('',#14341);
#97=PLANE('',#14345);
#98=PLANE('',#14349);
#99=PLANE('',#14353);
#100=PLANE('',#14357);
#101=PLANE('',#14361);
#102=PLANE('',#14365);
#103=PLANE('',#14369);
#104=PLANE('',#14373);
#105=PLANE('',#14392);
#106=PLANE('',#14413);
#107=PLANE('',#14417);
#108=PLANE('',#14418);
#109=PLANE('',#14419);
#110=PLANE('',#14420);
#111=PLANE('',#14421);
#112=PLANE('',#14422);
#113=PLANE('',#14423);
#114=PLANE('',#14424);
#115=PLANE('',#14425);
#116=PLANE('',#14426);
#117=PLANE('',#14427);
#118=PLANE('',#14431);
#119=PLANE('',#14432);
#120=PLANE('',#14436);
#121=PLANE('',#14437);
#122=PLANE('',#14441);
#123=PLANE('',#14442);
#124=PLANE('',#14446);
#125=PLANE('',#14447);
#126=PLANE('',#14451);
#127=PLANE('',#14452);
#128=PLANE('',#14455);
#129=PLANE('',#14456);
#130=PLANE('',#14459);
#131=PLANE('',#14460);
#132=PLANE('',#14463);
#133=PLANE('',#14464);
#134=PLANE('',#14467);
#135=PLANE('',#14468);
#136=PLANE('',#14471);
#137=PLANE('',#14472);
#138=PLANE('',#14476);
#139=PLANE('',#14480);
#140=PLANE('',#14484);
#141=PLANE('',#14488);
#142=PLANE('',#14506);
#143=PLANE('',#14509);
#144=PLANE('',#14513);
#145=PLANE('',#14562);
#146=PLANE('',#14570);
#147=PLANE('',#14571);
#148=PLANE('',#14575);
#149=PLANE('',#14585);
#150=PLANE('',#14586);
#151=PLANE('',#14589);
#152=PLANE('',#14593);
#153=PLANE('',#14603);
#154=PLANE('',#14604);
#155=PLANE('',#14607);
#156=PLANE('',#14611);
#157=PLANE('',#14621);
#158=PLANE('',#14622);
#159=PLANE('',#14625);
#160=PLANE('',#14629);
#161=PLANE('',#14639);
#162=PLANE('',#14640);
#163=PLANE('',#14643);
#164=PLANE('',#14647);
#165=PLANE('',#14657);
#166=PLANE('',#14658);
#167=PLANE('',#14686);
#168=PLANE('',#14687);
#169=PLANE('',#14688);
#170=PLANE('',#14689);
#171=PLANE('',#14690);
#172=PLANE('',#14691);
#173=PLANE('',#14692);
#174=PLANE('',#14693);
#175=PLANE('',#14694);
#176=PLANE('',#14695);
#177=PLANE('',#14696);
#178=PLANE('',#14697);
#179=PLANE('',#14698);
#180=PLANE('',#14699);
#181=PLANE('',#14700);
#182=PLANE('',#14701);
#183=PLANE('',#14702);
#184=PLANE('',#14703);
#185=PLANE('',#14704);
#186=PLANE('',#14705);
#187=PLANE('',#14706);
#188=PLANE('',#14707);
#189=PLANE('',#14708);
#190=PLANE('',#14709);
#191=PLANE('',#14710);
#192=PLANE('',#14711);
#193=PLANE('',#14712);
#194=PLANE('',#14713);
#195=PLANE('',#14714);
#196=PLANE('',#14715);
#197=PLANE('',#14716);
#198=PLANE('',#14717);
#199=PLANE('',#14718);
#200=PLANE('',#14719);
#201=PLANE('',#14720);
#202=PLANE('',#14721);
#203=PLANE('',#14722);
#204=PLANE('',#14723);
#205=PLANE('',#14724);
#206=PLANE('',#14725);
#207=PLANE('',#14726);
#208=PLANE('',#14727);
#209=PLANE('',#14728);
#210=PLANE('',#14729);
#211=PLANE('',#14730);
#212=PLANE('',#14731);
#213=PLANE('',#14732);
#214=PLANE('',#14733);
#215=PLANE('',#14734);
#216=PLANE('',#14735);
#217=PLANE('',#14736);
#218=PLANE('',#14741);
#219=PLANE('',#14746);
#220=PLANE('',#14751);
#221=PLANE('',#14756);
#222=PLANE('',#14761);
#223=PLANE('',#14762);
#224=PLANE('',#14763);
#225=PLANE('',#14766);
#226=PLANE('',#14769);
#227=PLANE('',#14770);
#228=PLANE('',#14771);
#229=PLANE('',#14772);
#230=PLANE('',#14775);
#231=PLANE('',#14778);
#232=PLANE('',#14779);
#233=PLANE('',#14780);
#234=PLANE('',#14781);
#235=PLANE('',#14784);
#236=PLANE('',#14787);
#237=PLANE('',#14788);
#238=PLANE('',#14789);
#239=PLANE('',#14790);
#240=PLANE('',#14793);
#241=PLANE('',#14796);
#242=PLANE('',#14797);
#243=PLANE('',#14798);
#244=PLANE('',#14799);
#245=PLANE('',#14802);
#246=PLANE('',#14805);
#247=PLANE('',#14806);
#248=PLANE('',#14809);
#249=PLANE('',#14814);
#250=PLANE('',#14817);
#251=PLANE('',#14820);
#252=PLANE('',#14823);
#253=PLANE('',#14824);
#254=PLANE('',#14825);
#255=PLANE('',#14828);
#256=PLANE('',#14831);
#257=PLANE('',#14834);
#258=PLANE('',#14845);
#259=PLANE('',#14847);
#260=PLANE('',#14849);
#261=PLANE('',#14850);
#262=PLANE('',#14851);
#263=PLANE('',#14853);
#264=PLANE('',#14855);
#265=PLANE('',#14857);
#266=PLANE('',#14860);
#267=PLANE('',#14862);
#268=PLANE('',#14863);
#269=PLANE('',#14866);
#270=PLANE('',#14871);
#271=PLANE('',#14874);
#272=PLANE('',#14877);
#273=PLANE('',#14880);
#274=PLANE('',#14881);
#275=PLANE('',#14882);
#276=PLANE('',#14885);
#277=PLANE('',#14888);
#278=PLANE('',#14891);
#279=PLANE('',#14894);
#280=PLANE('',#14899);
#281=PLANE('',#14902);
#282=PLANE('',#14905);
#283=PLANE('',#14908);
#284=PLANE('',#14909);
#285=PLANE('',#14910);
#286=PLANE('',#14913);
#287=PLANE('',#14916);
#288=PLANE('',#14919);
#289=PLANE('',#14922);
#290=PLANE('',#14927);
#291=PLANE('',#14930);
#292=PLANE('',#14933);
#293=PLANE('',#14936);
#294=PLANE('',#14937);
#295=PLANE('',#14938);
#296=PLANE('',#14941);
#297=PLANE('',#14944);
#298=PLANE('',#14947);
#299=PLANE('',#14950);
#300=PLANE('',#14955);
#301=PLANE('',#14958);
#302=PLANE('',#14961);
#303=PLANE('',#14964);
#304=PLANE('',#14965);
#305=PLANE('',#14966);
#306=PLANE('',#14969);
#307=PLANE('',#14972);
#308=PLANE('',#14975);
#309=PLANE('',#14986);
#310=PLANE('',#14988);
#311=PLANE('',#14990);
#312=PLANE('',#14991);
#313=PLANE('',#14992);
#314=PLANE('',#14994);
#315=PLANE('',#14996);
#316=PLANE('',#14998);
#317=PLANE('',#15001);
#318=PLANE('',#15003);
#319=PLANE('',#15004);
#320=PLANE('',#15015);
#321=PLANE('',#15017);
#322=PLANE('',#15019);
#323=PLANE('',#15020);
#324=PLANE('',#15021);
#325=PLANE('',#15023);
#326=PLANE('',#15025);
#327=PLANE('',#15027);
#328=PLANE('',#15030);
#329=PLANE('',#15032);
#330=PLANE('',#15033);
#331=PLANE('',#15044);
#332=PLANE('',#15046);
#333=PLANE('',#15048);
#334=PLANE('',#15049);
#335=PLANE('',#15050);
#336=PLANE('',#15052);
#337=PLANE('',#15054);
#338=PLANE('',#15056);
#339=PLANE('',#15059);
#340=PLANE('',#15061);
#341=PLANE('',#15062);
#342=PLANE('',#15073);
#343=PLANE('',#15075);
#344=PLANE('',#15077);
#345=PLANE('',#15078);
#346=PLANE('',#15079);
#347=PLANE('',#15081);
#348=PLANE('',#15083);
#349=PLANE('',#15085);
#350=PLANE('',#15088);
#351=PLANE('',#15090);
#352=PLANE('',#15091);
#353=PLANE('',#15092);
#354=PLANE('',#15093);
#355=PLANE('',#15096);
#356=PLANE('',#15097);
#357=PLANE('',#15098);
#358=PLANE('',#15099);
#359=PLANE('',#15102);
#360=PLANE('',#15103);
#361=PLANE('',#15104);
#362=PLANE('',#15105);
#363=PLANE('',#15108);
#364=PLANE('',#15109);
#365=PLANE('',#15110);
#366=PLANE('',#15111);
#367=PLANE('',#15114);
#368=PLANE('',#15115);
#369=PLANE('',#15116);
#370=PLANE('',#15117);
#371=PLANE('',#15120);
#372=PLANE('',#15121);
#373=PLANE('',#15125);
#374=PLANE('',#15126);
#375=PLANE('',#15129);
#376=PLANE('',#15133);
#377=PLANE('',#15134);
#378=PLANE('',#15137);
#379=PLANE('',#15141);
#380=PLANE('',#15142);
#381=PLANE('',#15145);
#382=PLANE('',#15149);
#383=PLANE('',#15150);
#384=PLANE('',#15153);
#385=PLANE('',#15157);
#386=PLANE('',#15158);
#387=PLANE('',#15164);
#388=PLANE('',#15168);
#389=PLANE('',#15172);
#390=PLANE('',#15176);
#391=PLANE('',#15180);
#392=PLANE('',#15211);
#393=PLANE('',#15214);
#394=PLANE('',#15217);
#395=PLANE('',#15220);
#396=PLANE('',#15223);
#397=PLANE('',#15226);
#398=PLANE('',#15229);
#399=PLANE('',#15232);
#400=PLANE('',#15233);
#401=PLANE('',#15234);
#402=PLANE('',#15237);
#403=PLANE('',#15240);
#404=PLANE('',#15243);
#405=B_SPLINE_CURVE_WITH_KNOTS('',3,(#18236,#18237,#18238,#18239),
 .UNSPECIFIED.,.F.,.F.,(4,4),(0.,0.000184161086791241),.UNSPECIFIED.);
#406=B_SPLINE_CURVE_WITH_KNOTS('',3,(#18241,#18242,#18243,#18244),
 .UNSPECIFIED.,.F.,.F.,(4,4),(1.73472347597681E-18,0.00138492024638013),
 .UNSPECIFIED.);
#407=B_SPLINE_CURVE_WITH_KNOTS('',3,(#18246,#18247,#18248,#18249),
 .UNSPECIFIED.,.F.,.F.,(4,4),(8.67361737988404E-19,0.00138492031352337),
 .UNSPECIFIED.);
#408=B_SPLINE_CURVE_WITH_KNOTS('',3,(#18251,#18252,#18253,#18254),
 .UNSPECIFIED.,.F.,.F.,(4,4),(0.,0.000184161020276947),.UNSPECIFIED.);
#409=B_SPLINE_CURVE_WITH_KNOTS('',3,(#18302,#18303,#18304,#18305),
 .UNSPECIFIED.,.F.,.F.,(4,4),(0.,0.000184161086791243),.UNSPECIFIED.);
#410=B_SPLINE_CURVE_WITH_KNOTS('',3,(#18307,#18308,#18309,#18310),
 .UNSPECIFIED.,.F.,.F.,(4,4),(1.73472347597681E-18,0.00138492024638013),
 .UNSPECIFIED.);
#411=B_SPLINE_CURVE_WITH_KNOTS('',3,(#18312,#18313,#18314,#18315),
 .UNSPECIFIED.,.F.,.F.,(4,4),(0.,0.00138492031352337),.UNSPECIFIED.);
#412=B_SPLINE_CURVE_WITH_KNOTS('',3,(#18317,#18318,#18319,#18320),
 .UNSPECIFIED.,.F.,.F.,(4,4),(0.,0.000184161020276947),.UNSPECIFIED.);
#413=B_SPLINE_CURVE_WITH_KNOTS('',3,(#18368,#18369,#18370,#18371),
 .UNSPECIFIED.,.F.,.F.,(4,4),(0.,0.000184161086791241),.UNSPECIFIED.);
#414=B_SPLINE_CURVE_WITH_KNOTS('',3,(#18373,#18374,#18375,#18376),
 .UNSPECIFIED.,.F.,.F.,(4,4),(0.,0.00138492024638013),.UNSPECIFIED.);
#415=B_SPLINE_CURVE_WITH_KNOTS('',3,(#18378,#18379,#18380,#18381),
 .UNSPECIFIED.,.F.,.F.,(4,4),(0.,0.00138492031352337),.UNSPECIFIED.);
#416=B_SPLINE_CURVE_WITH_KNOTS('',3,(#18383,#18384,#18385,#18386),
 .UNSPECIFIED.,.F.,.F.,(4,4),(0.,0.000184161020276947),.UNSPECIFIED.);
#417=B_SPLINE_CURVE_WITH_KNOTS('',3,(#18434,#18435,#18436,#18437),
 .UNSPECIFIED.,.F.,.F.,(4,4),(0.,0.000184161086791241),.UNSPECIFIED.);
#418=B_SPLINE_CURVE_WITH_KNOTS('',3,(#18439,#18440,#18441,#18442),
 .UNSPECIFIED.,.F.,.F.,(4,4),(0.,0.00138492024638013),.UNSPECIFIED.);
#419=B_SPLINE_CURVE_WITH_KNOTS('',3,(#18444,#18445,#18446,#18447),
 .UNSPECIFIED.,.F.,.F.,(4,4),(0.,0.00138492031352337),.UNSPECIFIED.);
#420=B_SPLINE_CURVE_WITH_KNOTS('',3,(#18449,#18450,#18451,#18452),
 .UNSPECIFIED.,.F.,.F.,(4,4),(0.,0.000184161020276951),.UNSPECIFIED.);
#421=B_SPLINE_CURVE_WITH_KNOTS('',3,(#18528,#18529,#18530,#18531),
 .UNSPECIFIED.,.F.,.F.,(4,4),(0.,0.000184161086791241),.UNSPECIFIED.);
#422=B_SPLINE_CURVE_WITH_KNOTS('',3,(#18533,#18534,#18535,#18536),
 .UNSPECIFIED.,.F.,.F.,(4,4),(0.,0.00138492024638013),.UNSPECIFIED.);
#423=B_SPLINE_CURVE_WITH_KNOTS('',3,(#18538,#18539,#18540,#18541),
 .UNSPECIFIED.,.F.,.F.,(4,4),(4.33680868994202E-19,0.00138492031352337),
 .UNSPECIFIED.);
#424=B_SPLINE_CURVE_WITH_KNOTS('',3,(#18543,#18544,#18545,#18546),
 .UNSPECIFIED.,.F.,.F.,(4,4),(0.,0.000184161020276947),.UNSPECIFIED.);
#425=B_SPLINE_CURVE_WITH_KNOTS('',3,(#18937,#18938,#18939,#18940),
 .UNSPECIFIED.,.F.,.F.,(4,4),(0.00481317493586977,0.00923157744337143),
 .UNSPECIFIED.);
#426=B_SPLINE_CURVE_WITH_KNOTS('',3,(#18957,#18958,#18959,#18960),
 .UNSPECIFIED.,.F.,.F.,(4,4),(0.0010864616154886,0.00272615611199527),
 .UNSPECIFIED.);
#427=B_SPLINE_CURVE_WITH_KNOTS('',3,(#18964,#18965,#18966,#18967),
 .UNSPECIFIED.,.F.,.F.,(4,4),(7.05355686679792E-7,0.00444684471195303),
 .UNSPECIFIED.);
#428=B_SPLINE_CURVE_WITH_KNOTS('',3,(#18982,#18983,#18984,#18985),
 .UNSPECIFIED.,.F.,.F.,(4,4),(0.00481317493586977,0.00923157744337143),
 .UNSPECIFIED.);
#429=B_SPLINE_CURVE_WITH_KNOTS('',3,(#19002,#19003,#19004,#19005),
 .UNSPECIFIED.,.F.,.F.,(4,4),(0.0010864616154886,0.00272615611199527),
 .UNSPECIFIED.);
#430=B_SPLINE_CURVE_WITH_KNOTS('',3,(#19009,#19010,#19011,#19012),
 .UNSPECIFIED.,.F.,.F.,(4,4),(7.05355686679792E-7,0.00444684471195303),
 .UNSPECIFIED.);
#431=B_SPLINE_CURVE_WITH_KNOTS('',3,(#19027,#19028,#19029,#19030),
 .UNSPECIFIED.,.F.,.F.,(4,4),(0.00481317493586977,0.00923157744337142),
 .UNSPECIFIED.);
#432=B_SPLINE_CURVE_WITH_KNOTS('',3,(#19047,#19048,#19049,#19050),
 .UNSPECIFIED.,.F.,.F.,(4,4),(0.0010864616154886,0.00272615611199528),
 .UNSPECIFIED.);
#433=B_SPLINE_CURVE_WITH_KNOTS('',3,(#19054,#19055,#19056,#19057),
 .UNSPECIFIED.,.F.,.F.,(4,4),(7.05355686679851E-7,0.00444684471195303),
 .UNSPECIFIED.);
#434=B_SPLINE_CURVE_WITH_KNOTS('',3,(#19072,#19073,#19074,#19075),
 .UNSPECIFIED.,.F.,.F.,(4,4),(0.00481317493586977,0.00923157744337143),
 .UNSPECIFIED.);
#435=B_SPLINE_CURVE_WITH_KNOTS('',3,(#19092,#19093,#19094,#19095),
 .UNSPECIFIED.,.F.,.F.,(4,4),(0.0010864616154886,0.00272615611199528),
 .UNSPECIFIED.);
#436=B_SPLINE_CURVE_WITH_KNOTS('',3,(#19099,#19100,#19101,#19102),
 .UNSPECIFIED.,.F.,.F.,(4,4),(7.05355686679851E-7,0.00444684471195303),
 .UNSPECIFIED.);
#437=B_SPLINE_CURVE_WITH_KNOTS('',3,(#19117,#19118,#19119,#19120),
 .UNSPECIFIED.,.F.,.F.,(4,4),(0.00481317493586977,0.00923157744337142),
 .UNSPECIFIED.);
#438=B_SPLINE_CURVE_WITH_KNOTS('',3,(#19137,#19138,#19139,#19140),
 .UNSPECIFIED.,.F.,.F.,(4,4),(0.0010864616154886,0.00272615611199528),
 .UNSPECIFIED.);
#439=B_SPLINE_CURVE_WITH_KNOTS('',3,(#19144,#19145,#19146,#19147),
 .UNSPECIFIED.,.F.,.F.,(4,4),(7.05355686678933E-7,0.00444684471195303),
 .UNSPECIFIED.);
#440=B_SPLINE_CURVE_WITH_KNOTS('',3,(#19172,#19173,#19174,#19175),
 .UNSPECIFIED.,.F.,.F.,(4,4),(0.00167348331652468,0.00322780905171408),
 .UNSPECIFIED.);
#441=B_SPLINE_CURVE_WITH_KNOTS('',3,(#19181,#19182,#19183,#19184),
 .UNSPECIFIED.,.F.,.F.,(4,4),(0.00557455510847514,0.00998517254923108),
 .UNSPECIFIED.);
#442=B_SPLINE_CURVE_WITH_KNOTS('',3,(#19199,#19200,#19201,#19202),
 .UNSPECIFIED.,.F.,.F.,(4,4),(0.00167348331652468,0.00322780905171408),
 .UNSPECIFIED.);
#443=B_SPLINE_CURVE_WITH_KNOTS('',3,(#19208,#19209,#19210,#19211),
 .UNSPECIFIED.,.F.,.F.,(4,4),(0.00557455510847514,0.00998517254923108),
 .UNSPECIFIED.);
#444=B_SPLINE_CURVE_WITH_KNOTS('',3,(#19226,#19227,#19228,#19229),
 .UNSPECIFIED.,.F.,.F.,(4,4),(0.00167348331652469,0.00322780905171408),
 .UNSPECIFIED.);
#445=B_SPLINE_CURVE_WITH_KNOTS('',3,(#19235,#19236,#19237,#19238),
 .UNSPECIFIED.,.F.,.F.,(4,4),(0.00557455510847514,0.00998517254923108),
 .UNSPECIFIED.);
#446=B_SPLINE_CURVE_WITH_KNOTS('',3,(#19253,#19254,#19255,#19256),
 .UNSPECIFIED.,.F.,.F.,(4,4),(0.00167348331652469,0.00322780905171408),
 .UNSPECIFIED.);
#447=B_SPLINE_CURVE_WITH_KNOTS('',3,(#19262,#19263,#19264,#19265),
 .UNSPECIFIED.,.F.,.F.,(4,4),(0.00557455510847514,0.00998517254923108),
 .UNSPECIFIED.);
#448=B_SPLINE_CURVE_WITH_KNOTS('',3,(#19280,#19281,#19282,#19283),
 .UNSPECIFIED.,.F.,.F.,(4,4),(0.00167348331652469,0.00322780905171408),
 .UNSPECIFIED.);
#449=B_SPLINE_CURVE_WITH_KNOTS('',3,(#19289,#19290,#19291,#19292),
 .UNSPECIFIED.,.F.,.F.,(4,4),(0.00557455510847514,0.00998517254923108),
 .UNSPECIFIED.);
#450=B_SPLINE_CURVE_WITH_KNOTS('',3,(#19303,#19304,#19305,#19306),
 .UNSPECIFIED.,.F.,.F.,(4,4),(0.00557402298489026,0.00998464048161616),
 .UNSPECIFIED.);
#451=B_SPLINE_CURVE_WITH_KNOTS('',3,(#19321,#19322,#19323,#19324),
 .UNSPECIFIED.,.F.,.F.,(4,4),(0.00557402298489026,0.00998464048161616),
 .UNSPECIFIED.);
#452=B_SPLINE_CURVE_WITH_KNOTS('',3,(#19339,#19340,#19341,#19342),
 .UNSPECIFIED.,.F.,.F.,(4,4),(0.00557402298489026,0.00998464048161616),
 .UNSPECIFIED.);
#453=B_SPLINE_CURVE_WITH_KNOTS('',3,(#19357,#19358,#19359,#19360),
 .UNSPECIFIED.,.F.,.F.,(4,4),(0.00557402298489026,0.00998464048161616),
 .UNSPECIFIED.);
#454=B_SPLINE_CURVE_WITH_KNOTS('',3,(#19375,#19376,#19377,#19378),
 .UNSPECIFIED.,.F.,.F.,(4,4),(0.00557402298489026,0.00998464048161616),
 .UNSPECIFIED.);
#455=B_SPLINE_CURVE_WITH_KNOTS('',3,(#19507,#19508,#19509,#19510,#19511,
#19512,#19513),.UNSPECIFIED.,.F.,.F.,(4,1,1,1,4),(0.00426190362412916,0.00462190672852798,
0.00498190983292679,0.00534191293732561,0.00570191604172442),
 .UNSPECIFIED.);
#456=B_SPLINE_CURVE_WITH_KNOTS('',3,(#19519,#19520,#19521,#19522,#19523,
#19524,#19525),.UNSPECIFIED.,.F.,.F.,(4,1,1,1,4),(0.00426190362412916,0.00462190672852798,
0.00498190983292679,0.00534191293732561,0.00570191604172442),
 .UNSPECIFIED.);
#457=B_SPLINE_CURVE_WITH_KNOTS('',3,(#19531,#19532,#19533,#19534,#19535,
#19536,#19537),.UNSPECIFIED.,.F.,.F.,(4,1,1,1,4),(0.00426190362412916,0.00462190672852798,
0.00498190983292679,0.00534191293732561,0.00570191604172442),
 .UNSPECIFIED.);
#458=B_SPLINE_CURVE_WITH_KNOTS('',3,(#19543,#19544,#19545,#19546,#19547,
#19548,#19549),.UNSPECIFIED.,.F.,.F.,(4,1,1,1,4),(0.00426190362412917,0.00462190672852798,
0.00498190983292679,0.00534191293732561,0.00570191604172443),
 .UNSPECIFIED.);
#459=B_SPLINE_CURVE_WITH_KNOTS('',3,(#19560,#19561,#19562,#19563,#19564,
#19565,#19566),.UNSPECIFIED.,.F.,.F.,(4,1,1,1,4),(0.00426190362412916,0.00462190672852798,
0.00498190983292679,0.00534191293732561,0.00570191604172442),
 .UNSPECIFIED.);
#460=B_SPLINE_CURVE_WITH_KNOTS('',3,(#21158,#21159,#21160,#21161),
 .UNSPECIFIED.,.F.,.F.,(4,4),(5.28040964334252E-18,0.000965183303668793),
 .UNSPECIFIED.);
#461=B_SPLINE_CURVE_WITH_KNOTS('',3,(#21162,#21163,#21164,#21165),
 .UNSPECIFIED.,.F.,.F.,(4,4),(3.46944695195361E-18,0.000965183303668793),
 .UNSPECIFIED.);
#462=B_SPLINE_CURVE_WITH_KNOTS('',3,(#21183,#21184,#21185,#21186),
 .UNSPECIFIED.,.F.,.F.,(4,4),(5.4856772946511E-18,0.000965183303668793),
 .UNSPECIFIED.);
#463=B_SPLINE_CURVE_WITH_KNOTS('',3,(#21187,#21188,#21189,#21190),
 .UNSPECIFIED.,.F.,.F.,(4,4),(3.46944695195361E-18,0.000965183303668793),
 .UNSPECIFIED.);
#464=B_SPLINE_CURVE_WITH_KNOTS('',3,(#21208,#21209,#21210,#21211),
 .UNSPECIFIED.,.F.,.F.,(4,4),(5.4856772946511E-18,0.000965183303668792),
 .UNSPECIFIED.);
#465=B_SPLINE_CURVE_WITH_KNOTS('',3,(#21212,#21213,#21214,#21215),
 .UNSPECIFIED.,.F.,.F.,(4,4),(1.73472347597681E-18,0.000965183303668792),
 .UNSPECIFIED.);
#466=B_SPLINE_CURVE_WITH_KNOTS('',3,(#21233,#21234,#21235,#21236),
 .UNSPECIFIED.,.F.,.F.,(4,4),(3.46944695195361E-18,0.000965183303668792),
 .UNSPECIFIED.);
#467=B_SPLINE_CURVE_WITH_KNOTS('',3,(#21237,#21238,#21239,#21240),
 .UNSPECIFIED.,.F.,.F.,(4,4),(3.46944695195361E-18,0.000965183303668792),
 .UNSPECIFIED.);
#468=B_SPLINE_CURVE_WITH_KNOTS('',3,(#21258,#21259,#21260,#21261),
 .UNSPECIFIED.,.F.,.F.,(4,4),(3.46944695195361E-18,0.000965183303668792),
 .UNSPECIFIED.);
#469=B_SPLINE_CURVE_WITH_KNOTS('',3,(#21262,#21263,#21264,#21265),
 .UNSPECIFIED.,.F.,.F.,(4,4),(3.46944695195361E-18,0.000965183303668792),
 .UNSPECIFIED.);
#470=CIRCLE('',#14256,0.3);
#471=CIRCLE('',#14259,4.);
#472=CIRCLE('',#14260,1.00000000000001);
#473=CIRCLE('',#14261,1.00000000000002);
#474=CIRCLE('',#14262,3.9999999999999);
#475=CIRCLE('',#14272,4.);
#476=CIRCLE('',#14273,1.00000000000001);
#477=CIRCLE('',#14274,1.00000000000002);
#478=CIRCLE('',#14275,3.9999999999999);
#479=CIRCLE('',#14285,4.);
#480=CIRCLE('',#14286,1.00000000000001);
#481=CIRCLE('',#14287,1.00000000000002);
#482=CIRCLE('',#14288,3.9999999999999);
#483=CIRCLE('',#14298,4.);
#484=CIRCLE('',#14299,1.00000000000001);
#485=CIRCLE('',#14300,1.00000000000002);
#486=CIRCLE('',#14301,3.9999999999999);
#487=CIRCLE('',#14310,0.4);
#488=CIRCLE('',#14311,0.399999999999999);
#489=CIRCLE('',#14313,0.4);
#490=CIRCLE('',#14314,0.399999999999999);
#491=CIRCLE('',#14316,0.4);
#492=CIRCLE('',#14317,0.399999999999999);
#493=CIRCLE('',#14319,0.4);
#494=CIRCLE('',#14320,0.399999999999999);
#495=CIRCLE('',#14323,4.);
#496=CIRCLE('',#14324,1.00000000000001);
#497=CIRCLE('',#14325,1.00000000000002);
#498=CIRCLE('',#14326,3.9999999999999);
#499=CIRCLE('',#14335,0.4);
#500=CIRCLE('',#14336,0.399999999999999);
#501=CIRCLE('',#14338,0.399999999999999);
#502=CIRCLE('',#14339,6.);
#503=CIRCLE('',#14340,1.6);
#504=CIRCLE('',#14342,0.399999999999999);
#505=CIRCLE('',#14343,1.6);
#506=CIRCLE('',#14344,6.);
#507=CIRCLE('',#14346,0.399999999999999);
#508=CIRCLE('',#14347,6.);
#509=CIRCLE('',#14348,1.6);
#510=CIRCLE('',#14350,0.399999999999999);
#511=CIRCLE('',#14351,1.6);
#512=CIRCLE('',#14352,6.);
#513=CIRCLE('',#14354,0.399999999999999);
#514=CIRCLE('',#14355,6.);
#515=CIRCLE('',#14356,1.6);
#516=CIRCLE('',#14358,0.399999999999999);
#517=CIRCLE('',#14359,1.6);
#518=CIRCLE('',#14360,6.);
#519=CIRCLE('',#14362,0.399999999999999);
#520=CIRCLE('',#14363,6.);
#521=CIRCLE('',#14364,1.6);
#522=CIRCLE('',#14366,0.399999999999999);
#523=CIRCLE('',#14367,1.6);
#524=CIRCLE('',#14368,6.);
#525=CIRCLE('',#14370,0.399999999999999);
#526=CIRCLE('',#14371,6.);
#527=CIRCLE('',#14372,1.6);
#528=CIRCLE('',#14374,0.399999999999999);
#529=CIRCLE('',#14375,1.6);
#530=CIRCLE('',#14376,6.);
#531=CIRCLE('',#14378,0.300000000000003);
#532=CIRCLE('',#14379,0.300000000000003);
#533=CIRCLE('',#14381,0.300000000000003);
#534=CIRCLE('',#14382,0.300000000000003);
#535=CIRCLE('',#14384,0.300000000000003);
#536=CIRCLE('',#14385,0.300000000000003);
#537=CIRCLE('',#14387,0.300000000000003);
#538=CIRCLE('',#14388,0.300000000000003);
#539=CIRCLE('',#14390,0.300000000000003);
#540=CIRCLE('',#14391,0.300000000000003);
#541=CIRCLE('',#14393,1.22320508075689);
#542=CIRCLE('',#14394,1.22320508075689);
#543=CIRCLE('',#14395,1.22320508075689);
#544=CIRCLE('',#14396,1.22320508075689);
#545=CIRCLE('',#14397,1.22320508075689);
#546=CIRCLE('',#14398,0.299999999999999);
#547=CIRCLE('',#14399,0.299999999999999);
#548=CIRCLE('',#14400,0.299999999999999);
#549=CIRCLE('',#14401,0.299999999999999);
#550=CIRCLE('',#14402,0.299999999999999);
#551=CIRCLE('',#14403,0.299999999999999);
#552=CIRCLE('',#14404,0.299999999999999);
#553=CIRCLE('',#14405,0.299999999999999);
#554=CIRCLE('',#14406,0.299999999999999);
#555=CIRCLE('',#14407,0.299999999999999);
#556=CIRCLE('',#14408,0.200000000000001);
#557=CIRCLE('',#14409,0.200000000000001);
#558=CIRCLE('',#14410,0.200000000000001);
#559=CIRCLE('',#14411,0.200000000000001);
#560=CIRCLE('',#14412,0.200000000000001);
#561=CIRCLE('',#14415,0.300000000000003);
#562=CIRCLE('',#14416,0.300000000000003);
#563=CIRCLE('',#14428,1.8);
#564=CIRCLE('',#14429,0.3);
#565=CIRCLE('',#14430,1.9);
#566=CIRCLE('',#14433,1.8);
#567=CIRCLE('',#14434,0.3);
#568=CIRCLE('',#14435,1.9);
#569=CIRCLE('',#14438,1.8);
#570=CIRCLE('',#14439,0.3);
#571=CIRCLE('',#14440,1.9);
#572=CIRCLE('',#14443,1.8);
#573=CIRCLE('',#14444,0.3);
#574=CIRCLE('',#14445,1.9);
#575=CIRCLE('',#14448,1.8);
#576=CIRCLE('',#14449,0.3);
#577=CIRCLE('',#14450,1.9);
#578=CIRCLE('',#14453,1.8);
#579=CIRCLE('',#14454,1.7);
#580=CIRCLE('',#14457,1.8);
#581=CIRCLE('',#14458,1.7);
#582=CIRCLE('',#14461,1.8);
#583=CIRCLE('',#14462,1.7);
#584=CIRCLE('',#14465,1.8);
#585=CIRCLE('',#14466,1.7);
#586=CIRCLE('',#14469,1.8);
#587=CIRCLE('',#14470,1.7);
#588=CIRCLE('',#14473,1.9);
#589=CIRCLE('',#14474,1.4);
#590=CIRCLE('',#14475,0.200000000000007);
#591=CIRCLE('',#14477,1.9);
#592=CIRCLE('',#14478,1.4);
#593=CIRCLE('',#14479,0.200000000000007);
#594=CIRCLE('',#14481,1.9);
#595=CIRCLE('',#14482,1.4);
#596=CIRCLE('',#14483,0.200000000000007);
#597=CIRCLE('',#14485,1.9);
#598=CIRCLE('',#14486,1.4);
#599=CIRCLE('',#14487,0.200000000000007);
#600=CIRCLE('',#14489,1.9);
#601=CIRCLE('',#14490,1.4);
#602=CIRCLE('',#14491,0.200000000000007);
#603=CIRCLE('',#14493,0.3);
#604=CIRCLE('',#14495,0.3);
#605=CIRCLE('',#14497,0.3);
#606=CIRCLE('',#14499,0.3);
#607=CIRCLE('',#14501,0.3);
#608=CIRCLE('',#14502,0.3);
#609=CIRCLE('',#14504,0.300000000000002);
#610=CIRCLE('',#14505,0.300000000000002);
#611=CIRCLE('',#14508,0.3);
#612=CIRCLE('',#14511,0.500000000000005);
#613=CIRCLE('',#14512,0.500000000000005);
#614=CIRCLE('',#14514,0.473205080756889);
#615=CIRCLE('',#14515,0.026794919243111);
#616=CIRCLE('',#14516,0.673205080756886);
#617=CIRCLE('',#14517,0.673205080756889);
#618=CIRCLE('',#14518,0.673205080756889);
#619=CIRCLE('',#14519,0.673205080756882);
#620=CIRCLE('',#14520,0.67320508075689);
#621=CIRCLE('',#14521,0.0267949192431119);
#622=CIRCLE('',#14522,0.473205080756888);
#623=CIRCLE('',#14523,0.473205080756889);
#624=CIRCLE('',#14524,0.026794919243111);
#625=CIRCLE('',#14525,0.673205080756886);
#626=CIRCLE('',#14526,0.673205080756889);
#627=CIRCLE('',#14527,0.673205080756889);
#628=CIRCLE('',#14528,0.673205080756882);
#629=CIRCLE('',#14529,0.67320508075689);
#630=CIRCLE('',#14530,0.0267949192431119);
#631=CIRCLE('',#14531,0.473205080756888);
#632=CIRCLE('',#14532,0.473205080756889);
#633=CIRCLE('',#14533,0.026794919243111);
#634=CIRCLE('',#14534,0.673205080756886);
#635=CIRCLE('',#14535,0.673205080756889);
#636=CIRCLE('',#14536,0.673205080756889);
#637=CIRCLE('',#14537,0.673205080756882);
#638=CIRCLE('',#14538,0.67320508075689);
#639=CIRCLE('',#14539,0.0267949192431119);
#640=CIRCLE('',#14540,0.473205080756888);
#641=CIRCLE('',#14541,0.473205080756889);
#642=CIRCLE('',#14542,0.026794919243111);
#643=CIRCLE('',#14543,0.673205080756886);
#644=CIRCLE('',#14544,0.673205080756889);
#645=CIRCLE('',#14545,0.673205080756889);
#646=CIRCLE('',#14546,0.673205080756882);
#647=CIRCLE('',#14547,0.67320508075689);
#648=CIRCLE('',#14548,0.0267949192431119);
#649=CIRCLE('',#14549,0.473205080756888);
#650=CIRCLE('',#14550,0.473205080756889);
#651=CIRCLE('',#14551,0.026794919243111);
#652=CIRCLE('',#14552,0.673205080756886);
#653=CIRCLE('',#14553,0.673205080756889);
#654=CIRCLE('',#14554,0.673205080756889);
#655=CIRCLE('',#14555,0.673205080756882);
#656=CIRCLE('',#14556,0.67320508075689);
#657=CIRCLE('',#14557,0.0267949192431119);
#658=CIRCLE('',#14558,0.473205080756888);
#659=CIRCLE('',#14560,0.299999999999991);
#660=CIRCLE('',#14561,0.299999999999991);
#661=CIRCLE('',#14563,0.199999999999994);
#662=CIRCLE('',#14564,0.199999999999998);
#663=CIRCLE('',#14565,0.3);
#664=CIRCLE('',#14566,0.300000000000002);
#665=CIRCLE('',#14567,1.);
#666=CIRCLE('',#14568,0.4);
#667=CIRCLE('',#14569,0.8);
#668=CIRCLE('',#14572,1.7);
#669=CIRCLE('',#14573,1.5);
#670=CIRCLE('',#14574,1.40000000000001);
#671=CIRCLE('',#14576,1.4);
#672=CIRCLE('',#14577,1.5);
#673=CIRCLE('',#14578,0.200000000000007);
#674=CIRCLE('',#14579,1.4);
#675=CIRCLE('',#14580,1.40000000000001);
#676=CIRCLE('',#14581,1.5);
#677=CIRCLE('',#14582,1.4);
#678=CIRCLE('',#14590,1.7);
#679=CIRCLE('',#14591,1.5);
#680=CIRCLE('',#14592,1.40000000000001);
#681=CIRCLE('',#14594,1.4);
#682=CIRCLE('',#14595,1.5);
#683=CIRCLE('',#14596,0.200000000000007);
#684=CIRCLE('',#14597,1.4);
#685=CIRCLE('',#14598,1.40000000000001);
#686=CIRCLE('',#14599,1.5);
#687=CIRCLE('',#14600,1.4);
#688=CIRCLE('',#14608,1.7);
#689=CIRCLE('',#14609,1.5);
#690=CIRCLE('',#14610,1.40000000000001);
#691=CIRCLE('',#14612,1.4);
#692=CIRCLE('',#14613,1.5);
#693=CIRCLE('',#14614,0.200000000000007);
#694=CIRCLE('',#14615,1.4);
#695=CIRCLE('',#14616,1.40000000000001);
#696=CIRCLE('',#14617,1.5);
#697=CIRCLE('',#14618,1.4);
#698=CIRCLE('',#14626,1.7);
#699=CIRCLE('',#14627,1.5);
#700=CIRCLE('',#14628,1.40000000000001);
#701=CIRCLE('',#14630,1.4);
#702=CIRCLE('',#14631,1.5);
#703=CIRCLE('',#14632,0.200000000000007);
#704=CIRCLE('',#14633,1.4);
#705=CIRCLE('',#14634,1.40000000000001);
#706=CIRCLE('',#14635,1.5);
#707=CIRCLE('',#14636,1.4);
#708=CIRCLE('',#14644,1.7);
#709=CIRCLE('',#14645,1.5);
#710=CIRCLE('',#14646,1.40000000000001);
#711=CIRCLE('',#14648,1.4);
#712=CIRCLE('',#14649,1.5);
#713=CIRCLE('',#14650,0.200000000000007);
#714=CIRCLE('',#14651,1.4);
#715=CIRCLE('',#14652,1.40000000000001);
#716=CIRCLE('',#14653,1.5);
#717=CIRCLE('',#14654,1.4);
#718=CIRCLE('',#14672,1.4);
#719=CIRCLE('',#14675,1.4);
#720=CIRCLE('',#14678,1.4);
#721=CIRCLE('',#14681,1.4);
#722=CIRCLE('',#14684,1.4);
#723=CIRCLE('',#14737,1.05);
#724=CIRCLE('',#14739,1.05);
#725=CIRCLE('',#14742,1.05);
#726=CIRCLE('',#14744,1.05);
#727=CIRCLE('',#14747,1.05);
#728=CIRCLE('',#14749,1.05);
#729=CIRCLE('',#14752,1.05);
#730=CIRCLE('',#14754,1.05);
#731=CIRCLE('',#14757,1.05);
#732=CIRCLE('',#14759,1.05);
#733=CIRCLE('',#14765,0.299999999999999);
#734=CIRCLE('',#14768,0.299999999999999);
#735=CIRCLE('',#14774,0.299999999999999);
#736=CIRCLE('',#14777,0.299999999999999);
#737=CIRCLE('',#14783,0.299999999999999);
#738=CIRCLE('',#14786,0.299999999999999);
#739=CIRCLE('',#14792,0.299999999999999);
#740=CIRCLE('',#14795,0.299999999999999);
#741=CIRCLE('',#14801,0.299999999999999);
#742=CIRCLE('',#14804,0.299999999999999);
#743=CIRCLE('',#14808,0.299999999999999);
#744=CIRCLE('',#14811,0.200000000000001);
#745=CIRCLE('',#14813,0.500000000000001);
#746=CIRCLE('',#14816,0.499999999999993);
#747=CIRCLE('',#14819,0.5);
#748=CIRCLE('',#14822,0.5);
#749=CIRCLE('',#14827,0.499999999999998);
#750=CIRCLE('',#14830,0.2);
#751=CIRCLE('',#14833,0.3);
#752=CIRCLE('',#14835,0.299999999999999);
#753=CIRCLE('',#14836,0.200000000000003);
#754=CIRCLE('',#14837,0.500000000000002);
#755=CIRCLE('',#14838,0.499999999999993);
#756=CIRCLE('',#14839,0.500000000000001);
#757=CIRCLE('',#14840,0.5);
#758=CIRCLE('',#14841,0.499999999999998);
#759=CIRCLE('',#14842,0.2);
#760=CIRCLE('',#14843,0.3);
#761=CIRCLE('',#14865,0.299999999999999);
#762=CIRCLE('',#14868,0.200000000000001);
#763=CIRCLE('',#14870,0.500000000000001);
#764=CIRCLE('',#14873,0.499999999999993);
#765=CIRCLE('',#14876,0.5);
#766=CIRCLE('',#14879,0.5);
#767=CIRCLE('',#14884,0.499999999999998);
#768=CIRCLE('',#14887,0.2);
#769=CIRCLE('',#14890,0.3);
#770=CIRCLE('',#14893,0.299999999999999);
#771=CIRCLE('',#14896,0.200000000000001);
#772=CIRCLE('',#14898,0.500000000000001);
#773=CIRCLE('',#14901,0.499999999999993);
#774=CIRCLE('',#14904,0.5);
#775=CIRCLE('',#14907,0.5);
#776=CIRCLE('',#14912,0.499999999999998);
#777=CIRCLE('',#14915,0.2);
#778=CIRCLE('',#14918,0.3);
#779=CIRCLE('',#14921,0.299999999999999);
#780=CIRCLE('',#14924,0.200000000000001);
#781=CIRCLE('',#14926,0.500000000000001);
#782=CIRCLE('',#14929,0.499999999999993);
#783=CIRCLE('',#14932,0.5);
#784=CIRCLE('',#14935,0.5);
#785=CIRCLE('',#14940,0.499999999999998);
#786=CIRCLE('',#14943,0.2);
#787=CIRCLE('',#14946,0.3);
#788=CIRCLE('',#14949,0.299999999999999);
#789=CIRCLE('',#14952,0.200000000000001);
#790=CIRCLE('',#14954,0.500000000000001);
#791=CIRCLE('',#14957,0.499999999999993);
#792=CIRCLE('',#14960,0.5);
#793=CIRCLE('',#14963,0.5);
#794=CIRCLE('',#14968,0.499999999999998);
#795=CIRCLE('',#14971,0.2);
#796=CIRCLE('',#14974,0.3);
#797=CIRCLE('',#14976,0.299999999999999);
#798=CIRCLE('',#14977,0.200000000000003);
#799=CIRCLE('',#14978,0.500000000000002);
#800=CIRCLE('',#14979,0.499999999999993);
#801=CIRCLE('',#14980,0.500000000000001);
#802=CIRCLE('',#14981,0.5);
#803=CIRCLE('',#14982,0.499999999999998);
#804=CIRCLE('',#14983,0.2);
#805=CIRCLE('',#14984,0.3);
#806=CIRCLE('',#15005,0.299999999999999);
#807=CIRCLE('',#15006,0.200000000000003);
#808=CIRCLE('',#15007,0.500000000000002);
#809=CIRCLE('',#15008,0.499999999999993);
#810=CIRCLE('',#15009,0.500000000000001);
#811=CIRCLE('',#15010,0.5);
#812=CIRCLE('',#15011,0.499999999999998);
#813=CIRCLE('',#15012,0.2);
#814=CIRCLE('',#15013,0.3);
#815=CIRCLE('',#15034,0.299999999999999);
#816=CIRCLE('',#15035,0.200000000000003);
#817=CIRCLE('',#15036,0.500000000000002);
#818=CIRCLE('',#15037,0.499999999999993);
#819=CIRCLE('',#15038,0.500000000000001);
#820=CIRCLE('',#15039,0.5);
#821=CIRCLE('',#15040,0.499999999999998);
#822=CIRCLE('',#15041,0.2);
#823=CIRCLE('',#15042,0.3);
#824=CIRCLE('',#15063,0.299999999999999);
#825=CIRCLE('',#15064,0.200000000000003);
#826=CIRCLE('',#15065,0.500000000000002);
#827=CIRCLE('',#15066,0.499999999999993);
#828=CIRCLE('',#15067,0.500000000000001);
#829=CIRCLE('',#15068,0.5);
#830=CIRCLE('',#15069,0.499999999999998);
#831=CIRCLE('',#15070,0.2);
#832=CIRCLE('',#15071,0.3);
#833=CIRCLE('',#15094,0.200000000000001);
#834=CIRCLE('',#15100,0.200000000000001);
#835=CIRCLE('',#15106,0.200000000000001);
#836=CIRCLE('',#15112,0.200000000000001);
#837=CIRCLE('',#15118,0.200000000000001);
#838=CIRCLE('',#15128,0.4);
#839=CIRCLE('',#15136,0.4);
#840=CIRCLE('',#15144,0.4);
#841=CIRCLE('',#15152,0.4);
#842=CIRCLE('',#15160,0.4);
#843=CIRCLE('',#15163,0.399999999999999);
#844=CIRCLE('',#15167,0.399999999999999);
#845=CIRCLE('',#15171,0.399999999999999);
#846=CIRCLE('',#15175,0.399999999999999);
#847=CIRCLE('',#15179,0.399999999999999);
#848=CIRCLE('',#15213,0.8);
#849=CIRCLE('',#15216,0.4);
#850=CIRCLE('',#15219,1.);
#851=CIRCLE('',#15236,0.499999999999999);
#852=CIRCLE('',#15239,0.0999999999999979);
#853=CIRCLE('',#15242,0.699999999999999);
#854=ELLIPSE('',#14255,0.304627983565724,0.3);
#855=ELLIPSE('',#14264,1.30540728933229,1.00000000000001);
#856=ELLIPSE('',#14265,5.22162915732912,4.);
#857=ELLIPSE('',#14266,5.22162915732898,3.9999999999999);
#858=ELLIPSE('',#14267,1.3054072893323,1.00000000000002);
#859=ELLIPSE('',#14268,6.52703644666143,5.00000000000003);
#860=ELLIPSE('',#14269,6.52703644666143,5.00000000000003);
#861=ELLIPSE('',#14277,1.30540728933229,1.00000000000001);
#862=ELLIPSE('',#14278,5.22162915732912,4.);
#863=ELLIPSE('',#14279,5.22162915732898,3.9999999999999);
#864=ELLIPSE('',#14280,1.3054072893323,1.00000000000002);
#865=ELLIPSE('',#14281,6.52703644666143,5.00000000000003);
#866=ELLIPSE('',#14282,6.52703644666143,5.00000000000003);
#867=ELLIPSE('',#14290,1.30540728933229,1.00000000000001);
#868=ELLIPSE('',#14291,5.22162915732912,4.);
#869=ELLIPSE('',#14292,5.22162915732898,3.9999999999999);
#870=ELLIPSE('',#14293,1.3054072893323,1.00000000000002);
#871=ELLIPSE('',#14294,6.52703644666143,5.00000000000003);
#872=ELLIPSE('',#14295,6.52703644666143,5.00000000000003);
#873=ELLIPSE('',#14303,1.30540728933229,1.00000000000001);
#874=ELLIPSE('',#14304,5.22162915732912,4.);
#875=ELLIPSE('',#14305,5.22162915732898,3.9999999999999);
#876=ELLIPSE('',#14306,1.3054072893323,1.00000000000002);
#877=ELLIPSE('',#14307,6.52703644666143,5.00000000000003);
#878=ELLIPSE('',#14308,6.52703644666143,5.00000000000003);
#879=ELLIPSE('',#14328,1.30540728933229,1.00000000000001);
#880=ELLIPSE('',#14329,5.22162915732912,4.);
#881=ELLIPSE('',#14330,5.22162915732898,3.9999999999999);
#882=ELLIPSE('',#14331,1.3054072893323,1.00000000000002);
#883=ELLIPSE('',#14332,6.52703644666143,5.00000000000003);
#884=ELLIPSE('',#14333,6.52703644666143,5.00000000000003);
#885=ELLIPSE('',#15222,0.203085322377147,0.199999999999998);
#886=ELLIPSE('',#15225,0.203085322377143,0.199999999999994);
#887=ELLIPSE('',#15228,0.304627983565725,0.300000000000002);
#888=ELLIPSE('',#15231,0.304627983565724,0.3);
#889=ORIENTED_EDGE('',*,*,#3849,.F.);
#890=ORIENTED_EDGE('',*,*,#3850,.T.);
#891=ORIENTED_EDGE('',*,*,#3851,.T.);
#892=ORIENTED_EDGE('',*,*,#3852,.T.);
#893=ORIENTED_EDGE('',*,*,#3853,.F.);
#894=ORIENTED_EDGE('',*,*,#3854,.T.);
#895=ORIENTED_EDGE('',*,*,#3855,.T.);
#896=ORIENTED_EDGE('',*,*,#3856,.T.);
#897=ORIENTED_EDGE('',*,*,#3857,.T.);
#898=ORIENTED_EDGE('',*,*,#3858,.F.);
#899=ORIENTED_EDGE('',*,*,#3859,.F.);
#900=ORIENTED_EDGE('',*,*,#3860,.F.);
#901=ORIENTED_EDGE('',*,*,#3853,.T.);
#902=ORIENTED_EDGE('',*,*,#3861,.F.);
#903=ORIENTED_EDGE('',*,*,#3862,.F.);
#904=ORIENTED_EDGE('',*,*,#3863,.T.);
#905=ORIENTED_EDGE('',*,*,#3864,.F.);
#906=ORIENTED_EDGE('',*,*,#3865,.T.);
#907=ORIENTED_EDGE('',*,*,#3866,.F.);
#908=ORIENTED_EDGE('',*,*,#3867,.F.);
#909=ORIENTED_EDGE('',*,*,#3868,.F.);
#910=ORIENTED_EDGE('',*,*,#3869,.T.);
#911=ORIENTED_EDGE('',*,*,#3870,.T.);
#912=ORIENTED_EDGE('',*,*,#3871,.F.);
#913=ORIENTED_EDGE('',*,*,#3872,.T.);
#914=ORIENTED_EDGE('',*,*,#3873,.T.);
#915=ORIENTED_EDGE('',*,*,#3874,.T.);
#916=ORIENTED_EDGE('',*,*,#3875,.T.);
#917=ORIENTED_EDGE('',*,*,#3876,.T.);
#918=ORIENTED_EDGE('',*,*,#3877,.F.);
#919=ORIENTED_EDGE('',*,*,#3878,.T.);
#920=ORIENTED_EDGE('',*,*,#3879,.F.);
#921=ORIENTED_EDGE('',*,*,#3880,.T.);
#922=ORIENTED_EDGE('',*,*,#3881,.T.);
#923=ORIENTED_EDGE('',*,*,#3882,.T.);
#924=ORIENTED_EDGE('',*,*,#3883,.T.);
#925=ORIENTED_EDGE('',*,*,#3884,.F.);
#926=ORIENTED_EDGE('',*,*,#3885,.F.);
#927=ORIENTED_EDGE('',*,*,#3886,.F.);
#928=ORIENTED_EDGE('',*,*,#3879,.T.);
#929=ORIENTED_EDGE('',*,*,#3887,.F.);
#930=ORIENTED_EDGE('',*,*,#3888,.F.);
#931=ORIENTED_EDGE('',*,*,#3889,.T.);
#932=ORIENTED_EDGE('',*,*,#3890,.F.);
#933=ORIENTED_EDGE('',*,*,#3891,.T.);
#934=ORIENTED_EDGE('',*,*,#3892,.F.);
#935=ORIENTED_EDGE('',*,*,#3893,.F.);
#936=ORIENTED_EDGE('',*,*,#3894,.F.);
#937=ORIENTED_EDGE('',*,*,#3895,.T.);
#938=ORIENTED_EDGE('',*,*,#3896,.T.);
#939=ORIENTED_EDGE('',*,*,#3897,.F.);
#940=ORIENTED_EDGE('',*,*,#3898,.T.);
#941=ORIENTED_EDGE('',*,*,#3899,.T.);
#942=ORIENTED_EDGE('',*,*,#3900,.T.);
#943=ORIENTED_EDGE('',*,*,#3901,.T.);
#944=ORIENTED_EDGE('',*,*,#3902,.T.);
#945=ORIENTED_EDGE('',*,*,#3903,.F.);
#946=ORIENTED_EDGE('',*,*,#3904,.T.);
#947=ORIENTED_EDGE('',*,*,#3905,.F.);
#948=ORIENTED_EDGE('',*,*,#3906,.T.);
#949=ORIENTED_EDGE('',*,*,#3907,.T.);
#950=ORIENTED_EDGE('',*,*,#3908,.T.);
#951=ORIENTED_EDGE('',*,*,#3909,.T.);
#952=ORIENTED_EDGE('',*,*,#3910,.F.);
#953=ORIENTED_EDGE('',*,*,#3911,.F.);
#954=ORIENTED_EDGE('',*,*,#3912,.F.);
#955=ORIENTED_EDGE('',*,*,#3905,.T.);
#956=ORIENTED_EDGE('',*,*,#3913,.F.);
#957=ORIENTED_EDGE('',*,*,#3914,.F.);
#958=ORIENTED_EDGE('',*,*,#3915,.T.);
#959=ORIENTED_EDGE('',*,*,#3916,.F.);
#960=ORIENTED_EDGE('',*,*,#3917,.T.);
#961=ORIENTED_EDGE('',*,*,#3918,.F.);
#962=ORIENTED_EDGE('',*,*,#3919,.F.);
#963=ORIENTED_EDGE('',*,*,#3920,.F.);
#964=ORIENTED_EDGE('',*,*,#3921,.T.);
#965=ORIENTED_EDGE('',*,*,#3922,.T.);
#966=ORIENTED_EDGE('',*,*,#3923,.F.);
#967=ORIENTED_EDGE('',*,*,#3924,.T.);
#968=ORIENTED_EDGE('',*,*,#3925,.T.);
#969=ORIENTED_EDGE('',*,*,#3926,.T.);
#970=ORIENTED_EDGE('',*,*,#3927,.T.);
#971=ORIENTED_EDGE('',*,*,#3928,.T.);
#972=ORIENTED_EDGE('',*,*,#3929,.F.);
#973=ORIENTED_EDGE('',*,*,#3930,.T.);
#974=ORIENTED_EDGE('',*,*,#3931,.F.);
#975=ORIENTED_EDGE('',*,*,#3932,.T.);
#976=ORIENTED_EDGE('',*,*,#3933,.T.);
#977=ORIENTED_EDGE('',*,*,#3934,.T.);
#978=ORIENTED_EDGE('',*,*,#3935,.T.);
#979=ORIENTED_EDGE('',*,*,#3936,.F.);
#980=ORIENTED_EDGE('',*,*,#3937,.F.);
#981=ORIENTED_EDGE('',*,*,#3938,.F.);
#982=ORIENTED_EDGE('',*,*,#3931,.T.);
#983=ORIENTED_EDGE('',*,*,#3939,.F.);
#984=ORIENTED_EDGE('',*,*,#3940,.F.);
#985=ORIENTED_EDGE('',*,*,#3941,.T.);
#986=ORIENTED_EDGE('',*,*,#3942,.F.);
#987=ORIENTED_EDGE('',*,*,#3943,.T.);
#988=ORIENTED_EDGE('',*,*,#3944,.F.);
#989=ORIENTED_EDGE('',*,*,#3945,.F.);
#990=ORIENTED_EDGE('',*,*,#3946,.F.);
#991=ORIENTED_EDGE('',*,*,#3947,.T.);
#992=ORIENTED_EDGE('',*,*,#3948,.T.);
#993=ORIENTED_EDGE('',*,*,#3949,.F.);
#994=ORIENTED_EDGE('',*,*,#3950,.T.);
#995=ORIENTED_EDGE('',*,*,#3951,.T.);
#996=ORIENTED_EDGE('',*,*,#3952,.T.);
#997=ORIENTED_EDGE('',*,*,#3953,.T.);
#998=ORIENTED_EDGE('',*,*,#3954,.T.);
#999=ORIENTED_EDGE('',*,*,#3955,.F.);
#1000=ORIENTED_EDGE('',*,*,#3956,.T.);
#1001=ORIENTED_EDGE('',*,*,#3957,.F.);
#1002=ORIENTED_EDGE('',*,*,#3873,.F.);
#1003=ORIENTED_EDGE('',*,*,#3958,.F.);
#1004=ORIENTED_EDGE('',*,*,#3959,.F.);
#1005=ORIENTED_EDGE('',*,*,#3960,.F.);
#1006=ORIENTED_EDGE('',*,*,#3863,.F.);
#1007=ORIENTED_EDGE('',*,*,#3961,.F.);
#1008=ORIENTED_EDGE('',*,*,#3899,.F.);
#1009=ORIENTED_EDGE('',*,*,#3962,.F.);
#1010=ORIENTED_EDGE('',*,*,#3963,.F.);
#1011=ORIENTED_EDGE('',*,*,#3964,.F.);
#1012=ORIENTED_EDGE('',*,*,#3889,.F.);
#1013=ORIENTED_EDGE('',*,*,#3965,.F.);
#1014=ORIENTED_EDGE('',*,*,#3925,.F.);
#1015=ORIENTED_EDGE('',*,*,#3966,.F.);
#1016=ORIENTED_EDGE('',*,*,#3967,.F.);
#1017=ORIENTED_EDGE('',*,*,#3968,.F.);
#1018=ORIENTED_EDGE('',*,*,#3915,.F.);
#1019=ORIENTED_EDGE('',*,*,#3969,.F.);
#1020=ORIENTED_EDGE('',*,*,#3951,.F.);
#1021=ORIENTED_EDGE('',*,*,#3970,.F.);
#1022=ORIENTED_EDGE('',*,*,#3971,.F.);
#1023=ORIENTED_EDGE('',*,*,#3972,.F.);
#1024=ORIENTED_EDGE('',*,*,#3941,.F.);
#1025=ORIENTED_EDGE('',*,*,#3973,.F.);
#1026=ORIENTED_EDGE('',*,*,#3974,.T.);
#1027=ORIENTED_EDGE('',*,*,#3975,.T.);
#1028=ORIENTED_EDGE('',*,*,#3976,.T.);
#1029=ORIENTED_EDGE('',*,*,#3977,.T.);
#1030=ORIENTED_EDGE('',*,*,#3978,.F.);
#1031=ORIENTED_EDGE('',*,*,#3979,.F.);
#1032=ORIENTED_EDGE('',*,*,#3980,.F.);
#1033=ORIENTED_EDGE('',*,*,#3973,.T.);
#1034=ORIENTED_EDGE('',*,*,#3981,.F.);
#1035=ORIENTED_EDGE('',*,*,#3982,.F.);
#1036=ORIENTED_EDGE('',*,*,#3983,.T.);
#1037=ORIENTED_EDGE('',*,*,#3984,.F.);
#1038=ORIENTED_EDGE('',*,*,#3985,.T.);
#1039=ORIENTED_EDGE('',*,*,#3986,.F.);
#1040=ORIENTED_EDGE('',*,*,#3987,.F.);
#1041=ORIENTED_EDGE('',*,*,#3988,.F.);
#1042=ORIENTED_EDGE('',*,*,#3989,.T.);
#1043=ORIENTED_EDGE('',*,*,#3990,.T.);
#1044=ORIENTED_EDGE('',*,*,#3991,.F.);
#1045=ORIENTED_EDGE('',*,*,#3992,.T.);
#1046=ORIENTED_EDGE('',*,*,#3993,.T.);
#1047=ORIENTED_EDGE('',*,*,#3994,.T.);
#1048=ORIENTED_EDGE('',*,*,#3995,.T.);
#1049=ORIENTED_EDGE('',*,*,#3996,.T.);
#1050=ORIENTED_EDGE('',*,*,#3997,.F.);
#1051=ORIENTED_EDGE('',*,*,#3998,.T.);
#1052=ORIENTED_EDGE('',*,*,#3999,.F.);
#1053=ORIENTED_EDGE('',*,*,#3993,.F.);
#1054=ORIENTED_EDGE('',*,*,#4000,.F.);
#1055=ORIENTED_EDGE('',*,*,#4001,.F.);
#1056=ORIENTED_EDGE('',*,*,#4002,.F.);
#1057=ORIENTED_EDGE('',*,*,#3983,.F.);
#1058=ORIENTED_EDGE('',*,*,#4003,.T.);
#1059=ORIENTED_EDGE('',*,*,#4004,.T.);
#1060=ORIENTED_EDGE('',*,*,#3945,.T.);
#1061=ORIENTED_EDGE('',*,*,#4005,.T.);
#1062=ORIENTED_EDGE('',*,*,#4006,.T.);
#1063=ORIENTED_EDGE('',*,*,#4007,.F.);
#1064=ORIENTED_EDGE('',*,*,#4008,.F.);
#1065=ORIENTED_EDGE('',*,*,#4009,.T.);
#1066=ORIENTED_EDGE('',*,*,#4010,.F.);
#1067=ORIENTED_EDGE('',*,*,#4011,.F.);
#1068=ORIENTED_EDGE('',*,*,#4012,.F.);
#1069=ORIENTED_EDGE('',*,*,#4013,.T.);
#1070=ORIENTED_EDGE('',*,*,#4014,.T.);
#1071=ORIENTED_EDGE('',*,*,#4015,.F.);
#1072=ORIENTED_EDGE('',*,*,#4016,.F.);
#1073=ORIENTED_EDGE('',*,*,#3943,.F.);
#1074=ORIENTED_EDGE('',*,*,#4017,.T.);
#1075=ORIENTED_EDGE('',*,*,#4018,.T.);
#1076=ORIENTED_EDGE('',*,*,#3919,.T.);
#1077=ORIENTED_EDGE('',*,*,#4019,.T.);
#1078=ORIENTED_EDGE('',*,*,#4020,.T.);
#1079=ORIENTED_EDGE('',*,*,#4021,.F.);
#1080=ORIENTED_EDGE('',*,*,#4022,.F.);
#1081=ORIENTED_EDGE('',*,*,#4023,.T.);
#1082=ORIENTED_EDGE('',*,*,#4024,.F.);
#1083=ORIENTED_EDGE('',*,*,#4025,.F.);
#1084=ORIENTED_EDGE('',*,*,#4026,.F.);
#1085=ORIENTED_EDGE('',*,*,#4027,.T.);
#1086=ORIENTED_EDGE('',*,*,#4028,.T.);
#1087=ORIENTED_EDGE('',*,*,#4029,.F.);
#1088=ORIENTED_EDGE('',*,*,#4030,.F.);
#1089=ORIENTED_EDGE('',*,*,#3917,.F.);
#1090=ORIENTED_EDGE('',*,*,#4031,.T.);
#1091=ORIENTED_EDGE('',*,*,#4032,.T.);
#1092=ORIENTED_EDGE('',*,*,#3893,.T.);
#1093=ORIENTED_EDGE('',*,*,#4033,.T.);
#1094=ORIENTED_EDGE('',*,*,#4034,.T.);
#1095=ORIENTED_EDGE('',*,*,#4035,.F.);
#1096=ORIENTED_EDGE('',*,*,#4036,.F.);
#1097=ORIENTED_EDGE('',*,*,#4037,.T.);
#1098=ORIENTED_EDGE('',*,*,#4038,.F.);
#1099=ORIENTED_EDGE('',*,*,#4039,.F.);
#1100=ORIENTED_EDGE('',*,*,#4040,.F.);
#1101=ORIENTED_EDGE('',*,*,#4041,.T.);
#1102=ORIENTED_EDGE('',*,*,#4042,.T.);
#1103=ORIENTED_EDGE('',*,*,#4043,.F.);
#1104=ORIENTED_EDGE('',*,*,#4044,.F.);
#1105=ORIENTED_EDGE('',*,*,#3891,.F.);
#1106=ORIENTED_EDGE('',*,*,#4045,.T.);
#1107=ORIENTED_EDGE('',*,*,#4046,.T.);
#1108=ORIENTED_EDGE('',*,*,#3867,.T.);
#1109=ORIENTED_EDGE('',*,*,#4047,.T.);
#1110=ORIENTED_EDGE('',*,*,#4048,.T.);
#1111=ORIENTED_EDGE('',*,*,#4049,.F.);
#1112=ORIENTED_EDGE('',*,*,#4050,.F.);
#1113=ORIENTED_EDGE('',*,*,#4051,.T.);
#1114=ORIENTED_EDGE('',*,*,#4052,.F.);
#1115=ORIENTED_EDGE('',*,*,#4053,.F.);
#1116=ORIENTED_EDGE('',*,*,#4054,.F.);
#1117=ORIENTED_EDGE('',*,*,#4055,.T.);
#1118=ORIENTED_EDGE('',*,*,#4056,.T.);
#1119=ORIENTED_EDGE('',*,*,#4057,.F.);
#1120=ORIENTED_EDGE('',*,*,#4058,.F.);
#1121=ORIENTED_EDGE('',*,*,#3865,.F.);
#1122=ORIENTED_EDGE('',*,*,#4059,.T.);
#1123=ORIENTED_EDGE('',*,*,#4060,.T.);
#1124=ORIENTED_EDGE('',*,*,#3987,.T.);
#1125=ORIENTED_EDGE('',*,*,#4061,.T.);
#1126=ORIENTED_EDGE('',*,*,#4062,.T.);
#1127=ORIENTED_EDGE('',*,*,#4063,.F.);
#1128=ORIENTED_EDGE('',*,*,#4064,.F.);
#1129=ORIENTED_EDGE('',*,*,#4065,.T.);
#1130=ORIENTED_EDGE('',*,*,#4066,.F.);
#1131=ORIENTED_EDGE('',*,*,#4067,.F.);
#1132=ORIENTED_EDGE('',*,*,#4068,.F.);
#1133=ORIENTED_EDGE('',*,*,#4069,.T.);
#1134=ORIENTED_EDGE('',*,*,#4070,.T.);
#1135=ORIENTED_EDGE('',*,*,#4071,.F.);
#1136=ORIENTED_EDGE('',*,*,#4072,.F.);
#1137=ORIENTED_EDGE('',*,*,#3985,.F.);
#1138=ORIENTED_EDGE('',*,*,#4073,.F.);
#1139=ORIENTED_EDGE('',*,*,#4074,.F.);
#1140=ORIENTED_EDGE('',*,*,#4075,.F.);
#1141=ORIENTED_EDGE('',*,*,#4076,.T.);
#1142=ORIENTED_EDGE('',*,*,#4077,.F.);
#1143=ORIENTED_EDGE('',*,*,#4078,.T.);
#1144=ORIENTED_EDGE('',*,*,#4079,.F.);
#1145=ORIENTED_EDGE('',*,*,#4080,.F.);
#1146=ORIENTED_EDGE('',*,*,#4081,.F.);
#1147=ORIENTED_EDGE('',*,*,#4082,.F.);
#1148=ORIENTED_EDGE('',*,*,#4083,.F.);
#1149=ORIENTED_EDGE('',*,*,#4084,.T.);
#1150=ORIENTED_EDGE('',*,*,#4085,.F.);
#1151=ORIENTED_EDGE('',*,*,#4086,.F.);
#1152=ORIENTED_EDGE('',*,*,#4087,.F.);
#1153=ORIENTED_EDGE('',*,*,#4088,.T.);
#1154=ORIENTED_EDGE('',*,*,#4089,.F.);
#1155=ORIENTED_EDGE('',*,*,#4090,.F.);
#1156=ORIENTED_EDGE('',*,*,#4091,.F.);
#1157=ORIENTED_EDGE('',*,*,#4092,.T.);
#1158=ORIENTED_EDGE('',*,*,#4093,.F.);
#1159=ORIENTED_EDGE('',*,*,#4094,.F.);
#1160=ORIENTED_EDGE('',*,*,#4095,.F.);
#1161=ORIENTED_EDGE('',*,*,#4096,.F.);
#1162=ORIENTED_EDGE('',*,*,#4097,.F.);
#1163=ORIENTED_EDGE('',*,*,#4098,.T.);
#1164=ORIENTED_EDGE('',*,*,#4099,.T.);
#1165=ORIENTED_EDGE('',*,*,#4100,.T.);
#1166=ORIENTED_EDGE('',*,*,#4101,.T.);
#1167=ORIENTED_EDGE('',*,*,#4102,.T.);
#1168=ORIENTED_EDGE('',*,*,#4103,.T.);
#1169=ORIENTED_EDGE('',*,*,#4104,.T.);
#1170=ORIENTED_EDGE('',*,*,#4105,.T.);
#1171=ORIENTED_EDGE('',*,*,#4106,.T.);
#1172=ORIENTED_EDGE('',*,*,#4107,.T.);
#1173=ORIENTED_EDGE('',*,*,#4108,.T.);
#1174=ORIENTED_EDGE('',*,*,#4109,.T.);
#1175=ORIENTED_EDGE('',*,*,#4110,.T.);
#1176=ORIENTED_EDGE('',*,*,#4111,.T.);
#1177=ORIENTED_EDGE('',*,*,#4112,.T.);
#1178=ORIENTED_EDGE('',*,*,#4113,.T.);
#1179=ORIENTED_EDGE('',*,*,#4114,.T.);
#1180=ORIENTED_EDGE('',*,*,#4115,.T.);
#1181=ORIENTED_EDGE('',*,*,#4116,.T.);
#1182=ORIENTED_EDGE('',*,*,#4117,.T.);
#1183=ORIENTED_EDGE('',*,*,#4118,.T.);
#1184=ORIENTED_EDGE('',*,*,#4119,.T.);
#1185=ORIENTED_EDGE('',*,*,#4120,.T.);
#1186=ORIENTED_EDGE('',*,*,#4121,.T.);
#1187=ORIENTED_EDGE('',*,*,#4122,.T.);
#1188=ORIENTED_EDGE('',*,*,#4123,.T.);
#1189=ORIENTED_EDGE('',*,*,#4124,.T.);
#1190=ORIENTED_EDGE('',*,*,#4125,.T.);
#1191=ORIENTED_EDGE('',*,*,#4126,.T.);
#1192=ORIENTED_EDGE('',*,*,#4127,.T.);
#1193=ORIENTED_EDGE('',*,*,#4128,.T.);
#1194=ORIENTED_EDGE('',*,*,#4129,.T.);
#1195=ORIENTED_EDGE('',*,*,#4130,.T.);
#1196=ORIENTED_EDGE('',*,*,#4131,.T.);
#1197=ORIENTED_EDGE('',*,*,#4080,.T.);
#1198=ORIENTED_EDGE('',*,*,#4132,.T.);
#1199=ORIENTED_EDGE('',*,*,#4133,.T.);
#1200=ORIENTED_EDGE('',*,*,#4134,.T.);
#1201=ORIENTED_EDGE('',*,*,#4135,.T.);
#1202=ORIENTED_EDGE('',*,*,#4136,.T.);
#1203=ORIENTED_EDGE('',*,*,#4137,.T.);
#1204=ORIENTED_EDGE('',*,*,#4138,.F.);
#1205=ORIENTED_EDGE('',*,*,#4139,.F.);
#1206=ORIENTED_EDGE('',*,*,#4090,.T.);
#1207=ORIENTED_EDGE('',*,*,#4140,.T.);
#1208=ORIENTED_EDGE('',*,*,#4141,.T.);
#1209=ORIENTED_EDGE('',*,*,#4142,.T.);
#1210=ORIENTED_EDGE('',*,*,#4143,.T.);
#1211=ORIENTED_EDGE('',*,*,#4086,.T.);
#1212=ORIENTED_EDGE('',*,*,#4144,.T.);
#1213=ORIENTED_EDGE('',*,*,#4145,.T.);
#1214=ORIENTED_EDGE('',*,*,#4146,.T.);
#1215=ORIENTED_EDGE('',*,*,#4147,.T.);
#1216=ORIENTED_EDGE('',*,*,#4082,.T.);
#1217=ORIENTED_EDGE('',*,*,#4148,.T.);
#1218=ORIENTED_EDGE('',*,*,#4149,.T.);
#1219=ORIENTED_EDGE('',*,*,#4150,.T.);
#1220=ORIENTED_EDGE('',*,*,#4151,.T.);
#1221=ORIENTED_EDGE('',*,*,#4074,.T.);
#1222=ORIENTED_EDGE('',*,*,#4152,.F.);
#1223=ORIENTED_EDGE('',*,*,#4076,.F.);
#1224=ORIENTED_EDGE('',*,*,#4153,.F.);
#1225=ORIENTED_EDGE('',*,*,#4154,.T.);
#1226=ORIENTED_EDGE('',*,*,#4155,.F.);
#1227=ORIENTED_EDGE('',*,*,#4084,.F.);
#1228=ORIENTED_EDGE('',*,*,#4156,.F.);
#1229=ORIENTED_EDGE('',*,*,#4157,.T.);
#1230=ORIENTED_EDGE('',*,*,#4158,.F.);
#1231=ORIENTED_EDGE('',*,*,#4088,.F.);
#1232=ORIENTED_EDGE('',*,*,#4159,.F.);
#1233=ORIENTED_EDGE('',*,*,#4160,.T.);
#1234=ORIENTED_EDGE('',*,*,#4161,.F.);
#1235=ORIENTED_EDGE('',*,*,#4092,.F.);
#1236=ORIENTED_EDGE('',*,*,#4162,.F.);
#1237=ORIENTED_EDGE('',*,*,#4163,.T.);
#1238=ORIENTED_EDGE('',*,*,#4164,.T.);
#1239=ORIENTED_EDGE('',*,*,#4165,.F.);
#1240=ORIENTED_EDGE('',*,*,#4166,.F.);
#1241=ORIENTED_EDGE('',*,*,#4167,.T.);
#1242=ORIENTED_EDGE('',*,*,#4168,.F.);
#1243=ORIENTED_EDGE('',*,*,#4078,.F.);
#1244=ORIENTED_EDGE('',*,*,#4169,.F.);
#1245=ORIENTED_EDGE('',*,*,#4170,.T.);
#1246=ORIENTED_EDGE('',*,*,#4171,.F.);
#1247=ORIENTED_EDGE('',*,*,#4165,.T.);
#1248=ORIENTED_EDGE('',*,*,#4172,.T.);
#1249=ORIENTED_EDGE('',*,*,#4136,.F.);
#1250=ORIENTED_EDGE('',*,*,#4173,.F.);
#1251=ORIENTED_EDGE('',*,*,#4174,.T.);
#1252=ORIENTED_EDGE('',*,*,#4175,.T.);
#1253=ORIENTED_EDGE('',*,*,#4176,.T.);
#1254=ORIENTED_EDGE('',*,*,#4177,.T.);
#1255=ORIENTED_EDGE('',*,*,#4178,.T.);
#1256=ORIENTED_EDGE('',*,*,#4179,.T.);
#1257=ORIENTED_EDGE('',*,*,#4180,.T.);
#1258=ORIENTED_EDGE('',*,*,#4181,.T.);
#1259=ORIENTED_EDGE('',*,*,#4182,.T.);
#1260=ORIENTED_EDGE('',*,*,#4183,.T.);
#1261=ORIENTED_EDGE('',*,*,#4184,.T.);
#1262=ORIENTED_EDGE('',*,*,#4185,.F.);
#1263=ORIENTED_EDGE('',*,*,#4186,.T.);
#1264=ORIENTED_EDGE('',*,*,#4187,.T.);
#1265=ORIENTED_EDGE('',*,*,#4188,.T.);
#1266=ORIENTED_EDGE('',*,*,#4189,.T.);
#1267=ORIENTED_EDGE('',*,*,#4190,.F.);
#1268=ORIENTED_EDGE('',*,*,#4191,.T.);
#1269=ORIENTED_EDGE('',*,*,#4192,.T.);
#1270=ORIENTED_EDGE('',*,*,#4193,.T.);
#1271=ORIENTED_EDGE('',*,*,#4194,.T.);
#1272=ORIENTED_EDGE('',*,*,#4195,.T.);
#1273=ORIENTED_EDGE('',*,*,#4196,.T.);
#1274=ORIENTED_EDGE('',*,*,#4197,.T.);
#1275=ORIENTED_EDGE('',*,*,#4198,.T.);
#1276=ORIENTED_EDGE('',*,*,#4199,.T.);
#1277=ORIENTED_EDGE('',*,*,#4200,.T.);
#1278=ORIENTED_EDGE('',*,*,#4201,.T.);
#1279=ORIENTED_EDGE('',*,*,#4202,.F.);
#1280=ORIENTED_EDGE('',*,*,#4203,.T.);
#1281=ORIENTED_EDGE('',*,*,#4204,.T.);
#1282=ORIENTED_EDGE('',*,*,#4205,.T.);
#1283=ORIENTED_EDGE('',*,*,#4206,.T.);
#1284=ORIENTED_EDGE('',*,*,#4207,.F.);
#1285=ORIENTED_EDGE('',*,*,#4208,.T.);
#1286=ORIENTED_EDGE('',*,*,#4209,.T.);
#1287=ORIENTED_EDGE('',*,*,#4210,.T.);
#1288=ORIENTED_EDGE('',*,*,#4211,.T.);
#1289=ORIENTED_EDGE('',*,*,#4212,.T.);
#1290=ORIENTED_EDGE('',*,*,#4213,.T.);
#1291=ORIENTED_EDGE('',*,*,#4214,.T.);
#1292=ORIENTED_EDGE('',*,*,#4215,.T.);
#1293=ORIENTED_EDGE('',*,*,#4216,.T.);
#1294=ORIENTED_EDGE('',*,*,#4217,.T.);
#1295=ORIENTED_EDGE('',*,*,#4218,.T.);
#1296=ORIENTED_EDGE('',*,*,#4219,.F.);
#1297=ORIENTED_EDGE('',*,*,#4220,.T.);
#1298=ORIENTED_EDGE('',*,*,#4221,.T.);
#1299=ORIENTED_EDGE('',*,*,#4222,.T.);
#1300=ORIENTED_EDGE('',*,*,#4223,.T.);
#1301=ORIENTED_EDGE('',*,*,#4224,.F.);
#1302=ORIENTED_EDGE('',*,*,#4225,.T.);
#1303=ORIENTED_EDGE('',*,*,#4226,.T.);
#1304=ORIENTED_EDGE('',*,*,#4227,.T.);
#1305=ORIENTED_EDGE('',*,*,#4228,.T.);
#1306=ORIENTED_EDGE('',*,*,#4229,.T.);
#1307=ORIENTED_EDGE('',*,*,#4230,.T.);
#1308=ORIENTED_EDGE('',*,*,#4231,.T.);
#1309=ORIENTED_EDGE('',*,*,#4232,.T.);
#1310=ORIENTED_EDGE('',*,*,#4233,.T.);
#1311=ORIENTED_EDGE('',*,*,#4234,.T.);
#1312=ORIENTED_EDGE('',*,*,#4235,.T.);
#1313=ORIENTED_EDGE('',*,*,#4236,.F.);
#1314=ORIENTED_EDGE('',*,*,#4237,.T.);
#1315=ORIENTED_EDGE('',*,*,#4238,.T.);
#1316=ORIENTED_EDGE('',*,*,#4239,.T.);
#1317=ORIENTED_EDGE('',*,*,#4240,.T.);
#1318=ORIENTED_EDGE('',*,*,#4241,.F.);
#1319=ORIENTED_EDGE('',*,*,#4242,.T.);
#1320=ORIENTED_EDGE('',*,*,#4243,.T.);
#1321=ORIENTED_EDGE('',*,*,#4244,.T.);
#1322=ORIENTED_EDGE('',*,*,#4245,.T.);
#1323=ORIENTED_EDGE('',*,*,#4246,.T.);
#1324=ORIENTED_EDGE('',*,*,#4247,.T.);
#1325=ORIENTED_EDGE('',*,*,#4248,.T.);
#1326=ORIENTED_EDGE('',*,*,#4249,.T.);
#1327=ORIENTED_EDGE('',*,*,#4250,.T.);
#1328=ORIENTED_EDGE('',*,*,#4251,.T.);
#1329=ORIENTED_EDGE('',*,*,#4252,.T.);
#1330=ORIENTED_EDGE('',*,*,#4253,.F.);
#1331=ORIENTED_EDGE('',*,*,#4254,.T.);
#1332=ORIENTED_EDGE('',*,*,#4255,.T.);
#1333=ORIENTED_EDGE('',*,*,#4256,.T.);
#1334=ORIENTED_EDGE('',*,*,#4257,.T.);
#1335=ORIENTED_EDGE('',*,*,#4183,.F.);
#1336=ORIENTED_EDGE('',*,*,#4258,.F.);
#1337=ORIENTED_EDGE('',*,*,#4259,.F.);
#1338=ORIENTED_EDGE('',*,*,#4260,.F.);
#1339=ORIENTED_EDGE('',*,*,#4261,.F.);
#1340=ORIENTED_EDGE('',*,*,#4262,.T.);
#1341=ORIENTED_EDGE('',*,*,#4263,.T.);
#1342=ORIENTED_EDGE('',*,*,#4264,.T.);
#1343=ORIENTED_EDGE('',*,*,#4265,.T.);
#1344=ORIENTED_EDGE('',*,*,#4266,.F.);
#1345=ORIENTED_EDGE('',*,*,#4267,.T.);
#1346=ORIENTED_EDGE('',*,*,#4200,.F.);
#1347=ORIENTED_EDGE('',*,*,#4268,.F.);
#1348=ORIENTED_EDGE('',*,*,#4269,.F.);
#1349=ORIENTED_EDGE('',*,*,#4270,.F.);
#1350=ORIENTED_EDGE('',*,*,#4271,.F.);
#1351=ORIENTED_EDGE('',*,*,#4272,.T.);
#1352=ORIENTED_EDGE('',*,*,#4273,.T.);
#1353=ORIENTED_EDGE('',*,*,#4274,.T.);
#1354=ORIENTED_EDGE('',*,*,#4275,.T.);
#1355=ORIENTED_EDGE('',*,*,#4276,.F.);
#1356=ORIENTED_EDGE('',*,*,#4277,.T.);
#1357=ORIENTED_EDGE('',*,*,#4217,.F.);
#1358=ORIENTED_EDGE('',*,*,#4278,.F.);
#1359=ORIENTED_EDGE('',*,*,#4279,.F.);
#1360=ORIENTED_EDGE('',*,*,#4280,.F.);
#1361=ORIENTED_EDGE('',*,*,#4281,.F.);
#1362=ORIENTED_EDGE('',*,*,#4282,.T.);
#1363=ORIENTED_EDGE('',*,*,#4283,.T.);
#1364=ORIENTED_EDGE('',*,*,#4284,.T.);
#1365=ORIENTED_EDGE('',*,*,#4285,.T.);
#1366=ORIENTED_EDGE('',*,*,#4286,.F.);
#1367=ORIENTED_EDGE('',*,*,#4287,.T.);
#1368=ORIENTED_EDGE('',*,*,#4234,.F.);
#1369=ORIENTED_EDGE('',*,*,#4288,.F.);
#1370=ORIENTED_EDGE('',*,*,#4289,.F.);
#1371=ORIENTED_EDGE('',*,*,#4290,.F.);
#1372=ORIENTED_EDGE('',*,*,#4291,.F.);
#1373=ORIENTED_EDGE('',*,*,#4292,.T.);
#1374=ORIENTED_EDGE('',*,*,#4293,.T.);
#1375=ORIENTED_EDGE('',*,*,#4294,.T.);
#1376=ORIENTED_EDGE('',*,*,#4295,.T.);
#1377=ORIENTED_EDGE('',*,*,#4296,.F.);
#1378=ORIENTED_EDGE('',*,*,#4297,.T.);
#1379=ORIENTED_EDGE('',*,*,#4251,.F.);
#1380=ORIENTED_EDGE('',*,*,#4298,.F.);
#1381=ORIENTED_EDGE('',*,*,#4299,.F.);
#1382=ORIENTED_EDGE('',*,*,#4300,.F.);
#1383=ORIENTED_EDGE('',*,*,#4301,.F.);
#1384=ORIENTED_EDGE('',*,*,#4302,.T.);
#1385=ORIENTED_EDGE('',*,*,#4303,.T.);
#1386=ORIENTED_EDGE('',*,*,#4304,.T.);
#1387=ORIENTED_EDGE('',*,*,#4305,.T.);
#1388=ORIENTED_EDGE('',*,*,#4306,.F.);
#1389=ORIENTED_EDGE('',*,*,#4307,.T.);
#1390=ORIENTED_EDGE('',*,*,#4308,.F.);
#1391=ORIENTED_EDGE('',*,*,#4263,.F.);
#1392=ORIENTED_EDGE('',*,*,#4309,.F.);
#1393=ORIENTED_EDGE('',*,*,#4310,.F.);
#1394=ORIENTED_EDGE('',*,*,#4311,.T.);
#1395=ORIENTED_EDGE('',*,*,#4312,.T.);
#1396=ORIENTED_EDGE('',*,*,#4313,.F.);
#1397=ORIENTED_EDGE('',*,*,#4314,.F.);
#1398=ORIENTED_EDGE('',*,*,#4315,.F.);
#1399=ORIENTED_EDGE('',*,*,#4273,.F.);
#1400=ORIENTED_EDGE('',*,*,#4316,.F.);
#1401=ORIENTED_EDGE('',*,*,#4317,.F.);
#1402=ORIENTED_EDGE('',*,*,#4318,.T.);
#1403=ORIENTED_EDGE('',*,*,#4319,.T.);
#1404=ORIENTED_EDGE('',*,*,#4320,.F.);
#1405=ORIENTED_EDGE('',*,*,#4321,.F.);
#1406=ORIENTED_EDGE('',*,*,#4322,.F.);
#1407=ORIENTED_EDGE('',*,*,#4283,.F.);
#1408=ORIENTED_EDGE('',*,*,#4323,.F.);
#1409=ORIENTED_EDGE('',*,*,#4324,.F.);
#1410=ORIENTED_EDGE('',*,*,#4325,.T.);
#1411=ORIENTED_EDGE('',*,*,#4326,.T.);
#1412=ORIENTED_EDGE('',*,*,#4327,.F.);
#1413=ORIENTED_EDGE('',*,*,#4328,.F.);
#1414=ORIENTED_EDGE('',*,*,#4329,.F.);
#1415=ORIENTED_EDGE('',*,*,#4293,.F.);
#1416=ORIENTED_EDGE('',*,*,#4330,.F.);
#1417=ORIENTED_EDGE('',*,*,#4331,.F.);
#1418=ORIENTED_EDGE('',*,*,#4332,.T.);
#1419=ORIENTED_EDGE('',*,*,#4333,.T.);
#1420=ORIENTED_EDGE('',*,*,#4334,.F.);
#1421=ORIENTED_EDGE('',*,*,#4335,.F.);
#1422=ORIENTED_EDGE('',*,*,#4336,.F.);
#1423=ORIENTED_EDGE('',*,*,#4303,.F.);
#1424=ORIENTED_EDGE('',*,*,#4337,.F.);
#1425=ORIENTED_EDGE('',*,*,#4338,.F.);
#1426=ORIENTED_EDGE('',*,*,#4339,.T.);
#1427=ORIENTED_EDGE('',*,*,#4340,.T.);
#1428=ORIENTED_EDGE('',*,*,#4341,.F.);
#1429=ORIENTED_EDGE('',*,*,#4342,.F.);
#1430=ORIENTED_EDGE('',*,*,#4343,.T.);
#1431=ORIENTED_EDGE('',*,*,#4344,.F.);
#1432=ORIENTED_EDGE('',*,*,#4345,.T.);
#1433=ORIENTED_EDGE('',*,*,#4346,.F.);
#1434=ORIENTED_EDGE('',*,*,#4347,.F.);
#1435=ORIENTED_EDGE('',*,*,#4348,.F.);
#1436=ORIENTED_EDGE('',*,*,#4175,.F.);
#1437=ORIENTED_EDGE('',*,*,#4349,.T.);
#1438=ORIENTED_EDGE('',*,*,#4350,.F.);
#1439=ORIENTED_EDGE('',*,*,#4351,.T.);
#1440=ORIENTED_EDGE('',*,*,#4352,.F.);
#1441=ORIENTED_EDGE('',*,*,#4353,.F.);
#1442=ORIENTED_EDGE('',*,*,#4354,.F.);
#1443=ORIENTED_EDGE('',*,*,#4192,.F.);
#1444=ORIENTED_EDGE('',*,*,#4355,.T.);
#1445=ORIENTED_EDGE('',*,*,#4356,.F.);
#1446=ORIENTED_EDGE('',*,*,#4357,.T.);
#1447=ORIENTED_EDGE('',*,*,#4358,.F.);
#1448=ORIENTED_EDGE('',*,*,#4359,.F.);
#1449=ORIENTED_EDGE('',*,*,#4360,.F.);
#1450=ORIENTED_EDGE('',*,*,#4209,.F.);
#1451=ORIENTED_EDGE('',*,*,#4361,.T.);
#1452=ORIENTED_EDGE('',*,*,#4362,.F.);
#1453=ORIENTED_EDGE('',*,*,#4363,.T.);
#1454=ORIENTED_EDGE('',*,*,#4364,.F.);
#1455=ORIENTED_EDGE('',*,*,#4365,.F.);
#1456=ORIENTED_EDGE('',*,*,#4366,.F.);
#1457=ORIENTED_EDGE('',*,*,#4226,.F.);
#1458=ORIENTED_EDGE('',*,*,#4367,.T.);
#1459=ORIENTED_EDGE('',*,*,#4368,.F.);
#1460=ORIENTED_EDGE('',*,*,#4369,.T.);
#1461=ORIENTED_EDGE('',*,*,#4370,.F.);
#1462=ORIENTED_EDGE('',*,*,#4371,.F.);
#1463=ORIENTED_EDGE('',*,*,#4372,.F.);
#1464=ORIENTED_EDGE('',*,*,#4243,.F.);
#1465=ORIENTED_EDGE('',*,*,#4373,.F.);
#1466=ORIENTED_EDGE('',*,*,#4374,.T.);
#1467=ORIENTED_EDGE('',*,*,#4300,.T.);
#1468=ORIENTED_EDGE('',*,*,#4375,.F.);
#1469=ORIENTED_EDGE('',*,*,#4376,.T.);
#1470=ORIENTED_EDGE('',*,*,#4290,.T.);
#1471=ORIENTED_EDGE('',*,*,#4377,.F.);
#1472=ORIENTED_EDGE('',*,*,#4378,.F.);
#1473=ORIENTED_EDGE('',*,*,#4379,.T.);
#1474=ORIENTED_EDGE('',*,*,#4280,.T.);
#1475=ORIENTED_EDGE('',*,*,#4380,.F.);
#1476=ORIENTED_EDGE('',*,*,#4381,.F.);
#1477=ORIENTED_EDGE('',*,*,#4382,.T.);
#1478=ORIENTED_EDGE('',*,*,#4270,.T.);
#1479=ORIENTED_EDGE('',*,*,#4383,.F.);
#1480=ORIENTED_EDGE('',*,*,#4384,.F.);
#1481=ORIENTED_EDGE('',*,*,#4385,.F.);
#1482=ORIENTED_EDGE('',*,*,#4386,.T.);
#1483=ORIENTED_EDGE('',*,*,#4387,.T.);
#1484=ORIENTED_EDGE('',*,*,#4388,.F.);
#1485=ORIENTED_EDGE('',*,*,#4138,.T.);
#1486=ORIENTED_EDGE('',*,*,#4389,.T.);
#1487=ORIENTED_EDGE('',*,*,#4390,.F.);
#1488=ORIENTED_EDGE('',*,*,#4391,.F.);
#1489=ORIENTED_EDGE('',*,*,#4390,.T.);
#1490=ORIENTED_EDGE('',*,*,#4392,.T.);
#1491=ORIENTED_EDGE('',*,*,#4386,.F.);
#1492=ORIENTED_EDGE('',*,*,#4393,.F.);
#1493=ORIENTED_EDGE('',*,*,#4394,.F.);
#1494=ORIENTED_EDGE('',*,*,#4368,.T.);
#1495=ORIENTED_EDGE('',*,*,#4301,.T.);
#1496=ORIENTED_EDGE('',*,*,#4374,.F.);
#1497=ORIENTED_EDGE('',*,*,#4395,.F.);
#1498=ORIENTED_EDGE('',*,*,#4396,.F.);
#1499=ORIENTED_EDGE('',*,*,#4362,.T.);
#1500=ORIENTED_EDGE('',*,*,#4291,.T.);
#1501=ORIENTED_EDGE('',*,*,#4376,.F.);
#1502=ORIENTED_EDGE('',*,*,#4397,.F.);
#1503=ORIENTED_EDGE('',*,*,#4398,.F.);
#1504=ORIENTED_EDGE('',*,*,#4356,.T.);
#1505=ORIENTED_EDGE('',*,*,#4281,.T.);
#1506=ORIENTED_EDGE('',*,*,#4379,.F.);
#1507=ORIENTED_EDGE('',*,*,#4399,.F.);
#1508=ORIENTED_EDGE('',*,*,#4400,.F.);
#1509=ORIENTED_EDGE('',*,*,#4350,.T.);
#1510=ORIENTED_EDGE('',*,*,#4271,.T.);
#1511=ORIENTED_EDGE('',*,*,#4382,.F.);
#1512=ORIENTED_EDGE('',*,*,#4401,.F.);
#1513=ORIENTED_EDGE('',*,*,#4402,.F.);
#1514=ORIENTED_EDGE('',*,*,#4344,.T.);
#1515=ORIENTED_EDGE('',*,*,#4261,.T.);
#1516=ORIENTED_EDGE('',*,*,#4403,.F.);
#1517=ORIENTED_EDGE('',*,*,#4404,.F.);
#1518=ORIENTED_EDGE('',*,*,#4403,.T.);
#1519=ORIENTED_EDGE('',*,*,#4260,.T.);
#1520=ORIENTED_EDGE('',*,*,#4405,.F.);
#1521=ORIENTED_EDGE('',*,*,#4406,.F.);
#1522=ORIENTED_EDGE('',*,*,#4310,.T.);
#1523=ORIENTED_EDGE('',*,*,#4407,.T.);
#1524=ORIENTED_EDGE('',*,*,#4408,.T.);
#1525=ORIENTED_EDGE('',*,*,#4409,.F.);
#1526=ORIENTED_EDGE('',*,*,#4383,.T.);
#1527=ORIENTED_EDGE('',*,*,#4269,.T.);
#1528=ORIENTED_EDGE('',*,*,#4410,.T.);
#1529=ORIENTED_EDGE('',*,*,#4317,.T.);
#1530=ORIENTED_EDGE('',*,*,#4411,.T.);
#1531=ORIENTED_EDGE('',*,*,#4412,.T.);
#1532=ORIENTED_EDGE('',*,*,#4413,.F.);
#1533=ORIENTED_EDGE('',*,*,#4380,.T.);
#1534=ORIENTED_EDGE('',*,*,#4279,.T.);
#1535=ORIENTED_EDGE('',*,*,#4414,.T.);
#1536=ORIENTED_EDGE('',*,*,#4324,.T.);
#1537=ORIENTED_EDGE('',*,*,#4415,.T.);
#1538=ORIENTED_EDGE('',*,*,#4416,.T.);
#1539=ORIENTED_EDGE('',*,*,#4417,.F.);
#1540=ORIENTED_EDGE('',*,*,#4377,.T.);
#1541=ORIENTED_EDGE('',*,*,#4289,.T.);
#1542=ORIENTED_EDGE('',*,*,#4418,.T.);
#1543=ORIENTED_EDGE('',*,*,#4331,.T.);
#1544=ORIENTED_EDGE('',*,*,#4419,.T.);
#1545=ORIENTED_EDGE('',*,*,#4420,.T.);
#1546=ORIENTED_EDGE('',*,*,#4421,.F.);
#1547=ORIENTED_EDGE('',*,*,#4375,.T.);
#1548=ORIENTED_EDGE('',*,*,#4299,.T.);
#1549=ORIENTED_EDGE('',*,*,#4422,.T.);
#1550=ORIENTED_EDGE('',*,*,#4338,.T.);
#1551=ORIENTED_EDGE('',*,*,#4423,.T.);
#1552=ORIENTED_EDGE('',*,*,#4424,.T.);
#1553=ORIENTED_EDGE('',*,*,#4425,.F.);
#1554=ORIENTED_EDGE('',*,*,#4388,.T.);
#1555=ORIENTED_EDGE('',*,*,#4426,.T.);
#1556=ORIENTED_EDGE('',*,*,#4427,.F.);
#1557=ORIENTED_EDGE('',*,*,#4428,.F.);
#1558=ORIENTED_EDGE('',*,*,#4405,.T.);
#1559=ORIENTED_EDGE('',*,*,#4259,.T.);
#1560=ORIENTED_EDGE('',*,*,#4429,.T.);
#1561=ORIENTED_EDGE('',*,*,#4427,.T.);
#1562=ORIENTED_EDGE('',*,*,#4430,.T.);
#1563=ORIENTED_EDGE('',*,*,#4431,.F.);
#1564=ORIENTED_EDGE('',*,*,#4432,.F.);
#1565=ORIENTED_EDGE('',*,*,#4433,.F.);
#1566=ORIENTED_EDGE('',*,*,#4434,.F.);
#1567=ORIENTED_EDGE('',*,*,#4435,.F.);
#1568=ORIENTED_EDGE('',*,*,#4436,.T.);
#1569=ORIENTED_EDGE('',*,*,#4437,.F.);
#1570=ORIENTED_EDGE('',*,*,#4438,.F.);
#1571=ORIENTED_EDGE('',*,*,#4439,.F.);
#1572=ORIENTED_EDGE('',*,*,#4440,.F.);
#1573=ORIENTED_EDGE('',*,*,#4441,.F.);
#1574=ORIENTED_EDGE('',*,*,#4442,.F.);
#1575=ORIENTED_EDGE('',*,*,#4443,.F.);
#1576=ORIENTED_EDGE('',*,*,#4444,.F.);
#1577=ORIENTED_EDGE('',*,*,#4445,.F.);
#1578=ORIENTED_EDGE('',*,*,#4446,.F.);
#1579=ORIENTED_EDGE('',*,*,#4447,.F.);
#1580=ORIENTED_EDGE('',*,*,#4448,.F.);
#1581=ORIENTED_EDGE('',*,*,#4449,.T.);
#1582=ORIENTED_EDGE('',*,*,#4450,.F.);
#1583=ORIENTED_EDGE('',*,*,#4451,.F.);
#1584=ORIENTED_EDGE('',*,*,#4452,.F.);
#1585=ORIENTED_EDGE('',*,*,#4453,.F.);
#1586=ORIENTED_EDGE('',*,*,#4454,.F.);
#1587=ORIENTED_EDGE('',*,*,#4455,.T.);
#1588=ORIENTED_EDGE('',*,*,#4456,.F.);
#1589=ORIENTED_EDGE('',*,*,#4457,.F.);
#1590=ORIENTED_EDGE('',*,*,#4458,.F.);
#1591=ORIENTED_EDGE('',*,*,#4459,.F.);
#1592=ORIENTED_EDGE('',*,*,#4460,.F.);
#1593=ORIENTED_EDGE('',*,*,#4461,.F.);
#1594=ORIENTED_EDGE('',*,*,#4462,.F.);
#1595=ORIENTED_EDGE('',*,*,#4463,.F.);
#1596=ORIENTED_EDGE('',*,*,#4464,.F.);
#1597=ORIENTED_EDGE('',*,*,#4465,.F.);
#1598=ORIENTED_EDGE('',*,*,#4466,.F.);
#1599=ORIENTED_EDGE('',*,*,#4467,.F.);
#1600=ORIENTED_EDGE('',*,*,#4468,.T.);
#1601=ORIENTED_EDGE('',*,*,#4469,.F.);
#1602=ORIENTED_EDGE('',*,*,#4470,.F.);
#1603=ORIENTED_EDGE('',*,*,#4471,.F.);
#1604=ORIENTED_EDGE('',*,*,#4472,.F.);
#1605=ORIENTED_EDGE('',*,*,#4473,.F.);
#1606=ORIENTED_EDGE('',*,*,#4474,.T.);
#1607=ORIENTED_EDGE('',*,*,#4475,.F.);
#1608=ORIENTED_EDGE('',*,*,#4476,.F.);
#1609=ORIENTED_EDGE('',*,*,#4477,.F.);
#1610=ORIENTED_EDGE('',*,*,#4478,.F.);
#1611=ORIENTED_EDGE('',*,*,#4479,.F.);
#1612=ORIENTED_EDGE('',*,*,#4480,.F.);
#1613=ORIENTED_EDGE('',*,*,#4481,.F.);
#1614=ORIENTED_EDGE('',*,*,#4482,.F.);
#1615=ORIENTED_EDGE('',*,*,#4483,.F.);
#1616=ORIENTED_EDGE('',*,*,#4484,.F.);
#1617=ORIENTED_EDGE('',*,*,#4485,.F.);
#1618=ORIENTED_EDGE('',*,*,#4486,.F.);
#1619=ORIENTED_EDGE('',*,*,#4487,.T.);
#1620=ORIENTED_EDGE('',*,*,#4488,.F.);
#1621=ORIENTED_EDGE('',*,*,#4489,.F.);
#1622=ORIENTED_EDGE('',*,*,#4490,.F.);
#1623=ORIENTED_EDGE('',*,*,#4491,.F.);
#1624=ORIENTED_EDGE('',*,*,#4492,.F.);
#1625=ORIENTED_EDGE('',*,*,#4493,.T.);
#1626=ORIENTED_EDGE('',*,*,#4494,.F.);
#1627=ORIENTED_EDGE('',*,*,#4495,.F.);
#1628=ORIENTED_EDGE('',*,*,#4496,.F.);
#1629=ORIENTED_EDGE('',*,*,#4497,.F.);
#1630=ORIENTED_EDGE('',*,*,#4498,.F.);
#1631=ORIENTED_EDGE('',*,*,#4499,.F.);
#1632=ORIENTED_EDGE('',*,*,#4500,.F.);
#1633=ORIENTED_EDGE('',*,*,#4501,.F.);
#1634=ORIENTED_EDGE('',*,*,#4502,.F.);
#1635=ORIENTED_EDGE('',*,*,#4503,.F.);
#1636=ORIENTED_EDGE('',*,*,#4504,.F.);
#1637=ORIENTED_EDGE('',*,*,#4505,.F.);
#1638=ORIENTED_EDGE('',*,*,#4506,.T.);
#1639=ORIENTED_EDGE('',*,*,#4507,.F.);
#1640=ORIENTED_EDGE('',*,*,#4508,.F.);
#1641=ORIENTED_EDGE('',*,*,#4509,.F.);
#1642=ORIENTED_EDGE('',*,*,#4510,.F.);
#1643=ORIENTED_EDGE('',*,*,#4511,.F.);
#1644=ORIENTED_EDGE('',*,*,#4512,.T.);
#1645=ORIENTED_EDGE('',*,*,#4513,.F.);
#1646=ORIENTED_EDGE('',*,*,#4514,.F.);
#1647=ORIENTED_EDGE('',*,*,#4515,.F.);
#1648=ORIENTED_EDGE('',*,*,#4516,.F.);
#1649=ORIENTED_EDGE('',*,*,#4517,.F.);
#1650=ORIENTED_EDGE('',*,*,#4518,.F.);
#1651=ORIENTED_EDGE('',*,*,#4519,.F.);
#1652=ORIENTED_EDGE('',*,*,#4520,.F.);
#1653=ORIENTED_EDGE('',*,*,#4521,.F.);
#1654=ORIENTED_EDGE('',*,*,#4522,.F.);
#1655=ORIENTED_EDGE('',*,*,#4523,.F.);
#1656=ORIENTED_EDGE('',*,*,#4524,.F.);
#1657=ORIENTED_EDGE('',*,*,#4525,.T.);
#1658=ORIENTED_EDGE('',*,*,#4526,.F.);
#1659=ORIENTED_EDGE('',*,*,#4527,.F.);
#1660=ORIENTED_EDGE('',*,*,#4431,.T.);
#1661=ORIENTED_EDGE('',*,*,#4528,.T.);
#1662=ORIENTED_EDGE('',*,*,#4529,.F.);
#1663=ORIENTED_EDGE('',*,*,#4530,.F.);
#1664=ORIENTED_EDGE('',*,*,#4529,.T.);
#1665=ORIENTED_EDGE('',*,*,#4531,.T.);
#1666=ORIENTED_EDGE('',*,*,#4163,.F.);
#1667=ORIENTED_EDGE('',*,*,#4532,.F.);
#1668=ORIENTED_EDGE('',*,*,#4533,.F.);
#1669=ORIENTED_EDGE('',*,*,#4534,.F.);
#1670=ORIENTED_EDGE('',*,*,#4535,.F.);
#1671=ORIENTED_EDGE('',*,*,#4536,.F.);
#1672=ORIENTED_EDGE('',*,*,#3852,.F.);
#1673=ORIENTED_EDGE('',*,*,#4537,.T.);
#1674=ORIENTED_EDGE('',*,*,#4538,.F.);
#1675=ORIENTED_EDGE('',*,*,#4539,.F.);
#1676=ORIENTED_EDGE('',*,*,#4540,.F.);
#1677=ORIENTED_EDGE('',*,*,#4541,.F.);
#1678=ORIENTED_EDGE('',*,*,#4542,.F.);
#1679=ORIENTED_EDGE('',*,*,#4543,.F.);
#1680=ORIENTED_EDGE('',*,*,#4544,.F.);
#1681=ORIENTED_EDGE('',*,*,#4545,.F.);
#1682=ORIENTED_EDGE('',*,*,#4546,.F.);
#1683=ORIENTED_EDGE('',*,*,#4547,.F.);
#1684=ORIENTED_EDGE('',*,*,#4091,.T.);
#1685=ORIENTED_EDGE('',*,*,#4139,.T.);
#1686=ORIENTED_EDGE('',*,*,#4391,.T.);
#1687=ORIENTED_EDGE('',*,*,#4404,.T.);
#1688=ORIENTED_EDGE('',*,*,#4406,.T.);
#1689=ORIENTED_EDGE('',*,*,#4428,.T.);
#1690=ORIENTED_EDGE('',*,*,#4432,.T.);
#1691=ORIENTED_EDGE('',*,*,#4530,.T.);
#1692=ORIENTED_EDGE('',*,*,#4532,.T.);
#1693=ORIENTED_EDGE('',*,*,#4162,.T.);
#1694=ORIENTED_EDGE('',*,*,#4172,.F.);
#1695=ORIENTED_EDGE('',*,*,#4164,.F.);
#1696=ORIENTED_EDGE('',*,*,#4531,.F.);
#1697=ORIENTED_EDGE('',*,*,#4528,.F.);
#1698=ORIENTED_EDGE('',*,*,#4430,.F.);
#1699=ORIENTED_EDGE('',*,*,#4426,.F.);
#1700=ORIENTED_EDGE('',*,*,#4387,.F.);
#1701=ORIENTED_EDGE('',*,*,#4392,.F.);
#1702=ORIENTED_EDGE('',*,*,#4389,.F.);
#1703=ORIENTED_EDGE('',*,*,#4137,.F.);
#1704=ORIENTED_EDGE('',*,*,#4548,.F.);
#1705=ORIENTED_EDGE('',*,*,#4339,.F.);
#1706=ORIENTED_EDGE('',*,*,#4549,.F.);
#1707=ORIENTED_EDGE('',*,*,#4550,.T.);
#1708=ORIENTED_EDGE('',*,*,#4423,.F.);
#1709=ORIENTED_EDGE('',*,*,#4551,.T.);
#1710=ORIENTED_EDGE('',*,*,#4253,.T.);
#1711=ORIENTED_EDGE('',*,*,#4552,.F.);
#1712=ORIENTED_EDGE('',*,*,#4241,.T.);
#1713=ORIENTED_EDGE('',*,*,#4553,.T.);
#1714=ORIENTED_EDGE('',*,*,#4554,.T.);
#1715=ORIENTED_EDGE('',*,*,#4555,.T.);
#1716=ORIENTED_EDGE('',*,*,#4556,.F.);
#1717=ORIENTED_EDGE('',*,*,#4393,.T.);
#1718=ORIENTED_EDGE('',*,*,#4385,.T.);
#1719=ORIENTED_EDGE('',*,*,#4425,.T.);
#1720=ORIENTED_EDGE('',*,*,#4557,.F.);
#1721=ORIENTED_EDGE('',*,*,#4558,.T.);
#1722=ORIENTED_EDGE('',*,*,#4341,.T.);
#1723=ORIENTED_EDGE('',*,*,#4559,.T.);
#1724=ORIENTED_EDGE('',*,*,#4306,.T.);
#1725=ORIENTED_EDGE('',*,*,#4557,.T.);
#1726=ORIENTED_EDGE('',*,*,#4424,.F.);
#1727=ORIENTED_EDGE('',*,*,#4550,.F.);
#1728=ORIENTED_EDGE('',*,*,#4560,.T.);
#1729=ORIENTED_EDGE('',*,*,#4558,.F.);
#1730=ORIENTED_EDGE('',*,*,#4560,.F.);
#1731=ORIENTED_EDGE('',*,*,#4549,.T.);
#1732=ORIENTED_EDGE('',*,*,#4342,.T.);
#1733=ORIENTED_EDGE('',*,*,#4553,.F.);
#1734=ORIENTED_EDGE('',*,*,#4244,.F.);
#1735=ORIENTED_EDGE('',*,*,#4372,.T.);
#1736=ORIENTED_EDGE('',*,*,#4561,.T.);
#1737=ORIENTED_EDGE('',*,*,#4554,.F.);
#1738=ORIENTED_EDGE('',*,*,#4561,.F.);
#1739=ORIENTED_EDGE('',*,*,#4371,.T.);
#1740=ORIENTED_EDGE('',*,*,#4562,.T.);
#1741=ORIENTED_EDGE('',*,*,#4555,.F.);
#1742=ORIENTED_EDGE('',*,*,#4562,.F.);
#1743=ORIENTED_EDGE('',*,*,#4370,.T.);
#1744=ORIENTED_EDGE('',*,*,#4563,.T.);
#1745=ORIENTED_EDGE('',*,*,#4556,.T.);
#1746=ORIENTED_EDGE('',*,*,#4563,.F.);
#1747=ORIENTED_EDGE('',*,*,#4369,.F.);
#1748=ORIENTED_EDGE('',*,*,#4394,.T.);
#1749=ORIENTED_EDGE('',*,*,#4564,.F.);
#1750=ORIENTED_EDGE('',*,*,#4311,.F.);
#1751=ORIENTED_EDGE('',*,*,#4565,.F.);
#1752=ORIENTED_EDGE('',*,*,#4566,.T.);
#1753=ORIENTED_EDGE('',*,*,#4407,.F.);
#1754=ORIENTED_EDGE('',*,*,#4567,.T.);
#1755=ORIENTED_EDGE('',*,*,#4185,.T.);
#1756=ORIENTED_EDGE('',*,*,#4568,.F.);
#1757=ORIENTED_EDGE('',*,*,#4173,.T.);
#1758=ORIENTED_EDGE('',*,*,#4569,.T.);
#1759=ORIENTED_EDGE('',*,*,#4570,.T.);
#1760=ORIENTED_EDGE('',*,*,#4571,.T.);
#1761=ORIENTED_EDGE('',*,*,#4572,.F.);
#1762=ORIENTED_EDGE('',*,*,#4401,.T.);
#1763=ORIENTED_EDGE('',*,*,#4384,.T.);
#1764=ORIENTED_EDGE('',*,*,#4409,.T.);
#1765=ORIENTED_EDGE('',*,*,#4573,.F.);
#1766=ORIENTED_EDGE('',*,*,#4574,.T.);
#1767=ORIENTED_EDGE('',*,*,#4313,.T.);
#1768=ORIENTED_EDGE('',*,*,#4575,.T.);
#1769=ORIENTED_EDGE('',*,*,#4266,.T.);
#1770=ORIENTED_EDGE('',*,*,#4573,.T.);
#1771=ORIENTED_EDGE('',*,*,#4408,.F.);
#1772=ORIENTED_EDGE('',*,*,#4566,.F.);
#1773=ORIENTED_EDGE('',*,*,#4576,.T.);
#1774=ORIENTED_EDGE('',*,*,#4574,.F.);
#1775=ORIENTED_EDGE('',*,*,#4576,.F.);
#1776=ORIENTED_EDGE('',*,*,#4565,.T.);
#1777=ORIENTED_EDGE('',*,*,#4314,.T.);
#1778=ORIENTED_EDGE('',*,*,#4569,.F.);
#1779=ORIENTED_EDGE('',*,*,#4176,.F.);
#1780=ORIENTED_EDGE('',*,*,#4348,.T.);
#1781=ORIENTED_EDGE('',*,*,#4577,.T.);
#1782=ORIENTED_EDGE('',*,*,#4570,.F.);
#1783=ORIENTED_EDGE('',*,*,#4577,.F.);
#1784=ORIENTED_EDGE('',*,*,#4347,.T.);
#1785=ORIENTED_EDGE('',*,*,#4578,.T.);
#1786=ORIENTED_EDGE('',*,*,#4571,.F.);
#1787=ORIENTED_EDGE('',*,*,#4578,.F.);
#1788=ORIENTED_EDGE('',*,*,#4346,.T.);
#1789=ORIENTED_EDGE('',*,*,#4579,.T.);
#1790=ORIENTED_EDGE('',*,*,#4572,.T.);
#1791=ORIENTED_EDGE('',*,*,#4579,.F.);
#1792=ORIENTED_EDGE('',*,*,#4345,.F.);
#1793=ORIENTED_EDGE('',*,*,#4402,.T.);
#1794=ORIENTED_EDGE('',*,*,#4580,.F.);
#1795=ORIENTED_EDGE('',*,*,#4318,.F.);
#1796=ORIENTED_EDGE('',*,*,#4581,.F.);
#1797=ORIENTED_EDGE('',*,*,#4582,.T.);
#1798=ORIENTED_EDGE('',*,*,#4411,.F.);
#1799=ORIENTED_EDGE('',*,*,#4583,.T.);
#1800=ORIENTED_EDGE('',*,*,#4202,.T.);
#1801=ORIENTED_EDGE('',*,*,#4584,.F.);
#1802=ORIENTED_EDGE('',*,*,#4190,.T.);
#1803=ORIENTED_EDGE('',*,*,#4585,.T.);
#1804=ORIENTED_EDGE('',*,*,#4586,.T.);
#1805=ORIENTED_EDGE('',*,*,#4587,.T.);
#1806=ORIENTED_EDGE('',*,*,#4588,.F.);
#1807=ORIENTED_EDGE('',*,*,#4399,.T.);
#1808=ORIENTED_EDGE('',*,*,#4381,.T.);
#1809=ORIENTED_EDGE('',*,*,#4413,.T.);
#1810=ORIENTED_EDGE('',*,*,#4589,.F.);
#1811=ORIENTED_EDGE('',*,*,#4590,.T.);
#1812=ORIENTED_EDGE('',*,*,#4320,.T.);
#1813=ORIENTED_EDGE('',*,*,#4591,.T.);
#1814=ORIENTED_EDGE('',*,*,#4276,.T.);
#1815=ORIENTED_EDGE('',*,*,#4589,.T.);
#1816=ORIENTED_EDGE('',*,*,#4412,.F.);
#1817=ORIENTED_EDGE('',*,*,#4582,.F.);
#1818=ORIENTED_EDGE('',*,*,#4592,.T.);
#1819=ORIENTED_EDGE('',*,*,#4590,.F.);
#1820=ORIENTED_EDGE('',*,*,#4592,.F.);
#1821=ORIENTED_EDGE('',*,*,#4581,.T.);
#1822=ORIENTED_EDGE('',*,*,#4321,.T.);
#1823=ORIENTED_EDGE('',*,*,#4585,.F.);
#1824=ORIENTED_EDGE('',*,*,#4193,.F.);
#1825=ORIENTED_EDGE('',*,*,#4354,.T.);
#1826=ORIENTED_EDGE('',*,*,#4593,.T.);
#1827=ORIENTED_EDGE('',*,*,#4586,.F.);
#1828=ORIENTED_EDGE('',*,*,#4593,.F.);
#1829=ORIENTED_EDGE('',*,*,#4353,.T.);
#1830=ORIENTED_EDGE('',*,*,#4594,.T.);
#1831=ORIENTED_EDGE('',*,*,#4587,.F.);
#1832=ORIENTED_EDGE('',*,*,#4594,.F.);
#1833=ORIENTED_EDGE('',*,*,#4352,.T.);
#1834=ORIENTED_EDGE('',*,*,#4595,.T.);
#1835=ORIENTED_EDGE('',*,*,#4588,.T.);
#1836=ORIENTED_EDGE('',*,*,#4595,.F.);
#1837=ORIENTED_EDGE('',*,*,#4351,.F.);
#1838=ORIENTED_EDGE('',*,*,#4400,.T.);
#1839=ORIENTED_EDGE('',*,*,#4596,.F.);
#1840=ORIENTED_EDGE('',*,*,#4325,.F.);
#1841=ORIENTED_EDGE('',*,*,#4597,.F.);
#1842=ORIENTED_EDGE('',*,*,#4598,.T.);
#1843=ORIENTED_EDGE('',*,*,#4415,.F.);
#1844=ORIENTED_EDGE('',*,*,#4599,.T.);
#1845=ORIENTED_EDGE('',*,*,#4219,.T.);
#1846=ORIENTED_EDGE('',*,*,#4600,.F.);
#1847=ORIENTED_EDGE('',*,*,#4207,.T.);
#1848=ORIENTED_EDGE('',*,*,#4601,.T.);
#1849=ORIENTED_EDGE('',*,*,#4602,.T.);
#1850=ORIENTED_EDGE('',*,*,#4603,.T.);
#1851=ORIENTED_EDGE('',*,*,#4604,.F.);
#1852=ORIENTED_EDGE('',*,*,#4397,.T.);
#1853=ORIENTED_EDGE('',*,*,#4378,.T.);
#1854=ORIENTED_EDGE('',*,*,#4417,.T.);
#1855=ORIENTED_EDGE('',*,*,#4605,.F.);
#1856=ORIENTED_EDGE('',*,*,#4606,.T.);
#1857=ORIENTED_EDGE('',*,*,#4327,.T.);
#1858=ORIENTED_EDGE('',*,*,#4607,.T.);
#1859=ORIENTED_EDGE('',*,*,#4286,.T.);
#1860=ORIENTED_EDGE('',*,*,#4605,.T.);
#1861=ORIENTED_EDGE('',*,*,#4416,.F.);
#1862=ORIENTED_EDGE('',*,*,#4598,.F.);
#1863=ORIENTED_EDGE('',*,*,#4608,.T.);
#1864=ORIENTED_EDGE('',*,*,#4606,.F.);
#1865=ORIENTED_EDGE('',*,*,#4608,.F.);
#1866=ORIENTED_EDGE('',*,*,#4597,.T.);
#1867=ORIENTED_EDGE('',*,*,#4328,.T.);
#1868=ORIENTED_EDGE('',*,*,#4601,.F.);
#1869=ORIENTED_EDGE('',*,*,#4210,.F.);
#1870=ORIENTED_EDGE('',*,*,#4360,.T.);
#1871=ORIENTED_EDGE('',*,*,#4609,.T.);
#1872=ORIENTED_EDGE('',*,*,#4602,.F.);
#1873=ORIENTED_EDGE('',*,*,#4609,.F.);
#1874=ORIENTED_EDGE('',*,*,#4359,.T.);
#1875=ORIENTED_EDGE('',*,*,#4610,.T.);
#1876=ORIENTED_EDGE('',*,*,#4603,.F.);
#1877=ORIENTED_EDGE('',*,*,#4610,.F.);
#1878=ORIENTED_EDGE('',*,*,#4358,.T.);
#1879=ORIENTED_EDGE('',*,*,#4611,.T.);
#1880=ORIENTED_EDGE('',*,*,#4604,.T.);
#1881=ORIENTED_EDGE('',*,*,#4611,.F.);
#1882=ORIENTED_EDGE('',*,*,#4357,.F.);
#1883=ORIENTED_EDGE('',*,*,#4398,.T.);
#1884=ORIENTED_EDGE('',*,*,#4612,.F.);
#1885=ORIENTED_EDGE('',*,*,#4332,.F.);
#1886=ORIENTED_EDGE('',*,*,#4613,.F.);
#1887=ORIENTED_EDGE('',*,*,#4614,.T.);
#1888=ORIENTED_EDGE('',*,*,#4419,.F.);
#1889=ORIENTED_EDGE('',*,*,#4615,.T.);
#1890=ORIENTED_EDGE('',*,*,#4236,.T.);
#1891=ORIENTED_EDGE('',*,*,#4616,.F.);
#1892=ORIENTED_EDGE('',*,*,#4224,.T.);
#1893=ORIENTED_EDGE('',*,*,#4617,.T.);
#1894=ORIENTED_EDGE('',*,*,#4618,.T.);
#1895=ORIENTED_EDGE('',*,*,#4619,.T.);
#1896=ORIENTED_EDGE('',*,*,#4620,.F.);
#1897=ORIENTED_EDGE('',*,*,#4395,.T.);
#1898=ORIENTED_EDGE('',*,*,#4373,.T.);
#1899=ORIENTED_EDGE('',*,*,#4421,.T.);
#1900=ORIENTED_EDGE('',*,*,#4621,.F.);
#1901=ORIENTED_EDGE('',*,*,#4622,.T.);
#1902=ORIENTED_EDGE('',*,*,#4334,.T.);
#1903=ORIENTED_EDGE('',*,*,#4623,.T.);
#1904=ORIENTED_EDGE('',*,*,#4296,.T.);
#1905=ORIENTED_EDGE('',*,*,#4621,.T.);
#1906=ORIENTED_EDGE('',*,*,#4420,.F.);
#1907=ORIENTED_EDGE('',*,*,#4614,.F.);
#1908=ORIENTED_EDGE('',*,*,#4624,.T.);
#1909=ORIENTED_EDGE('',*,*,#4622,.F.);
#1910=ORIENTED_EDGE('',*,*,#4624,.F.);
#1911=ORIENTED_EDGE('',*,*,#4613,.T.);
#1912=ORIENTED_EDGE('',*,*,#4335,.T.);
#1913=ORIENTED_EDGE('',*,*,#4617,.F.);
#1914=ORIENTED_EDGE('',*,*,#4227,.F.);
#1915=ORIENTED_EDGE('',*,*,#4366,.T.);
#1916=ORIENTED_EDGE('',*,*,#4625,.T.);
#1917=ORIENTED_EDGE('',*,*,#4618,.F.);
#1918=ORIENTED_EDGE('',*,*,#4625,.F.);
#1919=ORIENTED_EDGE('',*,*,#4365,.T.);
#1920=ORIENTED_EDGE('',*,*,#4626,.T.);
#1921=ORIENTED_EDGE('',*,*,#4619,.F.);
#1922=ORIENTED_EDGE('',*,*,#4626,.F.);
#1923=ORIENTED_EDGE('',*,*,#4364,.T.);
#1924=ORIENTED_EDGE('',*,*,#4627,.T.);
#1925=ORIENTED_EDGE('',*,*,#4620,.T.);
#1926=ORIENTED_EDGE('',*,*,#4627,.F.);
#1927=ORIENTED_EDGE('',*,*,#4363,.F.);
#1928=ORIENTED_EDGE('',*,*,#4396,.T.);
#1929=ORIENTED_EDGE('',*,*,#4252,.F.);
#1930=ORIENTED_EDGE('',*,*,#4302,.F.);
#1931=ORIENTED_EDGE('',*,*,#4367,.F.);
#1932=ORIENTED_EDGE('',*,*,#4242,.F.);
#1933=ORIENTED_EDGE('',*,*,#4552,.T.);
#1934=ORIENTED_EDGE('',*,*,#4235,.F.);
#1935=ORIENTED_EDGE('',*,*,#4292,.F.);
#1936=ORIENTED_EDGE('',*,*,#4361,.F.);
#1937=ORIENTED_EDGE('',*,*,#4225,.F.);
#1938=ORIENTED_EDGE('',*,*,#4616,.T.);
#1939=ORIENTED_EDGE('',*,*,#4218,.F.);
#1940=ORIENTED_EDGE('',*,*,#4282,.F.);
#1941=ORIENTED_EDGE('',*,*,#4355,.F.);
#1942=ORIENTED_EDGE('',*,*,#4208,.F.);
#1943=ORIENTED_EDGE('',*,*,#4600,.T.);
#1944=ORIENTED_EDGE('',*,*,#4201,.F.);
#1945=ORIENTED_EDGE('',*,*,#4272,.F.);
#1946=ORIENTED_EDGE('',*,*,#4349,.F.);
#1947=ORIENTED_EDGE('',*,*,#4191,.F.);
#1948=ORIENTED_EDGE('',*,*,#4584,.T.);
#1949=ORIENTED_EDGE('',*,*,#4184,.F.);
#1950=ORIENTED_EDGE('',*,*,#4262,.F.);
#1951=ORIENTED_EDGE('',*,*,#4343,.F.);
#1952=ORIENTED_EDGE('',*,*,#4174,.F.);
#1953=ORIENTED_EDGE('',*,*,#4568,.T.);
#1954=ORIENTED_EDGE('',*,*,#4340,.F.);
#1955=ORIENTED_EDGE('',*,*,#4548,.T.);
#1956=ORIENTED_EDGE('',*,*,#4337,.T.);
#1957=ORIENTED_EDGE('',*,*,#4307,.F.);
#1958=ORIENTED_EDGE('',*,*,#4559,.F.);
#1959=ORIENTED_EDGE('',*,*,#4333,.F.);
#1960=ORIENTED_EDGE('',*,*,#4612,.T.);
#1961=ORIENTED_EDGE('',*,*,#4330,.T.);
#1962=ORIENTED_EDGE('',*,*,#4297,.F.);
#1963=ORIENTED_EDGE('',*,*,#4623,.F.);
#1964=ORIENTED_EDGE('',*,*,#4326,.F.);
#1965=ORIENTED_EDGE('',*,*,#4596,.T.);
#1966=ORIENTED_EDGE('',*,*,#4323,.T.);
#1967=ORIENTED_EDGE('',*,*,#4287,.F.);
#1968=ORIENTED_EDGE('',*,*,#4607,.F.);
#1969=ORIENTED_EDGE('',*,*,#4319,.F.);
#1970=ORIENTED_EDGE('',*,*,#4580,.T.);
#1971=ORIENTED_EDGE('',*,*,#4316,.T.);
#1972=ORIENTED_EDGE('',*,*,#4277,.F.);
#1973=ORIENTED_EDGE('',*,*,#4591,.F.);
#1974=ORIENTED_EDGE('',*,*,#4312,.F.);
#1975=ORIENTED_EDGE('',*,*,#4564,.T.);
#1976=ORIENTED_EDGE('',*,*,#4309,.T.);
#1977=ORIENTED_EDGE('',*,*,#4267,.F.);
#1978=ORIENTED_EDGE('',*,*,#4575,.F.);
#1979=ORIENTED_EDGE('',*,*,#4305,.F.);
#1980=ORIENTED_EDGE('',*,*,#4628,.T.);
#1981=ORIENTED_EDGE('',*,*,#4249,.F.);
#1982=ORIENTED_EDGE('',*,*,#4551,.F.);
#1983=ORIENTED_EDGE('',*,*,#4250,.F.);
#1984=ORIENTED_EDGE('',*,*,#4628,.F.);
#1985=ORIENTED_EDGE('',*,*,#4304,.F.);
#1986=ORIENTED_EDGE('',*,*,#4336,.T.);
#1987=ORIENTED_EDGE('',*,*,#4422,.F.);
#1988=ORIENTED_EDGE('',*,*,#4298,.T.);
#1989=ORIENTED_EDGE('',*,*,#4295,.F.);
#1990=ORIENTED_EDGE('',*,*,#4629,.T.);
#1991=ORIENTED_EDGE('',*,*,#4232,.F.);
#1992=ORIENTED_EDGE('',*,*,#4615,.F.);
#1993=ORIENTED_EDGE('',*,*,#4233,.F.);
#1994=ORIENTED_EDGE('',*,*,#4629,.F.);
#1995=ORIENTED_EDGE('',*,*,#4294,.F.);
#1996=ORIENTED_EDGE('',*,*,#4329,.T.);
#1997=ORIENTED_EDGE('',*,*,#4418,.F.);
#1998=ORIENTED_EDGE('',*,*,#4288,.T.);
#1999=ORIENTED_EDGE('',*,*,#4285,.F.);
#2000=ORIENTED_EDGE('',*,*,#4630,.T.);
#2001=ORIENTED_EDGE('',*,*,#4215,.F.);
#2002=ORIENTED_EDGE('',*,*,#4599,.F.);
#2003=ORIENTED_EDGE('',*,*,#4216,.F.);
#2004=ORIENTED_EDGE('',*,*,#4630,.F.);
#2005=ORIENTED_EDGE('',*,*,#4284,.F.);
#2006=ORIENTED_EDGE('',*,*,#4322,.T.);
#2007=ORIENTED_EDGE('',*,*,#4414,.F.);
#2008=ORIENTED_EDGE('',*,*,#4278,.T.);
#2009=ORIENTED_EDGE('',*,*,#4275,.F.);
#2010=ORIENTED_EDGE('',*,*,#4631,.T.);
#2011=ORIENTED_EDGE('',*,*,#4198,.F.);
#2012=ORIENTED_EDGE('',*,*,#4583,.F.);
#2013=ORIENTED_EDGE('',*,*,#4199,.F.);
#2014=ORIENTED_EDGE('',*,*,#4631,.F.);
#2015=ORIENTED_EDGE('',*,*,#4274,.F.);
#2016=ORIENTED_EDGE('',*,*,#4315,.T.);
#2017=ORIENTED_EDGE('',*,*,#4410,.F.);
#2018=ORIENTED_EDGE('',*,*,#4268,.T.);
#2019=ORIENTED_EDGE('',*,*,#4265,.F.);
#2020=ORIENTED_EDGE('',*,*,#4632,.T.);
#2021=ORIENTED_EDGE('',*,*,#4181,.F.);
#2022=ORIENTED_EDGE('',*,*,#4567,.F.);
#2023=ORIENTED_EDGE('',*,*,#4182,.F.);
#2024=ORIENTED_EDGE('',*,*,#4632,.F.);
#2025=ORIENTED_EDGE('',*,*,#4264,.F.);
#2026=ORIENTED_EDGE('',*,*,#4308,.T.);
#2027=ORIENTED_EDGE('',*,*,#4429,.F.);
#2028=ORIENTED_EDGE('',*,*,#4258,.T.);
#2029=ORIENTED_EDGE('',*,*,#4255,.F.);
#2030=ORIENTED_EDGE('',*,*,#4633,.T.);
#2031=ORIENTED_EDGE('',*,*,#4634,.T.);
#2032=ORIENTED_EDGE('',*,*,#4635,.F.);
#2033=ORIENTED_EDGE('',*,*,#4256,.F.);
#2034=ORIENTED_EDGE('',*,*,#4635,.T.);
#2035=ORIENTED_EDGE('',*,*,#4636,.T.);
#2036=ORIENTED_EDGE('',*,*,#4637,.F.);
#2037=ORIENTED_EDGE('',*,*,#4257,.F.);
#2038=ORIENTED_EDGE('',*,*,#4637,.T.);
#2039=ORIENTED_EDGE('',*,*,#4638,.T.);
#2040=ORIENTED_EDGE('',*,*,#4639,.F.);
#2041=ORIENTED_EDGE('',*,*,#4254,.F.);
#2042=ORIENTED_EDGE('',*,*,#4639,.T.);
#2043=ORIENTED_EDGE('',*,*,#4640,.T.);
#2044=ORIENTED_EDGE('',*,*,#4633,.F.);
#2045=ORIENTED_EDGE('',*,*,#4634,.F.);
#2046=ORIENTED_EDGE('',*,*,#4640,.F.);
#2047=ORIENTED_EDGE('',*,*,#4638,.F.);
#2048=ORIENTED_EDGE('',*,*,#4636,.F.);
#2049=ORIENTED_EDGE('',*,*,#4246,.F.);
#2050=ORIENTED_EDGE('',*,*,#4641,.T.);
#2051=ORIENTED_EDGE('',*,*,#4642,.T.);
#2052=ORIENTED_EDGE('',*,*,#4643,.F.);
#2053=ORIENTED_EDGE('',*,*,#4247,.F.);
#2054=ORIENTED_EDGE('',*,*,#4643,.T.);
#2055=ORIENTED_EDGE('',*,*,#4644,.T.);
#2056=ORIENTED_EDGE('',*,*,#4645,.F.);
#2057=ORIENTED_EDGE('',*,*,#4248,.F.);
#2058=ORIENTED_EDGE('',*,*,#4645,.T.);
#2059=ORIENTED_EDGE('',*,*,#4646,.T.);
#2060=ORIENTED_EDGE('',*,*,#4647,.F.);
#2061=ORIENTED_EDGE('',*,*,#4245,.F.);
#2062=ORIENTED_EDGE('',*,*,#4647,.T.);
#2063=ORIENTED_EDGE('',*,*,#4648,.T.);
#2064=ORIENTED_EDGE('',*,*,#4641,.F.);
#2065=ORIENTED_EDGE('',*,*,#4642,.F.);
#2066=ORIENTED_EDGE('',*,*,#4648,.F.);
#2067=ORIENTED_EDGE('',*,*,#4646,.F.);
#2068=ORIENTED_EDGE('',*,*,#4644,.F.);
#2069=ORIENTED_EDGE('',*,*,#4238,.F.);
#2070=ORIENTED_EDGE('',*,*,#4649,.T.);
#2071=ORIENTED_EDGE('',*,*,#4650,.T.);
#2072=ORIENTED_EDGE('',*,*,#4651,.F.);
#2073=ORIENTED_EDGE('',*,*,#4239,.F.);
#2074=ORIENTED_EDGE('',*,*,#4651,.T.);
#2075=ORIENTED_EDGE('',*,*,#4652,.T.);
#2076=ORIENTED_EDGE('',*,*,#4653,.F.);
#2077=ORIENTED_EDGE('',*,*,#4240,.F.);
#2078=ORIENTED_EDGE('',*,*,#4653,.T.);
#2079=ORIENTED_EDGE('',*,*,#4654,.T.);
#2080=ORIENTED_EDGE('',*,*,#4655,.F.);
#2081=ORIENTED_EDGE('',*,*,#4237,.F.);
#2082=ORIENTED_EDGE('',*,*,#4655,.T.);
#2083=ORIENTED_EDGE('',*,*,#4656,.T.);
#2084=ORIENTED_EDGE('',*,*,#4649,.F.);
#2085=ORIENTED_EDGE('',*,*,#4650,.F.);
#2086=ORIENTED_EDGE('',*,*,#4656,.F.);
#2087=ORIENTED_EDGE('',*,*,#4654,.F.);
#2088=ORIENTED_EDGE('',*,*,#4652,.F.);
#2089=ORIENTED_EDGE('',*,*,#4229,.F.);
#2090=ORIENTED_EDGE('',*,*,#4657,.T.);
#2091=ORIENTED_EDGE('',*,*,#4658,.T.);
#2092=ORIENTED_EDGE('',*,*,#4659,.F.);
#2093=ORIENTED_EDGE('',*,*,#4230,.F.);
#2094=ORIENTED_EDGE('',*,*,#4659,.T.);
#2095=ORIENTED_EDGE('',*,*,#4660,.T.);
#2096=ORIENTED_EDGE('',*,*,#4661,.F.);
#2097=ORIENTED_EDGE('',*,*,#4231,.F.);
#2098=ORIENTED_EDGE('',*,*,#4661,.T.);
#2099=ORIENTED_EDGE('',*,*,#4662,.T.);
#2100=ORIENTED_EDGE('',*,*,#4663,.F.);
#2101=ORIENTED_EDGE('',*,*,#4228,.F.);
#2102=ORIENTED_EDGE('',*,*,#4663,.T.);
#2103=ORIENTED_EDGE('',*,*,#4664,.T.);
#2104=ORIENTED_EDGE('',*,*,#4657,.F.);
#2105=ORIENTED_EDGE('',*,*,#4658,.F.);
#2106=ORIENTED_EDGE('',*,*,#4664,.F.);
#2107=ORIENTED_EDGE('',*,*,#4662,.F.);
#2108=ORIENTED_EDGE('',*,*,#4660,.F.);
#2109=ORIENTED_EDGE('',*,*,#4221,.F.);
#2110=ORIENTED_EDGE('',*,*,#4665,.T.);
#2111=ORIENTED_EDGE('',*,*,#4666,.T.);
#2112=ORIENTED_EDGE('',*,*,#4667,.F.);
#2113=ORIENTED_EDGE('',*,*,#4222,.F.);
#2114=ORIENTED_EDGE('',*,*,#4667,.T.);
#2115=ORIENTED_EDGE('',*,*,#4668,.T.);
#2116=ORIENTED_EDGE('',*,*,#4669,.F.);
#2117=ORIENTED_EDGE('',*,*,#4223,.F.);
#2118=ORIENTED_EDGE('',*,*,#4669,.T.);
#2119=ORIENTED_EDGE('',*,*,#4670,.T.);
#2120=ORIENTED_EDGE('',*,*,#4671,.F.);
#2121=ORIENTED_EDGE('',*,*,#4220,.F.);
#2122=ORIENTED_EDGE('',*,*,#4671,.T.);
#2123=ORIENTED_EDGE('',*,*,#4672,.T.);
#2124=ORIENTED_EDGE('',*,*,#4665,.F.);
#2125=ORIENTED_EDGE('',*,*,#4666,.F.);
#2126=ORIENTED_EDGE('',*,*,#4672,.F.);
#2127=ORIENTED_EDGE('',*,*,#4670,.F.);
#2128=ORIENTED_EDGE('',*,*,#4668,.F.);
#2129=ORIENTED_EDGE('',*,*,#4212,.F.);
#2130=ORIENTED_EDGE('',*,*,#4673,.T.);
#2131=ORIENTED_EDGE('',*,*,#4674,.T.);
#2132=ORIENTED_EDGE('',*,*,#4675,.F.);
#2133=ORIENTED_EDGE('',*,*,#4213,.F.);
#2134=ORIENTED_EDGE('',*,*,#4675,.T.);
#2135=ORIENTED_EDGE('',*,*,#4676,.T.);
#2136=ORIENTED_EDGE('',*,*,#4677,.F.);
#2137=ORIENTED_EDGE('',*,*,#4214,.F.);
#2138=ORIENTED_EDGE('',*,*,#4677,.T.);
#2139=ORIENTED_EDGE('',*,*,#4678,.T.);
#2140=ORIENTED_EDGE('',*,*,#4679,.F.);
#2141=ORIENTED_EDGE('',*,*,#4211,.F.);
#2142=ORIENTED_EDGE('',*,*,#4679,.T.);
#2143=ORIENTED_EDGE('',*,*,#4680,.T.);
#2144=ORIENTED_EDGE('',*,*,#4673,.F.);
#2145=ORIENTED_EDGE('',*,*,#4674,.F.);
#2146=ORIENTED_EDGE('',*,*,#4680,.F.);
#2147=ORIENTED_EDGE('',*,*,#4678,.F.);
#2148=ORIENTED_EDGE('',*,*,#4676,.F.);
#2149=ORIENTED_EDGE('',*,*,#4204,.F.);
#2150=ORIENTED_EDGE('',*,*,#4681,.T.);
#2151=ORIENTED_EDGE('',*,*,#4682,.T.);
#2152=ORIENTED_EDGE('',*,*,#4683,.F.);
#2153=ORIENTED_EDGE('',*,*,#4205,.F.);
#2154=ORIENTED_EDGE('',*,*,#4683,.T.);
#2155=ORIENTED_EDGE('',*,*,#4684,.T.);
#2156=ORIENTED_EDGE('',*,*,#4685,.F.);
#2157=ORIENTED_EDGE('',*,*,#4206,.F.);
#2158=ORIENTED_EDGE('',*,*,#4685,.T.);
#2159=ORIENTED_EDGE('',*,*,#4686,.T.);
#2160=ORIENTED_EDGE('',*,*,#4687,.F.);
#2161=ORIENTED_EDGE('',*,*,#4203,.F.);
#2162=ORIENTED_EDGE('',*,*,#4687,.T.);
#2163=ORIENTED_EDGE('',*,*,#4688,.T.);
#2164=ORIENTED_EDGE('',*,*,#4681,.F.);
#2165=ORIENTED_EDGE('',*,*,#4682,.F.);
#2166=ORIENTED_EDGE('',*,*,#4688,.F.);
#2167=ORIENTED_EDGE('',*,*,#4686,.F.);
#2168=ORIENTED_EDGE('',*,*,#4684,.F.);
#2169=ORIENTED_EDGE('',*,*,#4195,.F.);
#2170=ORIENTED_EDGE('',*,*,#4689,.T.);
#2171=ORIENTED_EDGE('',*,*,#4690,.T.);
#2172=ORIENTED_EDGE('',*,*,#4691,.F.);
#2173=ORIENTED_EDGE('',*,*,#4196,.F.);
#2174=ORIENTED_EDGE('',*,*,#4691,.T.);
#2175=ORIENTED_EDGE('',*,*,#4692,.T.);
#2176=ORIENTED_EDGE('',*,*,#4693,.F.);
#2177=ORIENTED_EDGE('',*,*,#4197,.F.);
#2178=ORIENTED_EDGE('',*,*,#4693,.T.);
#2179=ORIENTED_EDGE('',*,*,#4694,.T.);
#2180=ORIENTED_EDGE('',*,*,#4695,.F.);
#2181=ORIENTED_EDGE('',*,*,#4194,.F.);
#2182=ORIENTED_EDGE('',*,*,#4695,.T.);
#2183=ORIENTED_EDGE('',*,*,#4696,.T.);
#2184=ORIENTED_EDGE('',*,*,#4689,.F.);
#2185=ORIENTED_EDGE('',*,*,#4690,.F.);
#2186=ORIENTED_EDGE('',*,*,#4696,.F.);
#2187=ORIENTED_EDGE('',*,*,#4694,.F.);
#2188=ORIENTED_EDGE('',*,*,#4692,.F.);
#2189=ORIENTED_EDGE('',*,*,#4187,.F.);
#2190=ORIENTED_EDGE('',*,*,#4697,.T.);
#2191=ORIENTED_EDGE('',*,*,#4698,.T.);
#2192=ORIENTED_EDGE('',*,*,#4699,.F.);
#2193=ORIENTED_EDGE('',*,*,#4188,.F.);
#2194=ORIENTED_EDGE('',*,*,#4699,.T.);
#2195=ORIENTED_EDGE('',*,*,#4700,.T.);
#2196=ORIENTED_EDGE('',*,*,#4701,.F.);
#2197=ORIENTED_EDGE('',*,*,#4189,.F.);
#2198=ORIENTED_EDGE('',*,*,#4701,.T.);
#2199=ORIENTED_EDGE('',*,*,#4702,.T.);
#2200=ORIENTED_EDGE('',*,*,#4703,.F.);
#2201=ORIENTED_EDGE('',*,*,#4186,.F.);
#2202=ORIENTED_EDGE('',*,*,#4703,.T.);
#2203=ORIENTED_EDGE('',*,*,#4704,.T.);
#2204=ORIENTED_EDGE('',*,*,#4697,.F.);
#2205=ORIENTED_EDGE('',*,*,#4698,.F.);
#2206=ORIENTED_EDGE('',*,*,#4704,.F.);
#2207=ORIENTED_EDGE('',*,*,#4702,.F.);
#2208=ORIENTED_EDGE('',*,*,#4700,.F.);
#2209=ORIENTED_EDGE('',*,*,#4178,.F.);
#2210=ORIENTED_EDGE('',*,*,#4705,.T.);
#2211=ORIENTED_EDGE('',*,*,#4706,.T.);
#2212=ORIENTED_EDGE('',*,*,#4707,.F.);
#2213=ORIENTED_EDGE('',*,*,#4179,.F.);
#2214=ORIENTED_EDGE('',*,*,#4707,.T.);
#2215=ORIENTED_EDGE('',*,*,#4708,.T.);
#2216=ORIENTED_EDGE('',*,*,#4709,.F.);
#2217=ORIENTED_EDGE('',*,*,#4180,.F.);
#2218=ORIENTED_EDGE('',*,*,#4709,.T.);
#2219=ORIENTED_EDGE('',*,*,#4710,.T.);
#2220=ORIENTED_EDGE('',*,*,#4711,.F.);
#2221=ORIENTED_EDGE('',*,*,#4177,.F.);
#2222=ORIENTED_EDGE('',*,*,#4711,.T.);
#2223=ORIENTED_EDGE('',*,*,#4712,.T.);
#2224=ORIENTED_EDGE('',*,*,#4705,.F.);
#2225=ORIENTED_EDGE('',*,*,#4706,.F.);
#2226=ORIENTED_EDGE('',*,*,#4712,.F.);
#2227=ORIENTED_EDGE('',*,*,#4710,.F.);
#2228=ORIENTED_EDGE('',*,*,#4708,.F.);
#2229=ORIENTED_EDGE('',*,*,#4713,.T.);
#2230=ORIENTED_EDGE('',*,*,#4714,.T.);
#2231=ORIENTED_EDGE('',*,*,#4713,.F.);
#2232=ORIENTED_EDGE('',*,*,#4093,.T.);
#2233=ORIENTED_EDGE('',*,*,#4714,.F.);
#2234=ORIENTED_EDGE('',*,*,#4715,.T.);
#2235=ORIENTED_EDGE('',*,*,#4716,.T.);
#2236=ORIENTED_EDGE('',*,*,#4715,.F.);
#2237=ORIENTED_EDGE('',*,*,#4094,.T.);
#2238=ORIENTED_EDGE('',*,*,#4716,.F.);
#2239=ORIENTED_EDGE('',*,*,#4717,.T.);
#2240=ORIENTED_EDGE('',*,*,#4718,.T.);
#2241=ORIENTED_EDGE('',*,*,#4717,.F.);
#2242=ORIENTED_EDGE('',*,*,#4095,.T.);
#2243=ORIENTED_EDGE('',*,*,#4718,.F.);
#2244=ORIENTED_EDGE('',*,*,#4719,.T.);
#2245=ORIENTED_EDGE('',*,*,#4720,.T.);
#2246=ORIENTED_EDGE('',*,*,#4719,.F.);
#2247=ORIENTED_EDGE('',*,*,#4096,.T.);
#2248=ORIENTED_EDGE('',*,*,#4720,.F.);
#2249=ORIENTED_EDGE('',*,*,#4721,.T.);
#2250=ORIENTED_EDGE('',*,*,#4722,.T.);
#2251=ORIENTED_EDGE('',*,*,#4721,.F.);
#2252=ORIENTED_EDGE('',*,*,#4097,.T.);
#2253=ORIENTED_EDGE('',*,*,#4722,.F.);
#2254=ORIENTED_EDGE('',*,*,#4098,.F.);
#2255=ORIENTED_EDGE('',*,*,#4723,.F.);
#2256=ORIENTED_EDGE('',*,*,#4724,.T.);
#2257=ORIENTED_EDGE('',*,*,#4725,.T.);
#2258=ORIENTED_EDGE('',*,*,#4099,.F.);
#2259=ORIENTED_EDGE('',*,*,#4725,.F.);
#2260=ORIENTED_EDGE('',*,*,#4726,.T.);
#2261=ORIENTED_EDGE('',*,*,#4727,.T.);
#2262=ORIENTED_EDGE('',*,*,#4100,.F.);
#2263=ORIENTED_EDGE('',*,*,#4727,.F.);
#2264=ORIENTED_EDGE('',*,*,#4728,.T.);
#2265=ORIENTED_EDGE('',*,*,#4729,.T.);
#2266=ORIENTED_EDGE('',*,*,#4101,.F.);
#2267=ORIENTED_EDGE('',*,*,#4729,.F.);
#2268=ORIENTED_EDGE('',*,*,#4730,.T.);
#2269=ORIENTED_EDGE('',*,*,#4731,.T.);
#2270=ORIENTED_EDGE('',*,*,#4102,.F.);
#2271=ORIENTED_EDGE('',*,*,#4731,.F.);
#2272=ORIENTED_EDGE('',*,*,#4732,.T.);
#2273=ORIENTED_EDGE('',*,*,#4733,.T.);
#2274=ORIENTED_EDGE('',*,*,#4103,.F.);
#2275=ORIENTED_EDGE('',*,*,#4733,.F.);
#2276=ORIENTED_EDGE('',*,*,#4734,.T.);
#2277=ORIENTED_EDGE('',*,*,#4723,.T.);
#2278=ORIENTED_EDGE('',*,*,#4724,.F.);
#2279=ORIENTED_EDGE('',*,*,#4734,.F.);
#2280=ORIENTED_EDGE('',*,*,#4732,.F.);
#2281=ORIENTED_EDGE('',*,*,#4730,.F.);
#2282=ORIENTED_EDGE('',*,*,#4728,.F.);
#2283=ORIENTED_EDGE('',*,*,#4726,.F.);
#2284=ORIENTED_EDGE('',*,*,#4104,.F.);
#2285=ORIENTED_EDGE('',*,*,#4735,.F.);
#2286=ORIENTED_EDGE('',*,*,#4736,.T.);
#2287=ORIENTED_EDGE('',*,*,#4737,.T.);
#2288=ORIENTED_EDGE('',*,*,#4105,.F.);
#2289=ORIENTED_EDGE('',*,*,#4737,.F.);
#2290=ORIENTED_EDGE('',*,*,#4738,.T.);
#2291=ORIENTED_EDGE('',*,*,#4739,.T.);
#2292=ORIENTED_EDGE('',*,*,#4106,.F.);
#2293=ORIENTED_EDGE('',*,*,#4739,.F.);
#2294=ORIENTED_EDGE('',*,*,#4740,.T.);
#2295=ORIENTED_EDGE('',*,*,#4741,.T.);
#2296=ORIENTED_EDGE('',*,*,#4107,.F.);
#2297=ORIENTED_EDGE('',*,*,#4741,.F.);
#2298=ORIENTED_EDGE('',*,*,#4742,.T.);
#2299=ORIENTED_EDGE('',*,*,#4743,.T.);
#2300=ORIENTED_EDGE('',*,*,#4108,.F.);
#2301=ORIENTED_EDGE('',*,*,#4743,.F.);
#2302=ORIENTED_EDGE('',*,*,#4744,.T.);
#2303=ORIENTED_EDGE('',*,*,#4745,.T.);
#2304=ORIENTED_EDGE('',*,*,#4109,.F.);
#2305=ORIENTED_EDGE('',*,*,#4745,.F.);
#2306=ORIENTED_EDGE('',*,*,#4746,.T.);
#2307=ORIENTED_EDGE('',*,*,#4735,.T.);
#2308=ORIENTED_EDGE('',*,*,#4736,.F.);
#2309=ORIENTED_EDGE('',*,*,#4746,.F.);
#2310=ORIENTED_EDGE('',*,*,#4744,.F.);
#2311=ORIENTED_EDGE('',*,*,#4742,.F.);
#2312=ORIENTED_EDGE('',*,*,#4740,.F.);
#2313=ORIENTED_EDGE('',*,*,#4738,.F.);
#2314=ORIENTED_EDGE('',*,*,#4110,.F.);
#2315=ORIENTED_EDGE('',*,*,#4747,.F.);
#2316=ORIENTED_EDGE('',*,*,#4748,.T.);
#2317=ORIENTED_EDGE('',*,*,#4749,.T.);
#2318=ORIENTED_EDGE('',*,*,#4111,.F.);
#2319=ORIENTED_EDGE('',*,*,#4749,.F.);
#2320=ORIENTED_EDGE('',*,*,#4750,.T.);
#2321=ORIENTED_EDGE('',*,*,#4751,.T.);
#2322=ORIENTED_EDGE('',*,*,#4112,.F.);
#2323=ORIENTED_EDGE('',*,*,#4751,.F.);
#2324=ORIENTED_EDGE('',*,*,#4752,.T.);
#2325=ORIENTED_EDGE('',*,*,#4753,.T.);
#2326=ORIENTED_EDGE('',*,*,#4113,.F.);
#2327=ORIENTED_EDGE('',*,*,#4753,.F.);
#2328=ORIENTED_EDGE('',*,*,#4754,.T.);
#2329=ORIENTED_EDGE('',*,*,#4755,.T.);
#2330=ORIENTED_EDGE('',*,*,#4114,.F.);
#2331=ORIENTED_EDGE('',*,*,#4755,.F.);
#2332=ORIENTED_EDGE('',*,*,#4756,.T.);
#2333=ORIENTED_EDGE('',*,*,#4757,.T.);
#2334=ORIENTED_EDGE('',*,*,#4115,.F.);
#2335=ORIENTED_EDGE('',*,*,#4757,.F.);
#2336=ORIENTED_EDGE('',*,*,#4758,.T.);
#2337=ORIENTED_EDGE('',*,*,#4747,.T.);
#2338=ORIENTED_EDGE('',*,*,#4748,.F.);
#2339=ORIENTED_EDGE('',*,*,#4758,.F.);
#2340=ORIENTED_EDGE('',*,*,#4756,.F.);
#2341=ORIENTED_EDGE('',*,*,#4754,.F.);
#2342=ORIENTED_EDGE('',*,*,#4752,.F.);
#2343=ORIENTED_EDGE('',*,*,#4750,.F.);
#2344=ORIENTED_EDGE('',*,*,#4116,.F.);
#2345=ORIENTED_EDGE('',*,*,#4759,.F.);
#2346=ORIENTED_EDGE('',*,*,#4760,.T.);
#2347=ORIENTED_EDGE('',*,*,#4761,.T.);
#2348=ORIENTED_EDGE('',*,*,#4117,.F.);
#2349=ORIENTED_EDGE('',*,*,#4761,.F.);
#2350=ORIENTED_EDGE('',*,*,#4762,.T.);
#2351=ORIENTED_EDGE('',*,*,#4763,.T.);
#2352=ORIENTED_EDGE('',*,*,#4118,.F.);
#2353=ORIENTED_EDGE('',*,*,#4763,.F.);
#2354=ORIENTED_EDGE('',*,*,#4764,.T.);
#2355=ORIENTED_EDGE('',*,*,#4765,.T.);
#2356=ORIENTED_EDGE('',*,*,#4119,.F.);
#2357=ORIENTED_EDGE('',*,*,#4765,.F.);
#2358=ORIENTED_EDGE('',*,*,#4766,.T.);
#2359=ORIENTED_EDGE('',*,*,#4767,.T.);
#2360=ORIENTED_EDGE('',*,*,#4120,.F.);
#2361=ORIENTED_EDGE('',*,*,#4767,.F.);
#2362=ORIENTED_EDGE('',*,*,#4768,.T.);
#2363=ORIENTED_EDGE('',*,*,#4769,.T.);
#2364=ORIENTED_EDGE('',*,*,#4121,.F.);
#2365=ORIENTED_EDGE('',*,*,#4769,.F.);
#2366=ORIENTED_EDGE('',*,*,#4770,.T.);
#2367=ORIENTED_EDGE('',*,*,#4759,.T.);
#2368=ORIENTED_EDGE('',*,*,#4760,.F.);
#2369=ORIENTED_EDGE('',*,*,#4770,.F.);
#2370=ORIENTED_EDGE('',*,*,#4768,.F.);
#2371=ORIENTED_EDGE('',*,*,#4766,.F.);
#2372=ORIENTED_EDGE('',*,*,#4764,.F.);
#2373=ORIENTED_EDGE('',*,*,#4762,.F.);
#2374=ORIENTED_EDGE('',*,*,#4122,.F.);
#2375=ORIENTED_EDGE('',*,*,#4771,.F.);
#2376=ORIENTED_EDGE('',*,*,#4772,.T.);
#2377=ORIENTED_EDGE('',*,*,#4773,.T.);
#2378=ORIENTED_EDGE('',*,*,#4123,.F.);
#2379=ORIENTED_EDGE('',*,*,#4773,.F.);
#2380=ORIENTED_EDGE('',*,*,#4774,.T.);
#2381=ORIENTED_EDGE('',*,*,#4775,.T.);
#2382=ORIENTED_EDGE('',*,*,#4124,.F.);
#2383=ORIENTED_EDGE('',*,*,#4775,.F.);
#2384=ORIENTED_EDGE('',*,*,#4776,.T.);
#2385=ORIENTED_EDGE('',*,*,#4777,.T.);
#2386=ORIENTED_EDGE('',*,*,#4125,.F.);
#2387=ORIENTED_EDGE('',*,*,#4777,.F.);
#2388=ORIENTED_EDGE('',*,*,#4778,.T.);
#2389=ORIENTED_EDGE('',*,*,#4779,.T.);
#2390=ORIENTED_EDGE('',*,*,#4126,.F.);
#2391=ORIENTED_EDGE('',*,*,#4779,.F.);
#2392=ORIENTED_EDGE('',*,*,#4780,.T.);
#2393=ORIENTED_EDGE('',*,*,#4781,.T.);
#2394=ORIENTED_EDGE('',*,*,#4127,.F.);
#2395=ORIENTED_EDGE('',*,*,#4781,.F.);
#2396=ORIENTED_EDGE('',*,*,#4782,.T.);
#2397=ORIENTED_EDGE('',*,*,#4771,.T.);
#2398=ORIENTED_EDGE('',*,*,#4772,.F.);
#2399=ORIENTED_EDGE('',*,*,#4782,.F.);
#2400=ORIENTED_EDGE('',*,*,#4780,.F.);
#2401=ORIENTED_EDGE('',*,*,#4778,.F.);
#2402=ORIENTED_EDGE('',*,*,#4776,.F.);
#2403=ORIENTED_EDGE('',*,*,#4774,.F.);
#2404=ORIENTED_EDGE('',*,*,#4783,.F.);
#2405=ORIENTED_EDGE('',*,*,#4784,.F.);
#2406=ORIENTED_EDGE('',*,*,#4509,.T.);
#2407=ORIENTED_EDGE('',*,*,#4785,.T.);
#2408=ORIENTED_EDGE('',*,*,#4786,.F.);
#2409=ORIENTED_EDGE('',*,*,#4785,.F.);
#2410=ORIENTED_EDGE('',*,*,#4527,.T.);
#2411=ORIENTED_EDGE('',*,*,#4787,.T.);
#2412=ORIENTED_EDGE('',*,*,#4788,.F.);
#2413=ORIENTED_EDGE('',*,*,#4787,.F.);
#2414=ORIENTED_EDGE('',*,*,#4526,.T.);
#2415=ORIENTED_EDGE('',*,*,#4789,.T.);
#2416=ORIENTED_EDGE('',*,*,#4790,.T.);
#2417=ORIENTED_EDGE('',*,*,#4789,.F.);
#2418=ORIENTED_EDGE('',*,*,#4525,.F.);
#2419=ORIENTED_EDGE('',*,*,#4791,.T.);
#2420=ORIENTED_EDGE('',*,*,#4792,.F.);
#2421=ORIENTED_EDGE('',*,*,#4791,.F.);
#2422=ORIENTED_EDGE('',*,*,#4524,.T.);
#2423=ORIENTED_EDGE('',*,*,#4793,.T.);
#2424=ORIENTED_EDGE('',*,*,#4794,.F.);
#2425=ORIENTED_EDGE('',*,*,#4793,.F.);
#2426=ORIENTED_EDGE('',*,*,#4523,.T.);
#2427=ORIENTED_EDGE('',*,*,#4795,.T.);
#2428=ORIENTED_EDGE('',*,*,#4796,.F.);
#2429=ORIENTED_EDGE('',*,*,#4795,.F.);
#2430=ORIENTED_EDGE('',*,*,#4522,.T.);
#2431=ORIENTED_EDGE('',*,*,#4797,.T.);
#2432=ORIENTED_EDGE('',*,*,#4798,.F.);
#2433=ORIENTED_EDGE('',*,*,#4797,.F.);
#2434=ORIENTED_EDGE('',*,*,#4521,.T.);
#2435=ORIENTED_EDGE('',*,*,#4799,.T.);
#2436=ORIENTED_EDGE('',*,*,#4800,.F.);
#2437=ORIENTED_EDGE('',*,*,#4799,.F.);
#2438=ORIENTED_EDGE('',*,*,#4520,.T.);
#2439=ORIENTED_EDGE('',*,*,#4801,.T.);
#2440=ORIENTED_EDGE('',*,*,#4802,.F.);
#2441=ORIENTED_EDGE('',*,*,#4801,.F.);
#2442=ORIENTED_EDGE('',*,*,#4519,.T.);
#2443=ORIENTED_EDGE('',*,*,#4803,.T.);
#2444=ORIENTED_EDGE('',*,*,#4804,.F.);
#2445=ORIENTED_EDGE('',*,*,#4803,.F.);
#2446=ORIENTED_EDGE('',*,*,#4518,.T.);
#2447=ORIENTED_EDGE('',*,*,#4805,.T.);
#2448=ORIENTED_EDGE('',*,*,#4806,.F.);
#2449=ORIENTED_EDGE('',*,*,#4805,.F.);
#2450=ORIENTED_EDGE('',*,*,#4517,.T.);
#2451=ORIENTED_EDGE('',*,*,#4807,.T.);
#2452=ORIENTED_EDGE('',*,*,#4808,.F.);
#2453=ORIENTED_EDGE('',*,*,#4807,.F.);
#2454=ORIENTED_EDGE('',*,*,#4516,.T.);
#2455=ORIENTED_EDGE('',*,*,#4809,.T.);
#2456=ORIENTED_EDGE('',*,*,#4810,.F.);
#2457=ORIENTED_EDGE('',*,*,#4809,.F.);
#2458=ORIENTED_EDGE('',*,*,#4515,.T.);
#2459=ORIENTED_EDGE('',*,*,#4811,.T.);
#2460=ORIENTED_EDGE('',*,*,#4812,.F.);
#2461=ORIENTED_EDGE('',*,*,#4811,.F.);
#2462=ORIENTED_EDGE('',*,*,#4514,.T.);
#2463=ORIENTED_EDGE('',*,*,#4813,.T.);
#2464=ORIENTED_EDGE('',*,*,#4814,.F.);
#2465=ORIENTED_EDGE('',*,*,#4813,.F.);
#2466=ORIENTED_EDGE('',*,*,#4513,.T.);
#2467=ORIENTED_EDGE('',*,*,#4815,.T.);
#2468=ORIENTED_EDGE('',*,*,#4816,.T.);
#2469=ORIENTED_EDGE('',*,*,#4815,.F.);
#2470=ORIENTED_EDGE('',*,*,#4512,.F.);
#2471=ORIENTED_EDGE('',*,*,#4817,.T.);
#2472=ORIENTED_EDGE('',*,*,#4818,.F.);
#2473=ORIENTED_EDGE('',*,*,#4817,.F.);
#2474=ORIENTED_EDGE('',*,*,#4511,.T.);
#2475=ORIENTED_EDGE('',*,*,#4819,.T.);
#2476=ORIENTED_EDGE('',*,*,#4820,.F.);
#2477=ORIENTED_EDGE('',*,*,#4819,.F.);
#2478=ORIENTED_EDGE('',*,*,#4510,.T.);
#2479=ORIENTED_EDGE('',*,*,#4784,.T.);
#2480=ORIENTED_EDGE('',*,*,#4821,.T.);
#2481=ORIENTED_EDGE('',*,*,#4822,.T.);
#2482=ORIENTED_EDGE('',*,*,#4823,.T.);
#2483=ORIENTED_EDGE('',*,*,#4824,.F.);
#2484=ORIENTED_EDGE('',*,*,#4825,.T.);
#2485=ORIENTED_EDGE('',*,*,#4826,.T.);
#2486=ORIENTED_EDGE('',*,*,#4827,.T.);
#2487=ORIENTED_EDGE('',*,*,#4828,.T.);
#2488=ORIENTED_EDGE('',*,*,#4829,.T.);
#2489=ORIENTED_EDGE('',*,*,#4830,.T.);
#2490=ORIENTED_EDGE('',*,*,#4831,.T.);
#2491=ORIENTED_EDGE('',*,*,#4832,.T.);
#2492=ORIENTED_EDGE('',*,*,#4833,.T.);
#2493=ORIENTED_EDGE('',*,*,#4834,.T.);
#2494=ORIENTED_EDGE('',*,*,#4835,.T.);
#2495=ORIENTED_EDGE('',*,*,#4836,.T.);
#2496=ORIENTED_EDGE('',*,*,#4837,.F.);
#2497=ORIENTED_EDGE('',*,*,#4838,.T.);
#2498=ORIENTED_EDGE('',*,*,#4839,.T.);
#2499=ORIENTED_EDGE('',*,*,#4840,.F.);
#2500=ORIENTED_EDGE('',*,*,#4820,.T.);
#2501=ORIENTED_EDGE('',*,*,#4841,.T.);
#2502=ORIENTED_EDGE('',*,*,#4839,.F.);
#2503=ORIENTED_EDGE('',*,*,#4842,.F.);
#2504=ORIENTED_EDGE('',*,*,#4818,.T.);
#2505=ORIENTED_EDGE('',*,*,#4840,.T.);
#2506=ORIENTED_EDGE('',*,*,#4838,.F.);
#2507=ORIENTED_EDGE('',*,*,#4816,.F.);
#2508=ORIENTED_EDGE('',*,*,#4842,.T.);
#2509=ORIENTED_EDGE('',*,*,#4837,.T.);
#2510=ORIENTED_EDGE('',*,*,#4843,.F.);
#2511=ORIENTED_EDGE('',*,*,#4844,.F.);
#2512=ORIENTED_EDGE('',*,*,#4814,.T.);
#2513=ORIENTED_EDGE('',*,*,#4843,.T.);
#2514=ORIENTED_EDGE('',*,*,#4836,.F.);
#2515=ORIENTED_EDGE('',*,*,#4845,.F.);
#2516=ORIENTED_EDGE('',*,*,#4812,.T.);
#2517=ORIENTED_EDGE('',*,*,#4844,.T.);
#2518=ORIENTED_EDGE('',*,*,#4835,.F.);
#2519=ORIENTED_EDGE('',*,*,#4846,.F.);
#2520=ORIENTED_EDGE('',*,*,#4810,.T.);
#2521=ORIENTED_EDGE('',*,*,#4845,.T.);
#2522=ORIENTED_EDGE('',*,*,#4834,.F.);
#2523=ORIENTED_EDGE('',*,*,#4847,.F.);
#2524=ORIENTED_EDGE('',*,*,#4808,.T.);
#2525=ORIENTED_EDGE('',*,*,#4846,.T.);
#2526=ORIENTED_EDGE('',*,*,#4833,.F.);
#2527=ORIENTED_EDGE('',*,*,#4848,.F.);
#2528=ORIENTED_EDGE('',*,*,#4806,.T.);
#2529=ORIENTED_EDGE('',*,*,#4847,.T.);
#2530=ORIENTED_EDGE('',*,*,#4832,.F.);
#2531=ORIENTED_EDGE('',*,*,#4849,.F.);
#2532=ORIENTED_EDGE('',*,*,#4804,.T.);
#2533=ORIENTED_EDGE('',*,*,#4848,.T.);
#2534=ORIENTED_EDGE('',*,*,#4831,.F.);
#2535=ORIENTED_EDGE('',*,*,#4850,.F.);
#2536=ORIENTED_EDGE('',*,*,#4802,.T.);
#2537=ORIENTED_EDGE('',*,*,#4849,.T.);
#2538=ORIENTED_EDGE('',*,*,#4830,.F.);
#2539=ORIENTED_EDGE('',*,*,#4851,.F.);
#2540=ORIENTED_EDGE('',*,*,#4800,.T.);
#2541=ORIENTED_EDGE('',*,*,#4850,.T.);
#2542=ORIENTED_EDGE('',*,*,#4829,.F.);
#2543=ORIENTED_EDGE('',*,*,#4852,.F.);
#2544=ORIENTED_EDGE('',*,*,#4798,.T.);
#2545=ORIENTED_EDGE('',*,*,#4851,.T.);
#2546=ORIENTED_EDGE('',*,*,#4828,.F.);
#2547=ORIENTED_EDGE('',*,*,#4853,.F.);
#2548=ORIENTED_EDGE('',*,*,#4796,.T.);
#2549=ORIENTED_EDGE('',*,*,#4852,.T.);
#2550=ORIENTED_EDGE('',*,*,#4827,.F.);
#2551=ORIENTED_EDGE('',*,*,#4854,.F.);
#2552=ORIENTED_EDGE('',*,*,#4794,.T.);
#2553=ORIENTED_EDGE('',*,*,#4853,.T.);
#2554=ORIENTED_EDGE('',*,*,#4826,.F.);
#2555=ORIENTED_EDGE('',*,*,#4855,.F.);
#2556=ORIENTED_EDGE('',*,*,#4792,.T.);
#2557=ORIENTED_EDGE('',*,*,#4854,.T.);
#2558=ORIENTED_EDGE('',*,*,#4825,.F.);
#2559=ORIENTED_EDGE('',*,*,#4790,.F.);
#2560=ORIENTED_EDGE('',*,*,#4855,.T.);
#2561=ORIENTED_EDGE('',*,*,#4824,.T.);
#2562=ORIENTED_EDGE('',*,*,#4856,.F.);
#2563=ORIENTED_EDGE('',*,*,#4857,.F.);
#2564=ORIENTED_EDGE('',*,*,#4788,.T.);
#2565=ORIENTED_EDGE('',*,*,#4856,.T.);
#2566=ORIENTED_EDGE('',*,*,#4823,.F.);
#2567=ORIENTED_EDGE('',*,*,#4858,.F.);
#2568=ORIENTED_EDGE('',*,*,#4786,.T.);
#2569=ORIENTED_EDGE('',*,*,#4857,.T.);
#2570=ORIENTED_EDGE('',*,*,#4822,.F.);
#2571=ORIENTED_EDGE('',*,*,#4841,.F.);
#2572=ORIENTED_EDGE('',*,*,#4783,.T.);
#2573=ORIENTED_EDGE('',*,*,#4858,.T.);
#2574=ORIENTED_EDGE('',*,*,#4821,.F.);
#2575=ORIENTED_EDGE('',*,*,#4859,.F.);
#2576=ORIENTED_EDGE('',*,*,#4860,.F.);
#2577=ORIENTED_EDGE('',*,*,#4433,.T.);
#2578=ORIENTED_EDGE('',*,*,#4861,.T.);
#2579=ORIENTED_EDGE('',*,*,#4862,.F.);
#2580=ORIENTED_EDGE('',*,*,#4861,.F.);
#2581=ORIENTED_EDGE('',*,*,#4451,.T.);
#2582=ORIENTED_EDGE('',*,*,#4863,.T.);
#2583=ORIENTED_EDGE('',*,*,#4864,.F.);
#2584=ORIENTED_EDGE('',*,*,#4863,.F.);
#2585=ORIENTED_EDGE('',*,*,#4450,.T.);
#2586=ORIENTED_EDGE('',*,*,#4865,.T.);
#2587=ORIENTED_EDGE('',*,*,#4866,.T.);
#2588=ORIENTED_EDGE('',*,*,#4865,.F.);
#2589=ORIENTED_EDGE('',*,*,#4449,.F.);
#2590=ORIENTED_EDGE('',*,*,#4867,.T.);
#2591=ORIENTED_EDGE('',*,*,#4868,.F.);
#2592=ORIENTED_EDGE('',*,*,#4867,.F.);
#2593=ORIENTED_EDGE('',*,*,#4448,.T.);
#2594=ORIENTED_EDGE('',*,*,#4869,.T.);
#2595=ORIENTED_EDGE('',*,*,#4870,.F.);
#2596=ORIENTED_EDGE('',*,*,#4869,.F.);
#2597=ORIENTED_EDGE('',*,*,#4447,.T.);
#2598=ORIENTED_EDGE('',*,*,#4871,.T.);
#2599=ORIENTED_EDGE('',*,*,#4872,.F.);
#2600=ORIENTED_EDGE('',*,*,#4871,.F.);
#2601=ORIENTED_EDGE('',*,*,#4446,.T.);
#2602=ORIENTED_EDGE('',*,*,#4873,.T.);
#2603=ORIENTED_EDGE('',*,*,#4874,.F.);
#2604=ORIENTED_EDGE('',*,*,#4873,.F.);
#2605=ORIENTED_EDGE('',*,*,#4445,.T.);
#2606=ORIENTED_EDGE('',*,*,#4875,.T.);
#2607=ORIENTED_EDGE('',*,*,#4876,.F.);
#2608=ORIENTED_EDGE('',*,*,#4875,.F.);
#2609=ORIENTED_EDGE('',*,*,#4444,.T.);
#2610=ORIENTED_EDGE('',*,*,#4877,.T.);
#2611=ORIENTED_EDGE('',*,*,#4878,.F.);
#2612=ORIENTED_EDGE('',*,*,#4877,.F.);
#2613=ORIENTED_EDGE('',*,*,#4443,.T.);
#2614=ORIENTED_EDGE('',*,*,#4879,.T.);
#2615=ORIENTED_EDGE('',*,*,#4880,.F.);
#2616=ORIENTED_EDGE('',*,*,#4879,.F.);
#2617=ORIENTED_EDGE('',*,*,#4442,.T.);
#2618=ORIENTED_EDGE('',*,*,#4881,.T.);
#2619=ORIENTED_EDGE('',*,*,#4882,.F.);
#2620=ORIENTED_EDGE('',*,*,#4881,.F.);
#2621=ORIENTED_EDGE('',*,*,#4441,.T.);
#2622=ORIENTED_EDGE('',*,*,#4883,.T.);
#2623=ORIENTED_EDGE('',*,*,#4884,.F.);
#2624=ORIENTED_EDGE('',*,*,#4883,.F.);
#2625=ORIENTED_EDGE('',*,*,#4440,.T.);
#2626=ORIENTED_EDGE('',*,*,#4885,.T.);
#2627=ORIENTED_EDGE('',*,*,#4886,.F.);
#2628=ORIENTED_EDGE('',*,*,#4885,.F.);
#2629=ORIENTED_EDGE('',*,*,#4439,.T.);
#2630=ORIENTED_EDGE('',*,*,#4887,.T.);
#2631=ORIENTED_EDGE('',*,*,#4888,.F.);
#2632=ORIENTED_EDGE('',*,*,#4887,.F.);
#2633=ORIENTED_EDGE('',*,*,#4438,.T.);
#2634=ORIENTED_EDGE('',*,*,#4889,.T.);
#2635=ORIENTED_EDGE('',*,*,#4890,.F.);
#2636=ORIENTED_EDGE('',*,*,#4889,.F.);
#2637=ORIENTED_EDGE('',*,*,#4437,.T.);
#2638=ORIENTED_EDGE('',*,*,#4891,.T.);
#2639=ORIENTED_EDGE('',*,*,#4892,.T.);
#2640=ORIENTED_EDGE('',*,*,#4891,.F.);
#2641=ORIENTED_EDGE('',*,*,#4436,.F.);
#2642=ORIENTED_EDGE('',*,*,#4893,.T.);
#2643=ORIENTED_EDGE('',*,*,#4894,.F.);
#2644=ORIENTED_EDGE('',*,*,#4893,.F.);
#2645=ORIENTED_EDGE('',*,*,#4435,.T.);
#2646=ORIENTED_EDGE('',*,*,#4895,.T.);
#2647=ORIENTED_EDGE('',*,*,#4896,.F.);
#2648=ORIENTED_EDGE('',*,*,#4895,.F.);
#2649=ORIENTED_EDGE('',*,*,#4434,.T.);
#2650=ORIENTED_EDGE('',*,*,#4860,.T.);
#2651=ORIENTED_EDGE('',*,*,#4897,.F.);
#2652=ORIENTED_EDGE('',*,*,#4898,.F.);
#2653=ORIENTED_EDGE('',*,*,#4452,.T.);
#2654=ORIENTED_EDGE('',*,*,#4899,.T.);
#2655=ORIENTED_EDGE('',*,*,#4900,.F.);
#2656=ORIENTED_EDGE('',*,*,#4899,.F.);
#2657=ORIENTED_EDGE('',*,*,#4470,.T.);
#2658=ORIENTED_EDGE('',*,*,#4901,.T.);
#2659=ORIENTED_EDGE('',*,*,#4902,.F.);
#2660=ORIENTED_EDGE('',*,*,#4901,.F.);
#2661=ORIENTED_EDGE('',*,*,#4469,.T.);
#2662=ORIENTED_EDGE('',*,*,#4903,.T.);
#2663=ORIENTED_EDGE('',*,*,#4904,.T.);
#2664=ORIENTED_EDGE('',*,*,#4903,.F.);
#2665=ORIENTED_EDGE('',*,*,#4468,.F.);
#2666=ORIENTED_EDGE('',*,*,#4905,.T.);
#2667=ORIENTED_EDGE('',*,*,#4906,.F.);
#2668=ORIENTED_EDGE('',*,*,#4905,.F.);
#2669=ORIENTED_EDGE('',*,*,#4467,.T.);
#2670=ORIENTED_EDGE('',*,*,#4907,.T.);
#2671=ORIENTED_EDGE('',*,*,#4908,.F.);
#2672=ORIENTED_EDGE('',*,*,#4907,.F.);
#2673=ORIENTED_EDGE('',*,*,#4466,.T.);
#2674=ORIENTED_EDGE('',*,*,#4909,.T.);
#2675=ORIENTED_EDGE('',*,*,#4910,.F.);
#2676=ORIENTED_EDGE('',*,*,#4909,.F.);
#2677=ORIENTED_EDGE('',*,*,#4465,.T.);
#2678=ORIENTED_EDGE('',*,*,#4911,.T.);
#2679=ORIENTED_EDGE('',*,*,#4912,.F.);
#2680=ORIENTED_EDGE('',*,*,#4911,.F.);
#2681=ORIENTED_EDGE('',*,*,#4464,.T.);
#2682=ORIENTED_EDGE('',*,*,#4913,.T.);
#2683=ORIENTED_EDGE('',*,*,#4914,.F.);
#2684=ORIENTED_EDGE('',*,*,#4913,.F.);
#2685=ORIENTED_EDGE('',*,*,#4463,.T.);
#2686=ORIENTED_EDGE('',*,*,#4915,.T.);
#2687=ORIENTED_EDGE('',*,*,#4916,.F.);
#2688=ORIENTED_EDGE('',*,*,#4915,.F.);
#2689=ORIENTED_EDGE('',*,*,#4462,.T.);
#2690=ORIENTED_EDGE('',*,*,#4917,.T.);
#2691=ORIENTED_EDGE('',*,*,#4918,.F.);
#2692=ORIENTED_EDGE('',*,*,#4917,.F.);
#2693=ORIENTED_EDGE('',*,*,#4461,.T.);
#2694=ORIENTED_EDGE('',*,*,#4919,.T.);
#2695=ORIENTED_EDGE('',*,*,#4920,.F.);
#2696=ORIENTED_EDGE('',*,*,#4919,.F.);
#2697=ORIENTED_EDGE('',*,*,#4460,.T.);
#2698=ORIENTED_EDGE('',*,*,#4921,.T.);
#2699=ORIENTED_EDGE('',*,*,#4922,.F.);
#2700=ORIENTED_EDGE('',*,*,#4921,.F.);
#2701=ORIENTED_EDGE('',*,*,#4459,.T.);
#2702=ORIENTED_EDGE('',*,*,#4923,.T.);
#2703=ORIENTED_EDGE('',*,*,#4924,.F.);
#2704=ORIENTED_EDGE('',*,*,#4923,.F.);
#2705=ORIENTED_EDGE('',*,*,#4458,.T.);
#2706=ORIENTED_EDGE('',*,*,#4925,.T.);
#2707=ORIENTED_EDGE('',*,*,#4926,.F.);
#2708=ORIENTED_EDGE('',*,*,#4925,.F.);
#2709=ORIENTED_EDGE('',*,*,#4457,.T.);
#2710=ORIENTED_EDGE('',*,*,#4927,.T.);
#2711=ORIENTED_EDGE('',*,*,#4928,.F.);
#2712=ORIENTED_EDGE('',*,*,#4927,.F.);
#2713=ORIENTED_EDGE('',*,*,#4456,.T.);
#2714=ORIENTED_EDGE('',*,*,#4929,.T.);
#2715=ORIENTED_EDGE('',*,*,#4930,.T.);
#2716=ORIENTED_EDGE('',*,*,#4929,.F.);
#2717=ORIENTED_EDGE('',*,*,#4455,.F.);
#2718=ORIENTED_EDGE('',*,*,#4931,.T.);
#2719=ORIENTED_EDGE('',*,*,#4932,.F.);
#2720=ORIENTED_EDGE('',*,*,#4931,.F.);
#2721=ORIENTED_EDGE('',*,*,#4454,.T.);
#2722=ORIENTED_EDGE('',*,*,#4933,.T.);
#2723=ORIENTED_EDGE('',*,*,#4934,.F.);
#2724=ORIENTED_EDGE('',*,*,#4933,.F.);
#2725=ORIENTED_EDGE('',*,*,#4453,.T.);
#2726=ORIENTED_EDGE('',*,*,#4898,.T.);
#2727=ORIENTED_EDGE('',*,*,#4935,.F.);
#2728=ORIENTED_EDGE('',*,*,#4936,.F.);
#2729=ORIENTED_EDGE('',*,*,#4471,.T.);
#2730=ORIENTED_EDGE('',*,*,#4937,.T.);
#2731=ORIENTED_EDGE('',*,*,#4938,.F.);
#2732=ORIENTED_EDGE('',*,*,#4937,.F.);
#2733=ORIENTED_EDGE('',*,*,#4489,.T.);
#2734=ORIENTED_EDGE('',*,*,#4939,.T.);
#2735=ORIENTED_EDGE('',*,*,#4940,.F.);
#2736=ORIENTED_EDGE('',*,*,#4939,.F.);
#2737=ORIENTED_EDGE('',*,*,#4488,.T.);
#2738=ORIENTED_EDGE('',*,*,#4941,.T.);
#2739=ORIENTED_EDGE('',*,*,#4942,.T.);
#2740=ORIENTED_EDGE('',*,*,#4941,.F.);
#2741=ORIENTED_EDGE('',*,*,#4487,.F.);
#2742=ORIENTED_EDGE('',*,*,#4943,.T.);
#2743=ORIENTED_EDGE('',*,*,#4944,.F.);
#2744=ORIENTED_EDGE('',*,*,#4943,.F.);
#2745=ORIENTED_EDGE('',*,*,#4486,.T.);
#2746=ORIENTED_EDGE('',*,*,#4945,.T.);
#2747=ORIENTED_EDGE('',*,*,#4946,.F.);
#2748=ORIENTED_EDGE('',*,*,#4945,.F.);
#2749=ORIENTED_EDGE('',*,*,#4485,.T.);
#2750=ORIENTED_EDGE('',*,*,#4947,.T.);
#2751=ORIENTED_EDGE('',*,*,#4948,.F.);
#2752=ORIENTED_EDGE('',*,*,#4947,.F.);
#2753=ORIENTED_EDGE('',*,*,#4484,.T.);
#2754=ORIENTED_EDGE('',*,*,#4949,.T.);
#2755=ORIENTED_EDGE('',*,*,#4950,.F.);
#2756=ORIENTED_EDGE('',*,*,#4949,.F.);
#2757=ORIENTED_EDGE('',*,*,#4483,.T.);
#2758=ORIENTED_EDGE('',*,*,#4951,.T.);
#2759=ORIENTED_EDGE('',*,*,#4952,.F.);
#2760=ORIENTED_EDGE('',*,*,#4951,.F.);
#2761=ORIENTED_EDGE('',*,*,#4482,.T.);
#2762=ORIENTED_EDGE('',*,*,#4953,.T.);
#2763=ORIENTED_EDGE('',*,*,#4954,.F.);
#2764=ORIENTED_EDGE('',*,*,#4953,.F.);
#2765=ORIENTED_EDGE('',*,*,#4481,.T.);
#2766=ORIENTED_EDGE('',*,*,#4955,.T.);
#2767=ORIENTED_EDGE('',*,*,#4956,.F.);
#2768=ORIENTED_EDGE('',*,*,#4955,.F.);
#2769=ORIENTED_EDGE('',*,*,#4480,.T.);
#2770=ORIENTED_EDGE('',*,*,#4957,.T.);
#2771=ORIENTED_EDGE('',*,*,#4958,.F.);
#2772=ORIENTED_EDGE('',*,*,#4957,.F.);
#2773=ORIENTED_EDGE('',*,*,#4479,.T.);
#2774=ORIENTED_EDGE('',*,*,#4959,.T.);
#2775=ORIENTED_EDGE('',*,*,#4960,.F.);
#2776=ORIENTED_EDGE('',*,*,#4959,.F.);
#2777=ORIENTED_EDGE('',*,*,#4478,.T.);
#2778=ORIENTED_EDGE('',*,*,#4961,.T.);
#2779=ORIENTED_EDGE('',*,*,#4962,.F.);
#2780=ORIENTED_EDGE('',*,*,#4961,.F.);
#2781=ORIENTED_EDGE('',*,*,#4477,.T.);
#2782=ORIENTED_EDGE('',*,*,#4963,.T.);
#2783=ORIENTED_EDGE('',*,*,#4964,.F.);
#2784=ORIENTED_EDGE('',*,*,#4963,.F.);
#2785=ORIENTED_EDGE('',*,*,#4476,.T.);
#2786=ORIENTED_EDGE('',*,*,#4965,.T.);
#2787=ORIENTED_EDGE('',*,*,#4966,.F.);
#2788=ORIENTED_EDGE('',*,*,#4965,.F.);
#2789=ORIENTED_EDGE('',*,*,#4475,.T.);
#2790=ORIENTED_EDGE('',*,*,#4967,.T.);
#2791=ORIENTED_EDGE('',*,*,#4968,.T.);
#2792=ORIENTED_EDGE('',*,*,#4967,.F.);
#2793=ORIENTED_EDGE('',*,*,#4474,.F.);
#2794=ORIENTED_EDGE('',*,*,#4969,.T.);
#2795=ORIENTED_EDGE('',*,*,#4970,.F.);
#2796=ORIENTED_EDGE('',*,*,#4969,.F.);
#2797=ORIENTED_EDGE('',*,*,#4473,.T.);
#2798=ORIENTED_EDGE('',*,*,#4971,.T.);
#2799=ORIENTED_EDGE('',*,*,#4972,.F.);
#2800=ORIENTED_EDGE('',*,*,#4971,.F.);
#2801=ORIENTED_EDGE('',*,*,#4472,.T.);
#2802=ORIENTED_EDGE('',*,*,#4936,.T.);
#2803=ORIENTED_EDGE('',*,*,#4973,.F.);
#2804=ORIENTED_EDGE('',*,*,#4974,.F.);
#2805=ORIENTED_EDGE('',*,*,#4490,.T.);
#2806=ORIENTED_EDGE('',*,*,#4975,.T.);
#2807=ORIENTED_EDGE('',*,*,#4976,.F.);
#2808=ORIENTED_EDGE('',*,*,#4975,.F.);
#2809=ORIENTED_EDGE('',*,*,#4508,.T.);
#2810=ORIENTED_EDGE('',*,*,#4977,.T.);
#2811=ORIENTED_EDGE('',*,*,#4978,.F.);
#2812=ORIENTED_EDGE('',*,*,#4977,.F.);
#2813=ORIENTED_EDGE('',*,*,#4507,.T.);
#2814=ORIENTED_EDGE('',*,*,#4979,.T.);
#2815=ORIENTED_EDGE('',*,*,#4980,.T.);
#2816=ORIENTED_EDGE('',*,*,#4979,.F.);
#2817=ORIENTED_EDGE('',*,*,#4506,.F.);
#2818=ORIENTED_EDGE('',*,*,#4981,.T.);
#2819=ORIENTED_EDGE('',*,*,#4982,.F.);
#2820=ORIENTED_EDGE('',*,*,#4981,.F.);
#2821=ORIENTED_EDGE('',*,*,#4505,.T.);
#2822=ORIENTED_EDGE('',*,*,#4983,.T.);
#2823=ORIENTED_EDGE('',*,*,#4984,.F.);
#2824=ORIENTED_EDGE('',*,*,#4983,.F.);
#2825=ORIENTED_EDGE('',*,*,#4504,.T.);
#2826=ORIENTED_EDGE('',*,*,#4985,.T.);
#2827=ORIENTED_EDGE('',*,*,#4986,.F.);
#2828=ORIENTED_EDGE('',*,*,#4985,.F.);
#2829=ORIENTED_EDGE('',*,*,#4503,.T.);
#2830=ORIENTED_EDGE('',*,*,#4987,.T.);
#2831=ORIENTED_EDGE('',*,*,#4988,.F.);
#2832=ORIENTED_EDGE('',*,*,#4987,.F.);
#2833=ORIENTED_EDGE('',*,*,#4502,.T.);
#2834=ORIENTED_EDGE('',*,*,#4989,.T.);
#2835=ORIENTED_EDGE('',*,*,#4990,.F.);
#2836=ORIENTED_EDGE('',*,*,#4989,.F.);
#2837=ORIENTED_EDGE('',*,*,#4501,.T.);
#2838=ORIENTED_EDGE('',*,*,#4991,.T.);
#2839=ORIENTED_EDGE('',*,*,#4992,.F.);
#2840=ORIENTED_EDGE('',*,*,#4991,.F.);
#2841=ORIENTED_EDGE('',*,*,#4500,.T.);
#2842=ORIENTED_EDGE('',*,*,#4993,.T.);
#2843=ORIENTED_EDGE('',*,*,#4994,.F.);
#2844=ORIENTED_EDGE('',*,*,#4993,.F.);
#2845=ORIENTED_EDGE('',*,*,#4499,.T.);
#2846=ORIENTED_EDGE('',*,*,#4995,.T.);
#2847=ORIENTED_EDGE('',*,*,#4996,.F.);
#2848=ORIENTED_EDGE('',*,*,#4995,.F.);
#2849=ORIENTED_EDGE('',*,*,#4498,.T.);
#2850=ORIENTED_EDGE('',*,*,#4997,.T.);
#2851=ORIENTED_EDGE('',*,*,#4998,.F.);
#2852=ORIENTED_EDGE('',*,*,#4997,.F.);
#2853=ORIENTED_EDGE('',*,*,#4497,.T.);
#2854=ORIENTED_EDGE('',*,*,#4999,.T.);
#2855=ORIENTED_EDGE('',*,*,#5000,.F.);
#2856=ORIENTED_EDGE('',*,*,#4999,.F.);
#2857=ORIENTED_EDGE('',*,*,#4496,.T.);
#2858=ORIENTED_EDGE('',*,*,#5001,.T.);
#2859=ORIENTED_EDGE('',*,*,#5002,.F.);
#2860=ORIENTED_EDGE('',*,*,#5001,.F.);
#2861=ORIENTED_EDGE('',*,*,#4495,.T.);
#2862=ORIENTED_EDGE('',*,*,#5003,.T.);
#2863=ORIENTED_EDGE('',*,*,#5004,.F.);
#2864=ORIENTED_EDGE('',*,*,#5003,.F.);
#2865=ORIENTED_EDGE('',*,*,#4494,.T.);
#2866=ORIENTED_EDGE('',*,*,#5005,.T.);
#2867=ORIENTED_EDGE('',*,*,#5006,.T.);
#2868=ORIENTED_EDGE('',*,*,#5005,.F.);
#2869=ORIENTED_EDGE('',*,*,#4493,.F.);
#2870=ORIENTED_EDGE('',*,*,#5007,.T.);
#2871=ORIENTED_EDGE('',*,*,#5008,.F.);
#2872=ORIENTED_EDGE('',*,*,#5007,.F.);
#2873=ORIENTED_EDGE('',*,*,#4492,.T.);
#2874=ORIENTED_EDGE('',*,*,#5009,.T.);
#2875=ORIENTED_EDGE('',*,*,#5010,.F.);
#2876=ORIENTED_EDGE('',*,*,#5009,.F.);
#2877=ORIENTED_EDGE('',*,*,#4491,.T.);
#2878=ORIENTED_EDGE('',*,*,#4974,.T.);
#2879=ORIENTED_EDGE('',*,*,#5011,.T.);
#2880=ORIENTED_EDGE('',*,*,#5012,.T.);
#2881=ORIENTED_EDGE('',*,*,#5013,.T.);
#2882=ORIENTED_EDGE('',*,*,#5014,.F.);
#2883=ORIENTED_EDGE('',*,*,#5015,.T.);
#2884=ORIENTED_EDGE('',*,*,#5016,.T.);
#2885=ORIENTED_EDGE('',*,*,#5017,.T.);
#2886=ORIENTED_EDGE('',*,*,#5018,.T.);
#2887=ORIENTED_EDGE('',*,*,#5019,.T.);
#2888=ORIENTED_EDGE('',*,*,#5020,.T.);
#2889=ORIENTED_EDGE('',*,*,#5021,.T.);
#2890=ORIENTED_EDGE('',*,*,#5022,.T.);
#2891=ORIENTED_EDGE('',*,*,#5023,.T.);
#2892=ORIENTED_EDGE('',*,*,#5024,.T.);
#2893=ORIENTED_EDGE('',*,*,#5025,.T.);
#2894=ORIENTED_EDGE('',*,*,#5026,.T.);
#2895=ORIENTED_EDGE('',*,*,#5027,.F.);
#2896=ORIENTED_EDGE('',*,*,#5028,.T.);
#2897=ORIENTED_EDGE('',*,*,#5029,.T.);
#2898=ORIENTED_EDGE('',*,*,#5030,.F.);
#2899=ORIENTED_EDGE('',*,*,#4896,.T.);
#2900=ORIENTED_EDGE('',*,*,#5031,.T.);
#2901=ORIENTED_EDGE('',*,*,#5029,.F.);
#2902=ORIENTED_EDGE('',*,*,#5032,.F.);
#2903=ORIENTED_EDGE('',*,*,#4894,.T.);
#2904=ORIENTED_EDGE('',*,*,#5030,.T.);
#2905=ORIENTED_EDGE('',*,*,#5028,.F.);
#2906=ORIENTED_EDGE('',*,*,#4892,.F.);
#2907=ORIENTED_EDGE('',*,*,#5032,.T.);
#2908=ORIENTED_EDGE('',*,*,#5027,.T.);
#2909=ORIENTED_EDGE('',*,*,#5033,.F.);
#2910=ORIENTED_EDGE('',*,*,#5034,.F.);
#2911=ORIENTED_EDGE('',*,*,#4890,.T.);
#2912=ORIENTED_EDGE('',*,*,#5033,.T.);
#2913=ORIENTED_EDGE('',*,*,#5026,.F.);
#2914=ORIENTED_EDGE('',*,*,#5035,.F.);
#2915=ORIENTED_EDGE('',*,*,#4888,.T.);
#2916=ORIENTED_EDGE('',*,*,#5034,.T.);
#2917=ORIENTED_EDGE('',*,*,#5025,.F.);
#2918=ORIENTED_EDGE('',*,*,#5036,.F.);
#2919=ORIENTED_EDGE('',*,*,#4886,.T.);
#2920=ORIENTED_EDGE('',*,*,#5035,.T.);
#2921=ORIENTED_EDGE('',*,*,#5024,.F.);
#2922=ORIENTED_EDGE('',*,*,#5037,.F.);
#2923=ORIENTED_EDGE('',*,*,#4884,.T.);
#2924=ORIENTED_EDGE('',*,*,#5036,.T.);
#2925=ORIENTED_EDGE('',*,*,#5023,.F.);
#2926=ORIENTED_EDGE('',*,*,#5038,.F.);
#2927=ORIENTED_EDGE('',*,*,#4882,.T.);
#2928=ORIENTED_EDGE('',*,*,#5037,.T.);
#2929=ORIENTED_EDGE('',*,*,#5022,.F.);
#2930=ORIENTED_EDGE('',*,*,#5039,.F.);
#2931=ORIENTED_EDGE('',*,*,#4880,.T.);
#2932=ORIENTED_EDGE('',*,*,#5038,.T.);
#2933=ORIENTED_EDGE('',*,*,#5021,.F.);
#2934=ORIENTED_EDGE('',*,*,#5040,.F.);
#2935=ORIENTED_EDGE('',*,*,#4878,.T.);
#2936=ORIENTED_EDGE('',*,*,#5039,.T.);
#2937=ORIENTED_EDGE('',*,*,#5020,.F.);
#2938=ORIENTED_EDGE('',*,*,#5041,.F.);
#2939=ORIENTED_EDGE('',*,*,#4876,.T.);
#2940=ORIENTED_EDGE('',*,*,#5040,.T.);
#2941=ORIENTED_EDGE('',*,*,#5019,.F.);
#2942=ORIENTED_EDGE('',*,*,#5042,.F.);
#2943=ORIENTED_EDGE('',*,*,#4874,.T.);
#2944=ORIENTED_EDGE('',*,*,#5041,.T.);
#2945=ORIENTED_EDGE('',*,*,#5018,.F.);
#2946=ORIENTED_EDGE('',*,*,#5043,.F.);
#2947=ORIENTED_EDGE('',*,*,#4872,.T.);
#2948=ORIENTED_EDGE('',*,*,#5042,.T.);
#2949=ORIENTED_EDGE('',*,*,#5017,.F.);
#2950=ORIENTED_EDGE('',*,*,#5044,.F.);
#2951=ORIENTED_EDGE('',*,*,#4870,.T.);
#2952=ORIENTED_EDGE('',*,*,#5043,.T.);
#2953=ORIENTED_EDGE('',*,*,#5016,.F.);
#2954=ORIENTED_EDGE('',*,*,#5045,.F.);
#2955=ORIENTED_EDGE('',*,*,#4868,.T.);
#2956=ORIENTED_EDGE('',*,*,#5044,.T.);
#2957=ORIENTED_EDGE('',*,*,#5015,.F.);
#2958=ORIENTED_EDGE('',*,*,#4866,.F.);
#2959=ORIENTED_EDGE('',*,*,#5045,.T.);
#2960=ORIENTED_EDGE('',*,*,#5014,.T.);
#2961=ORIENTED_EDGE('',*,*,#5046,.F.);
#2962=ORIENTED_EDGE('',*,*,#5047,.F.);
#2963=ORIENTED_EDGE('',*,*,#4864,.T.);
#2964=ORIENTED_EDGE('',*,*,#5046,.T.);
#2965=ORIENTED_EDGE('',*,*,#5013,.F.);
#2966=ORIENTED_EDGE('',*,*,#5048,.F.);
#2967=ORIENTED_EDGE('',*,*,#4862,.T.);
#2968=ORIENTED_EDGE('',*,*,#5047,.T.);
#2969=ORIENTED_EDGE('',*,*,#5012,.F.);
#2970=ORIENTED_EDGE('',*,*,#5031,.F.);
#2971=ORIENTED_EDGE('',*,*,#4859,.T.);
#2972=ORIENTED_EDGE('',*,*,#5048,.T.);
#2973=ORIENTED_EDGE('',*,*,#5011,.F.);
#2974=ORIENTED_EDGE('',*,*,#5049,.T.);
#2975=ORIENTED_EDGE('',*,*,#5050,.T.);
#2976=ORIENTED_EDGE('',*,*,#5051,.T.);
#2977=ORIENTED_EDGE('',*,*,#5052,.F.);
#2978=ORIENTED_EDGE('',*,*,#5053,.T.);
#2979=ORIENTED_EDGE('',*,*,#5054,.T.);
#2980=ORIENTED_EDGE('',*,*,#5055,.T.);
#2981=ORIENTED_EDGE('',*,*,#5056,.T.);
#2982=ORIENTED_EDGE('',*,*,#5057,.T.);
#2983=ORIENTED_EDGE('',*,*,#5058,.T.);
#2984=ORIENTED_EDGE('',*,*,#5059,.T.);
#2985=ORIENTED_EDGE('',*,*,#5060,.T.);
#2986=ORIENTED_EDGE('',*,*,#5061,.T.);
#2987=ORIENTED_EDGE('',*,*,#5062,.T.);
#2988=ORIENTED_EDGE('',*,*,#5063,.T.);
#2989=ORIENTED_EDGE('',*,*,#5064,.T.);
#2990=ORIENTED_EDGE('',*,*,#5065,.F.);
#2991=ORIENTED_EDGE('',*,*,#5066,.T.);
#2992=ORIENTED_EDGE('',*,*,#5067,.T.);
#2993=ORIENTED_EDGE('',*,*,#5068,.F.);
#2994=ORIENTED_EDGE('',*,*,#4934,.T.);
#2995=ORIENTED_EDGE('',*,*,#5069,.T.);
#2996=ORIENTED_EDGE('',*,*,#5067,.F.);
#2997=ORIENTED_EDGE('',*,*,#5070,.F.);
#2998=ORIENTED_EDGE('',*,*,#4932,.T.);
#2999=ORIENTED_EDGE('',*,*,#5068,.T.);
#3000=ORIENTED_EDGE('',*,*,#5066,.F.);
#3001=ORIENTED_EDGE('',*,*,#4930,.F.);
#3002=ORIENTED_EDGE('',*,*,#5070,.T.);
#3003=ORIENTED_EDGE('',*,*,#5065,.T.);
#3004=ORIENTED_EDGE('',*,*,#5071,.F.);
#3005=ORIENTED_EDGE('',*,*,#5072,.F.);
#3006=ORIENTED_EDGE('',*,*,#4928,.T.);
#3007=ORIENTED_EDGE('',*,*,#5071,.T.);
#3008=ORIENTED_EDGE('',*,*,#5064,.F.);
#3009=ORIENTED_EDGE('',*,*,#5073,.F.);
#3010=ORIENTED_EDGE('',*,*,#4926,.T.);
#3011=ORIENTED_EDGE('',*,*,#5072,.T.);
#3012=ORIENTED_EDGE('',*,*,#5063,.F.);
#3013=ORIENTED_EDGE('',*,*,#5074,.F.);
#3014=ORIENTED_EDGE('',*,*,#4924,.T.);
#3015=ORIENTED_EDGE('',*,*,#5073,.T.);
#3016=ORIENTED_EDGE('',*,*,#5062,.F.);
#3017=ORIENTED_EDGE('',*,*,#5075,.F.);
#3018=ORIENTED_EDGE('',*,*,#4922,.T.);
#3019=ORIENTED_EDGE('',*,*,#5074,.T.);
#3020=ORIENTED_EDGE('',*,*,#5061,.F.);
#3021=ORIENTED_EDGE('',*,*,#5076,.F.);
#3022=ORIENTED_EDGE('',*,*,#4920,.T.);
#3023=ORIENTED_EDGE('',*,*,#5075,.T.);
#3024=ORIENTED_EDGE('',*,*,#5060,.F.);
#3025=ORIENTED_EDGE('',*,*,#5077,.F.);
#3026=ORIENTED_EDGE('',*,*,#4918,.T.);
#3027=ORIENTED_EDGE('',*,*,#5076,.T.);
#3028=ORIENTED_EDGE('',*,*,#5059,.F.);
#3029=ORIENTED_EDGE('',*,*,#5078,.F.);
#3030=ORIENTED_EDGE('',*,*,#4916,.T.);
#3031=ORIENTED_EDGE('',*,*,#5077,.T.);
#3032=ORIENTED_EDGE('',*,*,#5058,.F.);
#3033=ORIENTED_EDGE('',*,*,#5079,.F.);
#3034=ORIENTED_EDGE('',*,*,#4914,.T.);
#3035=ORIENTED_EDGE('',*,*,#5078,.T.);
#3036=ORIENTED_EDGE('',*,*,#5057,.F.);
#3037=ORIENTED_EDGE('',*,*,#5080,.F.);
#3038=ORIENTED_EDGE('',*,*,#4912,.T.);
#3039=ORIENTED_EDGE('',*,*,#5079,.T.);
#3040=ORIENTED_EDGE('',*,*,#5056,.F.);
#3041=ORIENTED_EDGE('',*,*,#5081,.F.);
#3042=ORIENTED_EDGE('',*,*,#4910,.T.);
#3043=ORIENTED_EDGE('',*,*,#5080,.T.);
#3044=ORIENTED_EDGE('',*,*,#5055,.F.);
#3045=ORIENTED_EDGE('',*,*,#5082,.F.);
#3046=ORIENTED_EDGE('',*,*,#4908,.T.);
#3047=ORIENTED_EDGE('',*,*,#5081,.T.);
#3048=ORIENTED_EDGE('',*,*,#5054,.F.);
#3049=ORIENTED_EDGE('',*,*,#5083,.F.);
#3050=ORIENTED_EDGE('',*,*,#4906,.T.);
#3051=ORIENTED_EDGE('',*,*,#5082,.T.);
#3052=ORIENTED_EDGE('',*,*,#5053,.F.);
#3053=ORIENTED_EDGE('',*,*,#4904,.F.);
#3054=ORIENTED_EDGE('',*,*,#5083,.T.);
#3055=ORIENTED_EDGE('',*,*,#5052,.T.);
#3056=ORIENTED_EDGE('',*,*,#5084,.F.);
#3057=ORIENTED_EDGE('',*,*,#5085,.F.);
#3058=ORIENTED_EDGE('',*,*,#4902,.T.);
#3059=ORIENTED_EDGE('',*,*,#5084,.T.);
#3060=ORIENTED_EDGE('',*,*,#5051,.F.);
#3061=ORIENTED_EDGE('',*,*,#5086,.F.);
#3062=ORIENTED_EDGE('',*,*,#4900,.T.);
#3063=ORIENTED_EDGE('',*,*,#5085,.T.);
#3064=ORIENTED_EDGE('',*,*,#5050,.F.);
#3065=ORIENTED_EDGE('',*,*,#5069,.F.);
#3066=ORIENTED_EDGE('',*,*,#4897,.T.);
#3067=ORIENTED_EDGE('',*,*,#5086,.T.);
#3068=ORIENTED_EDGE('',*,*,#5049,.F.);
#3069=ORIENTED_EDGE('',*,*,#5087,.T.);
#3070=ORIENTED_EDGE('',*,*,#5088,.T.);
#3071=ORIENTED_EDGE('',*,*,#5089,.T.);
#3072=ORIENTED_EDGE('',*,*,#5090,.F.);
#3073=ORIENTED_EDGE('',*,*,#5091,.T.);
#3074=ORIENTED_EDGE('',*,*,#5092,.T.);
#3075=ORIENTED_EDGE('',*,*,#5093,.T.);
#3076=ORIENTED_EDGE('',*,*,#5094,.T.);
#3077=ORIENTED_EDGE('',*,*,#5095,.T.);
#3078=ORIENTED_EDGE('',*,*,#5096,.T.);
#3079=ORIENTED_EDGE('',*,*,#5097,.T.);
#3080=ORIENTED_EDGE('',*,*,#5098,.T.);
#3081=ORIENTED_EDGE('',*,*,#5099,.T.);
#3082=ORIENTED_EDGE('',*,*,#5100,.T.);
#3083=ORIENTED_EDGE('',*,*,#5101,.T.);
#3084=ORIENTED_EDGE('',*,*,#5102,.T.);
#3085=ORIENTED_EDGE('',*,*,#5103,.F.);
#3086=ORIENTED_EDGE('',*,*,#5104,.T.);
#3087=ORIENTED_EDGE('',*,*,#5105,.T.);
#3088=ORIENTED_EDGE('',*,*,#5106,.F.);
#3089=ORIENTED_EDGE('',*,*,#4972,.T.);
#3090=ORIENTED_EDGE('',*,*,#5107,.T.);
#3091=ORIENTED_EDGE('',*,*,#5105,.F.);
#3092=ORIENTED_EDGE('',*,*,#5108,.F.);
#3093=ORIENTED_EDGE('',*,*,#4970,.T.);
#3094=ORIENTED_EDGE('',*,*,#5106,.T.);
#3095=ORIENTED_EDGE('',*,*,#5104,.F.);
#3096=ORIENTED_EDGE('',*,*,#4968,.F.);
#3097=ORIENTED_EDGE('',*,*,#5108,.T.);
#3098=ORIENTED_EDGE('',*,*,#5103,.T.);
#3099=ORIENTED_EDGE('',*,*,#5109,.F.);
#3100=ORIENTED_EDGE('',*,*,#5110,.F.);
#3101=ORIENTED_EDGE('',*,*,#4966,.T.);
#3102=ORIENTED_EDGE('',*,*,#5109,.T.);
#3103=ORIENTED_EDGE('',*,*,#5102,.F.);
#3104=ORIENTED_EDGE('',*,*,#5111,.F.);
#3105=ORIENTED_EDGE('',*,*,#4964,.T.);
#3106=ORIENTED_EDGE('',*,*,#5110,.T.);
#3107=ORIENTED_EDGE('',*,*,#5101,.F.);
#3108=ORIENTED_EDGE('',*,*,#5112,.F.);
#3109=ORIENTED_EDGE('',*,*,#4962,.T.);
#3110=ORIENTED_EDGE('',*,*,#5111,.T.);
#3111=ORIENTED_EDGE('',*,*,#5100,.F.);
#3112=ORIENTED_EDGE('',*,*,#5113,.F.);
#3113=ORIENTED_EDGE('',*,*,#4960,.T.);
#3114=ORIENTED_EDGE('',*,*,#5112,.T.);
#3115=ORIENTED_EDGE('',*,*,#5099,.F.);
#3116=ORIENTED_EDGE('',*,*,#5114,.F.);
#3117=ORIENTED_EDGE('',*,*,#4958,.T.);
#3118=ORIENTED_EDGE('',*,*,#5113,.T.);
#3119=ORIENTED_EDGE('',*,*,#5098,.F.);
#3120=ORIENTED_EDGE('',*,*,#5115,.F.);
#3121=ORIENTED_EDGE('',*,*,#4956,.T.);
#3122=ORIENTED_EDGE('',*,*,#5114,.T.);
#3123=ORIENTED_EDGE('',*,*,#5097,.F.);
#3124=ORIENTED_EDGE('',*,*,#5116,.F.);
#3125=ORIENTED_EDGE('',*,*,#4954,.T.);
#3126=ORIENTED_EDGE('',*,*,#5115,.T.);
#3127=ORIENTED_EDGE('',*,*,#5096,.F.);
#3128=ORIENTED_EDGE('',*,*,#5117,.F.);
#3129=ORIENTED_EDGE('',*,*,#4952,.T.);
#3130=ORIENTED_EDGE('',*,*,#5116,.T.);
#3131=ORIENTED_EDGE('',*,*,#5095,.F.);
#3132=ORIENTED_EDGE('',*,*,#5118,.F.);
#3133=ORIENTED_EDGE('',*,*,#4950,.T.);
#3134=ORIENTED_EDGE('',*,*,#5117,.T.);
#3135=ORIENTED_EDGE('',*,*,#5094,.F.);
#3136=ORIENTED_EDGE('',*,*,#5119,.F.);
#3137=ORIENTED_EDGE('',*,*,#4948,.T.);
#3138=ORIENTED_EDGE('',*,*,#5118,.T.);
#3139=ORIENTED_EDGE('',*,*,#5093,.F.);
#3140=ORIENTED_EDGE('',*,*,#5120,.F.);
#3141=ORIENTED_EDGE('',*,*,#4946,.T.);
#3142=ORIENTED_EDGE('',*,*,#5119,.T.);
#3143=ORIENTED_EDGE('',*,*,#5092,.F.);
#3144=ORIENTED_EDGE('',*,*,#5121,.F.);
#3145=ORIENTED_EDGE('',*,*,#4944,.T.);
#3146=ORIENTED_EDGE('',*,*,#5120,.T.);
#3147=ORIENTED_EDGE('',*,*,#5091,.F.);
#3148=ORIENTED_EDGE('',*,*,#4942,.F.);
#3149=ORIENTED_EDGE('',*,*,#5121,.T.);
#3150=ORIENTED_EDGE('',*,*,#5090,.T.);
#3151=ORIENTED_EDGE('',*,*,#5122,.F.);
#3152=ORIENTED_EDGE('',*,*,#5123,.F.);
#3153=ORIENTED_EDGE('',*,*,#4940,.T.);
#3154=ORIENTED_EDGE('',*,*,#5122,.T.);
#3155=ORIENTED_EDGE('',*,*,#5089,.F.);
#3156=ORIENTED_EDGE('',*,*,#5124,.F.);
#3157=ORIENTED_EDGE('',*,*,#4938,.T.);
#3158=ORIENTED_EDGE('',*,*,#5123,.T.);
#3159=ORIENTED_EDGE('',*,*,#5088,.F.);
#3160=ORIENTED_EDGE('',*,*,#5107,.F.);
#3161=ORIENTED_EDGE('',*,*,#4935,.T.);
#3162=ORIENTED_EDGE('',*,*,#5124,.T.);
#3163=ORIENTED_EDGE('',*,*,#5087,.F.);
#3164=ORIENTED_EDGE('',*,*,#5125,.T.);
#3165=ORIENTED_EDGE('',*,*,#5126,.T.);
#3166=ORIENTED_EDGE('',*,*,#5127,.T.);
#3167=ORIENTED_EDGE('',*,*,#5128,.F.);
#3168=ORIENTED_EDGE('',*,*,#5129,.T.);
#3169=ORIENTED_EDGE('',*,*,#5130,.T.);
#3170=ORIENTED_EDGE('',*,*,#5131,.T.);
#3171=ORIENTED_EDGE('',*,*,#5132,.T.);
#3172=ORIENTED_EDGE('',*,*,#5133,.T.);
#3173=ORIENTED_EDGE('',*,*,#5134,.T.);
#3174=ORIENTED_EDGE('',*,*,#5135,.T.);
#3175=ORIENTED_EDGE('',*,*,#5136,.T.);
#3176=ORIENTED_EDGE('',*,*,#5137,.T.);
#3177=ORIENTED_EDGE('',*,*,#5138,.T.);
#3178=ORIENTED_EDGE('',*,*,#5139,.T.);
#3179=ORIENTED_EDGE('',*,*,#5140,.T.);
#3180=ORIENTED_EDGE('',*,*,#5141,.F.);
#3181=ORIENTED_EDGE('',*,*,#5142,.T.);
#3182=ORIENTED_EDGE('',*,*,#5143,.T.);
#3183=ORIENTED_EDGE('',*,*,#5144,.F.);
#3184=ORIENTED_EDGE('',*,*,#5010,.T.);
#3185=ORIENTED_EDGE('',*,*,#5145,.T.);
#3186=ORIENTED_EDGE('',*,*,#5143,.F.);
#3187=ORIENTED_EDGE('',*,*,#5146,.F.);
#3188=ORIENTED_EDGE('',*,*,#5008,.T.);
#3189=ORIENTED_EDGE('',*,*,#5144,.T.);
#3190=ORIENTED_EDGE('',*,*,#5142,.F.);
#3191=ORIENTED_EDGE('',*,*,#5006,.F.);
#3192=ORIENTED_EDGE('',*,*,#5146,.T.);
#3193=ORIENTED_EDGE('',*,*,#5141,.T.);
#3194=ORIENTED_EDGE('',*,*,#5147,.F.);
#3195=ORIENTED_EDGE('',*,*,#5148,.F.);
#3196=ORIENTED_EDGE('',*,*,#5004,.T.);
#3197=ORIENTED_EDGE('',*,*,#5147,.T.);
#3198=ORIENTED_EDGE('',*,*,#5140,.F.);
#3199=ORIENTED_EDGE('',*,*,#5149,.F.);
#3200=ORIENTED_EDGE('',*,*,#5002,.T.);
#3201=ORIENTED_EDGE('',*,*,#5148,.T.);
#3202=ORIENTED_EDGE('',*,*,#5139,.F.);
#3203=ORIENTED_EDGE('',*,*,#5150,.F.);
#3204=ORIENTED_EDGE('',*,*,#5000,.T.);
#3205=ORIENTED_EDGE('',*,*,#5149,.T.);
#3206=ORIENTED_EDGE('',*,*,#5138,.F.);
#3207=ORIENTED_EDGE('',*,*,#5151,.F.);
#3208=ORIENTED_EDGE('',*,*,#4998,.T.);
#3209=ORIENTED_EDGE('',*,*,#5150,.T.);
#3210=ORIENTED_EDGE('',*,*,#5137,.F.);
#3211=ORIENTED_EDGE('',*,*,#5152,.F.);
#3212=ORIENTED_EDGE('',*,*,#4996,.T.);
#3213=ORIENTED_EDGE('',*,*,#5151,.T.);
#3214=ORIENTED_EDGE('',*,*,#5136,.F.);
#3215=ORIENTED_EDGE('',*,*,#5153,.F.);
#3216=ORIENTED_EDGE('',*,*,#4994,.T.);
#3217=ORIENTED_EDGE('',*,*,#5152,.T.);
#3218=ORIENTED_EDGE('',*,*,#5135,.F.);
#3219=ORIENTED_EDGE('',*,*,#5154,.F.);
#3220=ORIENTED_EDGE('',*,*,#4992,.T.);
#3221=ORIENTED_EDGE('',*,*,#5153,.T.);
#3222=ORIENTED_EDGE('',*,*,#5134,.F.);
#3223=ORIENTED_EDGE('',*,*,#5155,.F.);
#3224=ORIENTED_EDGE('',*,*,#4990,.T.);
#3225=ORIENTED_EDGE('',*,*,#5154,.T.);
#3226=ORIENTED_EDGE('',*,*,#5133,.F.);
#3227=ORIENTED_EDGE('',*,*,#5156,.F.);
#3228=ORIENTED_EDGE('',*,*,#4988,.T.);
#3229=ORIENTED_EDGE('',*,*,#5155,.T.);
#3230=ORIENTED_EDGE('',*,*,#5132,.F.);
#3231=ORIENTED_EDGE('',*,*,#5157,.F.);
#3232=ORIENTED_EDGE('',*,*,#4986,.T.);
#3233=ORIENTED_EDGE('',*,*,#5156,.T.);
#3234=ORIENTED_EDGE('',*,*,#5131,.F.);
#3235=ORIENTED_EDGE('',*,*,#5158,.F.);
#3236=ORIENTED_EDGE('',*,*,#4984,.T.);
#3237=ORIENTED_EDGE('',*,*,#5157,.T.);
#3238=ORIENTED_EDGE('',*,*,#5130,.F.);
#3239=ORIENTED_EDGE('',*,*,#5159,.F.);
#3240=ORIENTED_EDGE('',*,*,#4982,.T.);
#3241=ORIENTED_EDGE('',*,*,#5158,.T.);
#3242=ORIENTED_EDGE('',*,*,#5129,.F.);
#3243=ORIENTED_EDGE('',*,*,#4980,.F.);
#3244=ORIENTED_EDGE('',*,*,#5159,.T.);
#3245=ORIENTED_EDGE('',*,*,#5128,.T.);
#3246=ORIENTED_EDGE('',*,*,#5160,.F.);
#3247=ORIENTED_EDGE('',*,*,#5161,.F.);
#3248=ORIENTED_EDGE('',*,*,#4978,.T.);
#3249=ORIENTED_EDGE('',*,*,#5160,.T.);
#3250=ORIENTED_EDGE('',*,*,#5127,.F.);
#3251=ORIENTED_EDGE('',*,*,#5162,.F.);
#3252=ORIENTED_EDGE('',*,*,#4976,.T.);
#3253=ORIENTED_EDGE('',*,*,#5161,.T.);
#3254=ORIENTED_EDGE('',*,*,#5126,.F.);
#3255=ORIENTED_EDGE('',*,*,#5145,.F.);
#3256=ORIENTED_EDGE('',*,*,#4973,.T.);
#3257=ORIENTED_EDGE('',*,*,#5162,.T.);
#3258=ORIENTED_EDGE('',*,*,#5125,.F.);
#3259=ORIENTED_EDGE('',*,*,#4079,.T.);
#3260=ORIENTED_EDGE('',*,*,#4168,.T.);
#3261=ORIENTED_EDGE('',*,*,#5163,.T.);
#3262=ORIENTED_EDGE('',*,*,#5164,.T.);
#3263=ORIENTED_EDGE('',*,*,#4132,.F.);
#3264=ORIENTED_EDGE('',*,*,#4171,.T.);
#3265=ORIENTED_EDGE('',*,*,#4135,.F.);
#3266=ORIENTED_EDGE('',*,*,#5165,.F.);
#3267=ORIENTED_EDGE('',*,*,#5166,.T.);
#3268=ORIENTED_EDGE('',*,*,#4166,.T.);
#3269=ORIENTED_EDGE('',*,*,#5167,.T.);
#3270=ORIENTED_EDGE('',*,*,#4063,.T.);
#3271=ORIENTED_EDGE('',*,*,#5168,.F.);
#3272=ORIENTED_EDGE('',*,*,#4070,.F.);
#3273=ORIENTED_EDGE('',*,*,#5166,.F.);
#3274=ORIENTED_EDGE('',*,*,#5169,.F.);
#3275=ORIENTED_EDGE('',*,*,#5170,.F.);
#3276=ORIENTED_EDGE('',*,*,#5163,.F.);
#3277=ORIENTED_EDGE('',*,*,#4167,.F.);
#3278=ORIENTED_EDGE('',*,*,#4133,.F.);
#3279=ORIENTED_EDGE('',*,*,#5164,.F.);
#3280=ORIENTED_EDGE('',*,*,#5170,.T.);
#3281=ORIENTED_EDGE('',*,*,#5171,.T.);
#3282=ORIENTED_EDGE('',*,*,#4134,.F.);
#3283=ORIENTED_EDGE('',*,*,#5171,.F.);
#3284=ORIENTED_EDGE('',*,*,#5169,.T.);
#3285=ORIENTED_EDGE('',*,*,#5165,.T.);
#3286=ORIENTED_EDGE('',*,*,#4089,.T.);
#3287=ORIENTED_EDGE('',*,*,#4161,.T.);
#3288=ORIENTED_EDGE('',*,*,#5172,.T.);
#3289=ORIENTED_EDGE('',*,*,#5173,.T.);
#3290=ORIENTED_EDGE('',*,*,#4140,.F.);
#3291=ORIENTED_EDGE('',*,*,#4087,.T.);
#3292=ORIENTED_EDGE('',*,*,#4143,.F.);
#3293=ORIENTED_EDGE('',*,*,#5174,.F.);
#3294=ORIENTED_EDGE('',*,*,#5175,.T.);
#3295=ORIENTED_EDGE('',*,*,#4159,.T.);
#3296=ORIENTED_EDGE('',*,*,#5176,.T.);
#3297=ORIENTED_EDGE('',*,*,#4007,.T.);
#3298=ORIENTED_EDGE('',*,*,#5177,.F.);
#3299=ORIENTED_EDGE('',*,*,#4014,.F.);
#3300=ORIENTED_EDGE('',*,*,#5175,.F.);
#3301=ORIENTED_EDGE('',*,*,#5178,.F.);
#3302=ORIENTED_EDGE('',*,*,#5179,.F.);
#3303=ORIENTED_EDGE('',*,*,#5172,.F.);
#3304=ORIENTED_EDGE('',*,*,#4160,.F.);
#3305=ORIENTED_EDGE('',*,*,#4141,.F.);
#3306=ORIENTED_EDGE('',*,*,#5173,.F.);
#3307=ORIENTED_EDGE('',*,*,#5179,.T.);
#3308=ORIENTED_EDGE('',*,*,#5180,.T.);
#3309=ORIENTED_EDGE('',*,*,#4142,.F.);
#3310=ORIENTED_EDGE('',*,*,#5180,.F.);
#3311=ORIENTED_EDGE('',*,*,#5178,.T.);
#3312=ORIENTED_EDGE('',*,*,#5174,.T.);
#3313=ORIENTED_EDGE('',*,*,#4085,.T.);
#3314=ORIENTED_EDGE('',*,*,#4158,.T.);
#3315=ORIENTED_EDGE('',*,*,#5181,.T.);
#3316=ORIENTED_EDGE('',*,*,#5182,.T.);
#3317=ORIENTED_EDGE('',*,*,#4144,.F.);
#3318=ORIENTED_EDGE('',*,*,#4083,.T.);
#3319=ORIENTED_EDGE('',*,*,#4147,.F.);
#3320=ORIENTED_EDGE('',*,*,#5183,.F.);
#3321=ORIENTED_EDGE('',*,*,#5184,.T.);
#3322=ORIENTED_EDGE('',*,*,#4156,.T.);
#3323=ORIENTED_EDGE('',*,*,#5185,.T.);
#3324=ORIENTED_EDGE('',*,*,#4021,.T.);
#3325=ORIENTED_EDGE('',*,*,#5186,.F.);
#3326=ORIENTED_EDGE('',*,*,#4028,.F.);
#3327=ORIENTED_EDGE('',*,*,#5184,.F.);
#3328=ORIENTED_EDGE('',*,*,#5187,.F.);
#3329=ORIENTED_EDGE('',*,*,#5188,.F.);
#3330=ORIENTED_EDGE('',*,*,#5181,.F.);
#3331=ORIENTED_EDGE('',*,*,#4157,.F.);
#3332=ORIENTED_EDGE('',*,*,#4145,.F.);
#3333=ORIENTED_EDGE('',*,*,#5182,.F.);
#3334=ORIENTED_EDGE('',*,*,#5188,.T.);
#3335=ORIENTED_EDGE('',*,*,#5189,.T.);
#3336=ORIENTED_EDGE('',*,*,#4146,.F.);
#3337=ORIENTED_EDGE('',*,*,#5189,.F.);
#3338=ORIENTED_EDGE('',*,*,#5187,.T.);
#3339=ORIENTED_EDGE('',*,*,#5183,.T.);
#3340=ORIENTED_EDGE('',*,*,#4081,.T.);
#3341=ORIENTED_EDGE('',*,*,#4155,.T.);
#3342=ORIENTED_EDGE('',*,*,#5190,.T.);
#3343=ORIENTED_EDGE('',*,*,#5191,.T.);
#3344=ORIENTED_EDGE('',*,*,#4148,.F.);
#3345=ORIENTED_EDGE('',*,*,#4075,.T.);
#3346=ORIENTED_EDGE('',*,*,#4151,.F.);
#3347=ORIENTED_EDGE('',*,*,#5192,.F.);
#3348=ORIENTED_EDGE('',*,*,#5193,.T.);
#3349=ORIENTED_EDGE('',*,*,#4153,.T.);
#3350=ORIENTED_EDGE('',*,*,#5194,.T.);
#3351=ORIENTED_EDGE('',*,*,#4035,.T.);
#3352=ORIENTED_EDGE('',*,*,#5195,.F.);
#3353=ORIENTED_EDGE('',*,*,#4042,.F.);
#3354=ORIENTED_EDGE('',*,*,#5193,.F.);
#3355=ORIENTED_EDGE('',*,*,#5196,.F.);
#3356=ORIENTED_EDGE('',*,*,#5197,.F.);
#3357=ORIENTED_EDGE('',*,*,#5190,.F.);
#3358=ORIENTED_EDGE('',*,*,#4154,.F.);
#3359=ORIENTED_EDGE('',*,*,#4149,.F.);
#3360=ORIENTED_EDGE('',*,*,#5191,.F.);
#3361=ORIENTED_EDGE('',*,*,#5197,.T.);
#3362=ORIENTED_EDGE('',*,*,#5198,.T.);
#3363=ORIENTED_EDGE('',*,*,#4150,.F.);
#3364=ORIENTED_EDGE('',*,*,#5198,.F.);
#3365=ORIENTED_EDGE('',*,*,#5196,.T.);
#3366=ORIENTED_EDGE('',*,*,#5192,.T.);
#3367=ORIENTED_EDGE('',*,*,#4073,.T.);
#3368=ORIENTED_EDGE('',*,*,#4152,.T.);
#3369=ORIENTED_EDGE('',*,*,#5199,.T.);
#3370=ORIENTED_EDGE('',*,*,#5200,.T.);
#3371=ORIENTED_EDGE('',*,*,#4128,.F.);
#3372=ORIENTED_EDGE('',*,*,#4077,.T.);
#3373=ORIENTED_EDGE('',*,*,#4131,.F.);
#3374=ORIENTED_EDGE('',*,*,#5201,.F.);
#3375=ORIENTED_EDGE('',*,*,#5202,.T.);
#3376=ORIENTED_EDGE('',*,*,#4169,.T.);
#3377=ORIENTED_EDGE('',*,*,#5203,.T.);
#3378=ORIENTED_EDGE('',*,*,#4049,.T.);
#3379=ORIENTED_EDGE('',*,*,#5204,.F.);
#3380=ORIENTED_EDGE('',*,*,#4056,.F.);
#3381=ORIENTED_EDGE('',*,*,#5202,.F.);
#3382=ORIENTED_EDGE('',*,*,#5205,.F.);
#3383=ORIENTED_EDGE('',*,*,#5206,.F.);
#3384=ORIENTED_EDGE('',*,*,#5199,.F.);
#3385=ORIENTED_EDGE('',*,*,#4170,.F.);
#3386=ORIENTED_EDGE('',*,*,#4129,.F.);
#3387=ORIENTED_EDGE('',*,*,#5200,.F.);
#3388=ORIENTED_EDGE('',*,*,#5206,.T.);
#3389=ORIENTED_EDGE('',*,*,#5207,.T.);
#3390=ORIENTED_EDGE('',*,*,#4130,.F.);
#3391=ORIENTED_EDGE('',*,*,#5207,.F.);
#3392=ORIENTED_EDGE('',*,*,#5205,.T.);
#3393=ORIENTED_EDGE('',*,*,#5201,.T.);
#3394=ORIENTED_EDGE('',*,*,#4071,.T.);
#3395=ORIENTED_EDGE('',*,*,#5168,.T.);
#3396=ORIENTED_EDGE('',*,*,#4062,.F.);
#3397=ORIENTED_EDGE('',*,*,#5208,.T.);
#3398=ORIENTED_EDGE('',*,*,#5167,.F.);
#3399=ORIENTED_EDGE('',*,*,#4069,.F.);
#3400=ORIENTED_EDGE('',*,*,#5209,.F.);
#3401=ORIENTED_EDGE('',*,*,#4064,.T.);
#3402=ORIENTED_EDGE('',*,*,#3997,.T.);
#3403=ORIENTED_EDGE('',*,*,#5210,.T.);
#3404=ORIENTED_EDGE('',*,*,#5211,.T.);
#3405=ORIENTED_EDGE('',*,*,#4072,.T.);
#3406=ORIENTED_EDGE('',*,*,#5208,.F.);
#3407=ORIENTED_EDGE('',*,*,#4061,.F.);
#3408=ORIENTED_EDGE('',*,*,#3986,.T.);
#3409=ORIENTED_EDGE('',*,*,#4068,.T.);
#3410=ORIENTED_EDGE('',*,*,#5212,.F.);
#3411=ORIENTED_EDGE('',*,*,#4065,.F.);
#3412=ORIENTED_EDGE('',*,*,#5209,.T.);
#3413=ORIENTED_EDGE('',*,*,#5212,.T.);
#3414=ORIENTED_EDGE('',*,*,#4067,.T.);
#3415=ORIENTED_EDGE('',*,*,#5213,.T.);
#3416=ORIENTED_EDGE('',*,*,#4001,.T.);
#3417=ORIENTED_EDGE('',*,*,#5214,.F.);
#3418=ORIENTED_EDGE('',*,*,#5215,.F.);
#3419=ORIENTED_EDGE('',*,*,#5216,.T.);
#3420=ORIENTED_EDGE('',*,*,#4059,.F.);
#3421=ORIENTED_EDGE('',*,*,#5214,.T.);
#3422=ORIENTED_EDGE('',*,*,#4000,.T.);
#3423=ORIENTED_EDGE('',*,*,#3992,.F.);
#3424=ORIENTED_EDGE('',*,*,#5217,.F.);
#3425=ORIENTED_EDGE('',*,*,#4057,.T.);
#3426=ORIENTED_EDGE('',*,*,#5204,.T.);
#3427=ORIENTED_EDGE('',*,*,#4048,.F.);
#3428=ORIENTED_EDGE('',*,*,#5218,.T.);
#3429=ORIENTED_EDGE('',*,*,#5203,.F.);
#3430=ORIENTED_EDGE('',*,*,#4055,.F.);
#3431=ORIENTED_EDGE('',*,*,#5219,.F.);
#3432=ORIENTED_EDGE('',*,*,#4050,.T.);
#3433=ORIENTED_EDGE('',*,*,#3877,.T.);
#3434=ORIENTED_EDGE('',*,*,#5220,.T.);
#3435=ORIENTED_EDGE('',*,*,#5221,.T.);
#3436=ORIENTED_EDGE('',*,*,#4058,.T.);
#3437=ORIENTED_EDGE('',*,*,#5218,.F.);
#3438=ORIENTED_EDGE('',*,*,#4047,.F.);
#3439=ORIENTED_EDGE('',*,*,#3866,.T.);
#3440=ORIENTED_EDGE('',*,*,#4054,.T.);
#3441=ORIENTED_EDGE('',*,*,#5222,.F.);
#3442=ORIENTED_EDGE('',*,*,#4051,.F.);
#3443=ORIENTED_EDGE('',*,*,#5219,.T.);
#3444=ORIENTED_EDGE('',*,*,#5222,.T.);
#3445=ORIENTED_EDGE('',*,*,#4053,.T.);
#3446=ORIENTED_EDGE('',*,*,#5223,.T.);
#3447=ORIENTED_EDGE('',*,*,#3959,.T.);
#3448=ORIENTED_EDGE('',*,*,#5224,.F.);
#3449=ORIENTED_EDGE('',*,*,#5225,.F.);
#3450=ORIENTED_EDGE('',*,*,#5226,.T.);
#3451=ORIENTED_EDGE('',*,*,#4045,.F.);
#3452=ORIENTED_EDGE('',*,*,#5224,.T.);
#3453=ORIENTED_EDGE('',*,*,#3958,.T.);
#3454=ORIENTED_EDGE('',*,*,#3872,.F.);
#3455=ORIENTED_EDGE('',*,*,#5227,.F.);
#3456=ORIENTED_EDGE('',*,*,#4043,.T.);
#3457=ORIENTED_EDGE('',*,*,#5195,.T.);
#3458=ORIENTED_EDGE('',*,*,#4034,.F.);
#3459=ORIENTED_EDGE('',*,*,#5228,.T.);
#3460=ORIENTED_EDGE('',*,*,#5194,.F.);
#3461=ORIENTED_EDGE('',*,*,#4041,.F.);
#3462=ORIENTED_EDGE('',*,*,#5229,.F.);
#3463=ORIENTED_EDGE('',*,*,#4036,.T.);
#3464=ORIENTED_EDGE('',*,*,#3903,.T.);
#3465=ORIENTED_EDGE('',*,*,#5230,.T.);
#3466=ORIENTED_EDGE('',*,*,#5231,.T.);
#3467=ORIENTED_EDGE('',*,*,#4044,.T.);
#3468=ORIENTED_EDGE('',*,*,#5228,.F.);
#3469=ORIENTED_EDGE('',*,*,#4033,.F.);
#3470=ORIENTED_EDGE('',*,*,#3892,.T.);
#3471=ORIENTED_EDGE('',*,*,#4040,.T.);
#3472=ORIENTED_EDGE('',*,*,#5232,.F.);
#3473=ORIENTED_EDGE('',*,*,#4037,.F.);
#3474=ORIENTED_EDGE('',*,*,#5229,.T.);
#3475=ORIENTED_EDGE('',*,*,#5232,.T.);
#3476=ORIENTED_EDGE('',*,*,#4039,.T.);
#3477=ORIENTED_EDGE('',*,*,#5233,.T.);
#3478=ORIENTED_EDGE('',*,*,#3963,.T.);
#3479=ORIENTED_EDGE('',*,*,#5234,.F.);
#3480=ORIENTED_EDGE('',*,*,#5235,.F.);
#3481=ORIENTED_EDGE('',*,*,#5236,.T.);
#3482=ORIENTED_EDGE('',*,*,#4031,.F.);
#3483=ORIENTED_EDGE('',*,*,#5234,.T.);
#3484=ORIENTED_EDGE('',*,*,#3962,.T.);
#3485=ORIENTED_EDGE('',*,*,#3898,.F.);
#3486=ORIENTED_EDGE('',*,*,#5237,.F.);
#3487=ORIENTED_EDGE('',*,*,#4029,.T.);
#3488=ORIENTED_EDGE('',*,*,#5186,.T.);
#3489=ORIENTED_EDGE('',*,*,#4020,.F.);
#3490=ORIENTED_EDGE('',*,*,#5238,.T.);
#3491=ORIENTED_EDGE('',*,*,#5185,.F.);
#3492=ORIENTED_EDGE('',*,*,#4027,.F.);
#3493=ORIENTED_EDGE('',*,*,#5239,.F.);
#3494=ORIENTED_EDGE('',*,*,#4022,.T.);
#3495=ORIENTED_EDGE('',*,*,#3929,.T.);
#3496=ORIENTED_EDGE('',*,*,#5240,.T.);
#3497=ORIENTED_EDGE('',*,*,#5241,.T.);
#3498=ORIENTED_EDGE('',*,*,#4030,.T.);
#3499=ORIENTED_EDGE('',*,*,#5238,.F.);
#3500=ORIENTED_EDGE('',*,*,#4019,.F.);
#3501=ORIENTED_EDGE('',*,*,#3918,.T.);
#3502=ORIENTED_EDGE('',*,*,#4026,.T.);
#3503=ORIENTED_EDGE('',*,*,#5242,.F.);
#3504=ORIENTED_EDGE('',*,*,#4023,.F.);
#3505=ORIENTED_EDGE('',*,*,#5239,.T.);
#3506=ORIENTED_EDGE('',*,*,#5242,.T.);
#3507=ORIENTED_EDGE('',*,*,#4025,.T.);
#3508=ORIENTED_EDGE('',*,*,#5243,.T.);
#3509=ORIENTED_EDGE('',*,*,#3967,.T.);
#3510=ORIENTED_EDGE('',*,*,#5244,.F.);
#3511=ORIENTED_EDGE('',*,*,#5245,.F.);
#3512=ORIENTED_EDGE('',*,*,#5246,.T.);
#3513=ORIENTED_EDGE('',*,*,#4017,.F.);
#3514=ORIENTED_EDGE('',*,*,#5244,.T.);
#3515=ORIENTED_EDGE('',*,*,#3966,.T.);
#3516=ORIENTED_EDGE('',*,*,#3924,.F.);
#3517=ORIENTED_EDGE('',*,*,#5247,.F.);
#3518=ORIENTED_EDGE('',*,*,#4015,.T.);
#3519=ORIENTED_EDGE('',*,*,#5177,.T.);
#3520=ORIENTED_EDGE('',*,*,#4006,.F.);
#3521=ORIENTED_EDGE('',*,*,#5248,.T.);
#3522=ORIENTED_EDGE('',*,*,#5176,.F.);
#3523=ORIENTED_EDGE('',*,*,#4013,.F.);
#3524=ORIENTED_EDGE('',*,*,#5249,.F.);
#3525=ORIENTED_EDGE('',*,*,#4008,.T.);
#3526=ORIENTED_EDGE('',*,*,#3955,.T.);
#3527=ORIENTED_EDGE('',*,*,#5250,.T.);
#3528=ORIENTED_EDGE('',*,*,#5251,.T.);
#3529=ORIENTED_EDGE('',*,*,#4016,.T.);
#3530=ORIENTED_EDGE('',*,*,#5248,.F.);
#3531=ORIENTED_EDGE('',*,*,#4005,.F.);
#3532=ORIENTED_EDGE('',*,*,#3944,.T.);
#3533=ORIENTED_EDGE('',*,*,#4012,.T.);
#3534=ORIENTED_EDGE('',*,*,#5252,.F.);
#3535=ORIENTED_EDGE('',*,*,#4009,.F.);
#3536=ORIENTED_EDGE('',*,*,#5249,.T.);
#3537=ORIENTED_EDGE('',*,*,#5252,.T.);
#3538=ORIENTED_EDGE('',*,*,#4011,.T.);
#3539=ORIENTED_EDGE('',*,*,#5253,.T.);
#3540=ORIENTED_EDGE('',*,*,#3971,.T.);
#3541=ORIENTED_EDGE('',*,*,#5254,.F.);
#3542=ORIENTED_EDGE('',*,*,#5255,.F.);
#3543=ORIENTED_EDGE('',*,*,#5256,.T.);
#3544=ORIENTED_EDGE('',*,*,#4003,.F.);
#3545=ORIENTED_EDGE('',*,*,#5254,.T.);
#3546=ORIENTED_EDGE('',*,*,#3970,.T.);
#3547=ORIENTED_EDGE('',*,*,#3950,.F.);
#3548=ORIENTED_EDGE('',*,*,#5257,.F.);
#3549=ORIENTED_EDGE('',*,*,#5213,.F.);
#3550=ORIENTED_EDGE('',*,*,#4066,.T.);
#3551=ORIENTED_EDGE('',*,*,#3984,.T.);
#3552=ORIENTED_EDGE('',*,*,#4002,.T.);
#3553=ORIENTED_EDGE('',*,*,#4060,.F.);
#3554=ORIENTED_EDGE('',*,*,#5216,.F.);
#3555=ORIENTED_EDGE('',*,*,#5258,.F.);
#3556=ORIENTED_EDGE('',*,*,#3988,.T.);
#3557=ORIENTED_EDGE('',*,*,#5259,.F.);
#3558=ORIENTED_EDGE('',*,*,#3978,.T.);
#3559=ORIENTED_EDGE('',*,*,#5258,.T.);
#3560=ORIENTED_EDGE('',*,*,#5215,.T.);
#3561=ORIENTED_EDGE('',*,*,#5217,.T.);
#3562=ORIENTED_EDGE('',*,*,#3991,.T.);
#3563=ORIENTED_EDGE('',*,*,#5223,.F.);
#3564=ORIENTED_EDGE('',*,*,#4052,.T.);
#3565=ORIENTED_EDGE('',*,*,#3864,.T.);
#3566=ORIENTED_EDGE('',*,*,#3960,.T.);
#3567=ORIENTED_EDGE('',*,*,#4046,.F.);
#3568=ORIENTED_EDGE('',*,*,#5226,.F.);
#3569=ORIENTED_EDGE('',*,*,#5260,.F.);
#3570=ORIENTED_EDGE('',*,*,#3868,.T.);
#3571=ORIENTED_EDGE('',*,*,#5261,.F.);
#3572=ORIENTED_EDGE('',*,*,#3858,.T.);
#3573=ORIENTED_EDGE('',*,*,#5260,.T.);
#3574=ORIENTED_EDGE('',*,*,#5225,.T.);
#3575=ORIENTED_EDGE('',*,*,#5227,.T.);
#3576=ORIENTED_EDGE('',*,*,#3871,.T.);
#3577=ORIENTED_EDGE('',*,*,#5233,.F.);
#3578=ORIENTED_EDGE('',*,*,#4038,.T.);
#3579=ORIENTED_EDGE('',*,*,#3890,.T.);
#3580=ORIENTED_EDGE('',*,*,#3964,.T.);
#3581=ORIENTED_EDGE('',*,*,#4032,.F.);
#3582=ORIENTED_EDGE('',*,*,#5236,.F.);
#3583=ORIENTED_EDGE('',*,*,#5262,.F.);
#3584=ORIENTED_EDGE('',*,*,#3894,.T.);
#3585=ORIENTED_EDGE('',*,*,#5263,.F.);
#3586=ORIENTED_EDGE('',*,*,#3884,.T.);
#3587=ORIENTED_EDGE('',*,*,#5262,.T.);
#3588=ORIENTED_EDGE('',*,*,#5235,.T.);
#3589=ORIENTED_EDGE('',*,*,#5237,.T.);
#3590=ORIENTED_EDGE('',*,*,#3897,.T.);
#3591=ORIENTED_EDGE('',*,*,#5243,.F.);
#3592=ORIENTED_EDGE('',*,*,#4024,.T.);
#3593=ORIENTED_EDGE('',*,*,#3916,.T.);
#3594=ORIENTED_EDGE('',*,*,#3968,.T.);
#3595=ORIENTED_EDGE('',*,*,#4018,.F.);
#3596=ORIENTED_EDGE('',*,*,#5246,.F.);
#3597=ORIENTED_EDGE('',*,*,#5264,.F.);
#3598=ORIENTED_EDGE('',*,*,#3920,.T.);
#3599=ORIENTED_EDGE('',*,*,#5265,.F.);
#3600=ORIENTED_EDGE('',*,*,#3910,.T.);
#3601=ORIENTED_EDGE('',*,*,#5264,.T.);
#3602=ORIENTED_EDGE('',*,*,#5245,.T.);
#3603=ORIENTED_EDGE('',*,*,#5247,.T.);
#3604=ORIENTED_EDGE('',*,*,#3923,.T.);
#3605=ORIENTED_EDGE('',*,*,#5253,.F.);
#3606=ORIENTED_EDGE('',*,*,#4010,.T.);
#3607=ORIENTED_EDGE('',*,*,#3942,.T.);
#3608=ORIENTED_EDGE('',*,*,#3972,.T.);
#3609=ORIENTED_EDGE('',*,*,#4004,.F.);
#3610=ORIENTED_EDGE('',*,*,#5256,.F.);
#3611=ORIENTED_EDGE('',*,*,#5266,.F.);
#3612=ORIENTED_EDGE('',*,*,#3946,.T.);
#3613=ORIENTED_EDGE('',*,*,#5267,.F.);
#3614=ORIENTED_EDGE('',*,*,#3936,.T.);
#3615=ORIENTED_EDGE('',*,*,#5266,.T.);
#3616=ORIENTED_EDGE('',*,*,#5255,.T.);
#3617=ORIENTED_EDGE('',*,*,#5257,.T.);
#3618=ORIENTED_EDGE('',*,*,#3949,.T.);
#3619=ORIENTED_EDGE('',*,*,#5268,.T.);
#3620=ORIENTED_EDGE('',*,*,#3979,.T.);
#3621=ORIENTED_EDGE('',*,*,#5259,.T.);
#3622=ORIENTED_EDGE('',*,*,#3990,.F.);
#3623=ORIENTED_EDGE('',*,*,#5269,.F.);
#3624=ORIENTED_EDGE('',*,*,#3998,.F.);
#3625=ORIENTED_EDGE('',*,*,#5211,.F.);
#3626=ORIENTED_EDGE('',*,*,#3975,.F.);
#3627=ORIENTED_EDGE('',*,*,#3980,.T.);
#3628=ORIENTED_EDGE('',*,*,#5268,.F.);
#3629=ORIENTED_EDGE('',*,*,#3989,.F.);
#3630=ORIENTED_EDGE('',*,*,#5269,.T.);
#3631=ORIENTED_EDGE('',*,*,#3974,.F.);
#3632=ORIENTED_EDGE('',*,*,#5210,.F.);
#3633=ORIENTED_EDGE('',*,*,#3996,.F.);
#3634=ORIENTED_EDGE('',*,*,#5270,.T.);
#3635=ORIENTED_EDGE('',*,*,#3976,.F.);
#3636=ORIENTED_EDGE('',*,*,#5270,.F.);
#3637=ORIENTED_EDGE('',*,*,#3995,.F.);
#3638=ORIENTED_EDGE('',*,*,#5271,.T.);
#3639=ORIENTED_EDGE('',*,*,#3981,.T.);
#3640=ORIENTED_EDGE('',*,*,#3977,.F.);
#3641=ORIENTED_EDGE('',*,*,#3999,.T.);
#3642=ORIENTED_EDGE('',*,*,#3982,.T.);
#3643=ORIENTED_EDGE('',*,*,#5271,.F.);
#3644=ORIENTED_EDGE('',*,*,#3994,.F.);
#3645=ORIENTED_EDGE('',*,*,#5272,.T.);
#3646=ORIENTED_EDGE('',*,*,#3937,.T.);
#3647=ORIENTED_EDGE('',*,*,#5267,.T.);
#3648=ORIENTED_EDGE('',*,*,#3948,.F.);
#3649=ORIENTED_EDGE('',*,*,#5273,.F.);
#3650=ORIENTED_EDGE('',*,*,#3956,.F.);
#3651=ORIENTED_EDGE('',*,*,#5251,.F.);
#3652=ORIENTED_EDGE('',*,*,#3933,.F.);
#3653=ORIENTED_EDGE('',*,*,#3938,.T.);
#3654=ORIENTED_EDGE('',*,*,#5272,.F.);
#3655=ORIENTED_EDGE('',*,*,#3947,.F.);
#3656=ORIENTED_EDGE('',*,*,#5273,.T.);
#3657=ORIENTED_EDGE('',*,*,#3932,.F.);
#3658=ORIENTED_EDGE('',*,*,#5250,.F.);
#3659=ORIENTED_EDGE('',*,*,#3954,.F.);
#3660=ORIENTED_EDGE('',*,*,#5274,.T.);
#3661=ORIENTED_EDGE('',*,*,#3934,.F.);
#3662=ORIENTED_EDGE('',*,*,#5274,.F.);
#3663=ORIENTED_EDGE('',*,*,#3953,.F.);
#3664=ORIENTED_EDGE('',*,*,#5275,.T.);
#3665=ORIENTED_EDGE('',*,*,#3939,.T.);
#3666=ORIENTED_EDGE('',*,*,#3935,.F.);
#3667=ORIENTED_EDGE('',*,*,#3969,.T.);
#3668=ORIENTED_EDGE('',*,*,#3940,.T.);
#3669=ORIENTED_EDGE('',*,*,#5275,.F.);
#3670=ORIENTED_EDGE('',*,*,#3952,.F.);
#3671=ORIENTED_EDGE('',*,*,#5276,.T.);
#3672=ORIENTED_EDGE('',*,*,#3911,.T.);
#3673=ORIENTED_EDGE('',*,*,#5265,.T.);
#3674=ORIENTED_EDGE('',*,*,#3922,.F.);
#3675=ORIENTED_EDGE('',*,*,#5277,.F.);
#3676=ORIENTED_EDGE('',*,*,#3930,.F.);
#3677=ORIENTED_EDGE('',*,*,#5241,.F.);
#3678=ORIENTED_EDGE('',*,*,#3907,.F.);
#3679=ORIENTED_EDGE('',*,*,#3912,.T.);
#3680=ORIENTED_EDGE('',*,*,#5276,.F.);
#3681=ORIENTED_EDGE('',*,*,#3921,.F.);
#3682=ORIENTED_EDGE('',*,*,#5277,.T.);
#3683=ORIENTED_EDGE('',*,*,#3906,.F.);
#3684=ORIENTED_EDGE('',*,*,#5240,.F.);
#3685=ORIENTED_EDGE('',*,*,#3928,.F.);
#3686=ORIENTED_EDGE('',*,*,#5278,.T.);
#3687=ORIENTED_EDGE('',*,*,#3908,.F.);
#3688=ORIENTED_EDGE('',*,*,#5278,.F.);
#3689=ORIENTED_EDGE('',*,*,#3927,.F.);
#3690=ORIENTED_EDGE('',*,*,#5279,.T.);
#3691=ORIENTED_EDGE('',*,*,#3913,.T.);
#3692=ORIENTED_EDGE('',*,*,#3909,.F.);
#3693=ORIENTED_EDGE('',*,*,#3965,.T.);
#3694=ORIENTED_EDGE('',*,*,#3914,.T.);
#3695=ORIENTED_EDGE('',*,*,#5279,.F.);
#3696=ORIENTED_EDGE('',*,*,#3926,.F.);
#3697=ORIENTED_EDGE('',*,*,#5280,.T.);
#3698=ORIENTED_EDGE('',*,*,#3885,.T.);
#3699=ORIENTED_EDGE('',*,*,#5263,.T.);
#3700=ORIENTED_EDGE('',*,*,#3896,.F.);
#3701=ORIENTED_EDGE('',*,*,#5281,.F.);
#3702=ORIENTED_EDGE('',*,*,#3904,.F.);
#3703=ORIENTED_EDGE('',*,*,#5231,.F.);
#3704=ORIENTED_EDGE('',*,*,#3881,.F.);
#3705=ORIENTED_EDGE('',*,*,#3886,.T.);
#3706=ORIENTED_EDGE('',*,*,#5280,.F.);
#3707=ORIENTED_EDGE('',*,*,#3895,.F.);
#3708=ORIENTED_EDGE('',*,*,#5281,.T.);
#3709=ORIENTED_EDGE('',*,*,#3880,.F.);
#3710=ORIENTED_EDGE('',*,*,#5230,.F.);
#3711=ORIENTED_EDGE('',*,*,#3902,.F.);
#3712=ORIENTED_EDGE('',*,*,#5282,.T.);
#3713=ORIENTED_EDGE('',*,*,#3882,.F.);
#3714=ORIENTED_EDGE('',*,*,#5282,.F.);
#3715=ORIENTED_EDGE('',*,*,#3901,.F.);
#3716=ORIENTED_EDGE('',*,*,#5283,.T.);
#3717=ORIENTED_EDGE('',*,*,#3887,.T.);
#3718=ORIENTED_EDGE('',*,*,#3883,.F.);
#3719=ORIENTED_EDGE('',*,*,#3961,.T.);
#3720=ORIENTED_EDGE('',*,*,#3888,.T.);
#3721=ORIENTED_EDGE('',*,*,#5283,.F.);
#3722=ORIENTED_EDGE('',*,*,#3900,.F.);
#3723=ORIENTED_EDGE('',*,*,#5284,.T.);
#3724=ORIENTED_EDGE('',*,*,#3859,.T.);
#3725=ORIENTED_EDGE('',*,*,#5261,.T.);
#3726=ORIENTED_EDGE('',*,*,#3870,.F.);
#3727=ORIENTED_EDGE('',*,*,#5285,.F.);
#3728=ORIENTED_EDGE('',*,*,#3878,.F.);
#3729=ORIENTED_EDGE('',*,*,#5221,.F.);
#3730=ORIENTED_EDGE('',*,*,#3855,.F.);
#3731=ORIENTED_EDGE('',*,*,#3860,.T.);
#3732=ORIENTED_EDGE('',*,*,#5284,.F.);
#3733=ORIENTED_EDGE('',*,*,#3869,.F.);
#3734=ORIENTED_EDGE('',*,*,#5285,.T.);
#3735=ORIENTED_EDGE('',*,*,#3854,.F.);
#3736=ORIENTED_EDGE('',*,*,#5220,.F.);
#3737=ORIENTED_EDGE('',*,*,#3876,.F.);
#3738=ORIENTED_EDGE('',*,*,#5286,.T.);
#3739=ORIENTED_EDGE('',*,*,#3856,.F.);
#3740=ORIENTED_EDGE('',*,*,#5286,.F.);
#3741=ORIENTED_EDGE('',*,*,#3875,.F.);
#3742=ORIENTED_EDGE('',*,*,#5287,.T.);
#3743=ORIENTED_EDGE('',*,*,#3861,.T.);
#3744=ORIENTED_EDGE('',*,*,#3857,.F.);
#3745=ORIENTED_EDGE('',*,*,#3957,.T.);
#3746=ORIENTED_EDGE('',*,*,#3862,.T.);
#3747=ORIENTED_EDGE('',*,*,#5287,.F.);
#3748=ORIENTED_EDGE('',*,*,#3874,.F.);
#3749=ORIENTED_EDGE('',*,*,#4542,.T.);
#3750=ORIENTED_EDGE('',*,*,#5288,.F.);
#3751=ORIENTED_EDGE('',*,*,#5289,.F.);
#3752=ORIENTED_EDGE('',*,*,#5290,.T.);
#3753=ORIENTED_EDGE('',*,*,#4547,.T.);
#3754=ORIENTED_EDGE('',*,*,#5291,.F.);
#3755=ORIENTED_EDGE('',*,*,#5292,.F.);
#3756=ORIENTED_EDGE('',*,*,#5288,.T.);
#3757=ORIENTED_EDGE('',*,*,#4546,.T.);
#3758=ORIENTED_EDGE('',*,*,#5293,.F.);
#3759=ORIENTED_EDGE('',*,*,#5294,.F.);
#3760=ORIENTED_EDGE('',*,*,#5291,.T.);
#3761=ORIENTED_EDGE('',*,*,#4545,.T.);
#3762=ORIENTED_EDGE('',*,*,#5295,.F.);
#3763=ORIENTED_EDGE('',*,*,#5296,.F.);
#3764=ORIENTED_EDGE('',*,*,#5293,.T.);
#3765=ORIENTED_EDGE('',*,*,#4544,.T.);
#3766=ORIENTED_EDGE('',*,*,#5297,.F.);
#3767=ORIENTED_EDGE('',*,*,#5298,.F.);
#3768=ORIENTED_EDGE('',*,*,#5295,.T.);
#3769=ORIENTED_EDGE('',*,*,#4543,.T.);
#3770=ORIENTED_EDGE('',*,*,#5290,.F.);
#3771=ORIENTED_EDGE('',*,*,#5299,.F.);
#3772=ORIENTED_EDGE('',*,*,#5297,.T.);
#3773=ORIENTED_EDGE('',*,*,#5300,.F.);
#3774=ORIENTED_EDGE('',*,*,#5301,.T.);
#3775=ORIENTED_EDGE('',*,*,#3849,.T.);
#3776=ORIENTED_EDGE('',*,*,#4536,.T.);
#3777=ORIENTED_EDGE('',*,*,#5302,.F.);
#3778=ORIENTED_EDGE('',*,*,#5303,.T.);
#3779=ORIENTED_EDGE('',*,*,#5300,.T.);
#3780=ORIENTED_EDGE('',*,*,#4535,.T.);
#3781=ORIENTED_EDGE('',*,*,#4534,.T.);
#3782=ORIENTED_EDGE('',*,*,#5304,.F.);
#3783=ORIENTED_EDGE('',*,*,#5305,.F.);
#3784=ORIENTED_EDGE('',*,*,#5302,.T.);
#3785=ORIENTED_EDGE('',*,*,#5306,.F.);
#3786=ORIENTED_EDGE('',*,*,#5307,.T.);
#3787=ORIENTED_EDGE('',*,*,#5304,.T.);
#3788=ORIENTED_EDGE('',*,*,#4533,.T.);
#3789=ORIENTED_EDGE('',*,*,#5308,.F.);
#3790=ORIENTED_EDGE('',*,*,#5309,.T.);
#3791=ORIENTED_EDGE('',*,*,#5306,.T.);
#3792=ORIENTED_EDGE('',*,*,#4541,.T.);
#3793=ORIENTED_EDGE('',*,*,#5310,.F.);
#3794=ORIENTED_EDGE('',*,*,#5311,.T.);
#3795=ORIENTED_EDGE('',*,*,#5308,.T.);
#3796=ORIENTED_EDGE('',*,*,#4540,.T.);
#3797=ORIENTED_EDGE('',*,*,#5312,.F.);
#3798=ORIENTED_EDGE('',*,*,#5313,.T.);
#3799=ORIENTED_EDGE('',*,*,#5310,.T.);
#3800=ORIENTED_EDGE('',*,*,#4539,.T.);
#3801=ORIENTED_EDGE('',*,*,#5314,.T.);
#3802=ORIENTED_EDGE('',*,*,#5315,.T.);
#3803=ORIENTED_EDGE('',*,*,#5312,.T.);
#3804=ORIENTED_EDGE('',*,*,#4538,.T.);
#3805=ORIENTED_EDGE('',*,*,#5316,.T.);
#3806=ORIENTED_EDGE('',*,*,#5314,.F.);
#3807=ORIENTED_EDGE('',*,*,#4537,.F.);
#3808=ORIENTED_EDGE('',*,*,#3851,.F.);
#3809=ORIENTED_EDGE('',*,*,#5309,.F.);
#3810=ORIENTED_EDGE('',*,*,#5311,.F.);
#3811=ORIENTED_EDGE('',*,*,#5313,.F.);
#3812=ORIENTED_EDGE('',*,*,#5315,.F.);
#3813=ORIENTED_EDGE('',*,*,#5316,.F.);
#3814=ORIENTED_EDGE('',*,*,#3850,.F.);
#3815=ORIENTED_EDGE('',*,*,#5301,.F.);
#3816=ORIENTED_EDGE('',*,*,#5303,.F.);
#3817=ORIENTED_EDGE('',*,*,#5305,.T.);
#3818=ORIENTED_EDGE('',*,*,#5307,.F.);
#3819=ORIENTED_EDGE('',*,*,#5289,.T.);
#3820=ORIENTED_EDGE('',*,*,#5317,.F.);
#3821=ORIENTED_EDGE('',*,*,#5318,.F.);
#3822=ORIENTED_EDGE('',*,*,#5319,.T.);
#3823=ORIENTED_EDGE('',*,*,#5292,.T.);
#3824=ORIENTED_EDGE('',*,*,#5320,.F.);
#3825=ORIENTED_EDGE('',*,*,#5321,.F.);
#3826=ORIENTED_EDGE('',*,*,#5317,.T.);
#3827=ORIENTED_EDGE('',*,*,#5294,.T.);
#3828=ORIENTED_EDGE('',*,*,#5322,.F.);
#3829=ORIENTED_EDGE('',*,*,#5323,.F.);
#3830=ORIENTED_EDGE('',*,*,#5320,.T.);
#3831=ORIENTED_EDGE('',*,*,#5296,.T.);
#3832=ORIENTED_EDGE('',*,*,#5324,.F.);
#3833=ORIENTED_EDGE('',*,*,#5325,.F.);
#3834=ORIENTED_EDGE('',*,*,#5322,.T.);
#3835=ORIENTED_EDGE('',*,*,#5298,.T.);
#3836=ORIENTED_EDGE('',*,*,#5326,.F.);
#3837=ORIENTED_EDGE('',*,*,#5327,.F.);
#3838=ORIENTED_EDGE('',*,*,#5324,.T.);
#3839=ORIENTED_EDGE('',*,*,#5299,.T.);
#3840=ORIENTED_EDGE('',*,*,#5319,.F.);
#3841=ORIENTED_EDGE('',*,*,#5328,.F.);
#3842=ORIENTED_EDGE('',*,*,#5326,.T.);
#3843=ORIENTED_EDGE('',*,*,#5318,.T.);
#3844=ORIENTED_EDGE('',*,*,#5321,.T.);
#3845=ORIENTED_EDGE('',*,*,#5323,.T.);
#3846=ORIENTED_EDGE('',*,*,#5325,.T.);
#3847=ORIENTED_EDGE('',*,*,#5327,.T.);
#3848=ORIENTED_EDGE('',*,*,#5328,.T.);
#3849=EDGE_CURVE('',#5329,#5330,#6282,.T.);
#3850=EDGE_CURVE('',#5329,#5331,#854,.T.);
#3851=EDGE_CURVE('',#5331,#5332,#6283,.T.);
#3852=EDGE_CURVE('',#5332,#5330,#470,.T.);
#3853=EDGE_CURVE('',#5333,#5334,#6284,.T.);
#3854=EDGE_CURVE('',#5333,#5335,#405,.T.);
#3855=EDGE_CURVE('',#5335,#5336,#406,.T.);
#3856=EDGE_CURVE('',#5336,#5337,#407,.F.);
#3857=EDGE_CURVE('',#5337,#5334,#408,.T.);
#3858=EDGE_CURVE('',#5338,#5339,#6285,.T.);
#3859=EDGE_CURVE('',#5340,#5338,#471,.T.);
#3860=EDGE_CURVE('',#5333,#5340,#472,.T.);
#3861=EDGE_CURVE('',#5341,#5334,#473,.T.);
#3862=EDGE_CURVE('',#5342,#5341,#474,.T.);
#3863=EDGE_CURVE('',#5342,#5343,#6286,.T.);
#3864=EDGE_CURVE('',#5344,#5343,#6287,.T.);
#3865=EDGE_CURVE('',#5344,#5345,#6288,.T.);
#3866=EDGE_CURVE('',#5346,#5345,#6289,.T.);
#3867=EDGE_CURVE('',#5347,#5346,#6290,.T.);
#3868=EDGE_CURVE('',#5339,#5347,#6291,.T.);
#3869=EDGE_CURVE('',#5348,#5349,#855,.F.);
#3870=EDGE_CURVE('',#5349,#5350,#856,.F.);
#3871=EDGE_CURVE('',#5351,#5350,#6292,.T.);
#3872=EDGE_CURVE('',#5351,#5352,#6293,.T.);
#3873=EDGE_CURVE('',#5352,#5353,#6294,.T.);
#3874=EDGE_CURVE('',#5353,#5354,#857,.F.);
#3875=EDGE_CURVE('',#5354,#5355,#858,.F.);
#3876=EDGE_CURVE('',#5355,#5356,#859,.F.);
#3877=EDGE_CURVE('',#5357,#5356,#6295,.T.);
#3878=EDGE_CURVE('',#5357,#5348,#860,.F.);
#3879=EDGE_CURVE('',#5358,#5359,#6296,.T.);
#3880=EDGE_CURVE('',#5358,#5360,#409,.T.);
#3881=EDGE_CURVE('',#5360,#5361,#410,.T.);
#3882=EDGE_CURVE('',#5361,#5362,#411,.F.);
#3883=EDGE_CURVE('',#5362,#5359,#412,.T.);
#3884=EDGE_CURVE('',#5363,#5364,#6297,.T.);
#3885=EDGE_CURVE('',#5365,#5363,#475,.T.);
#3886=EDGE_CURVE('',#5358,#5365,#476,.T.);
#3887=EDGE_CURVE('',#5366,#5359,#477,.T.);
#3888=EDGE_CURVE('',#5367,#5366,#478,.T.);
#3889=EDGE_CURVE('',#5367,#5368,#6298,.T.);
#3890=EDGE_CURVE('',#5369,#5368,#6299,.T.);
#3891=EDGE_CURVE('',#5369,#5370,#6300,.T.);
#3892=EDGE_CURVE('',#5371,#5370,#6301,.T.);
#3893=EDGE_CURVE('',#5372,#5371,#6302,.T.);
#3894=EDGE_CURVE('',#5364,#5372,#6303,.T.);
#3895=EDGE_CURVE('',#5373,#5374,#861,.F.);
#3896=EDGE_CURVE('',#5374,#5375,#862,.F.);
#3897=EDGE_CURVE('',#5376,#5375,#6304,.T.);
#3898=EDGE_CURVE('',#5376,#5377,#6305,.T.);
#3899=EDGE_CURVE('',#5377,#5378,#6306,.T.);
#3900=EDGE_CURVE('',#5378,#5379,#863,.F.);
#3901=EDGE_CURVE('',#5379,#5380,#864,.F.);
#3902=EDGE_CURVE('',#5380,#5381,#865,.F.);
#3903=EDGE_CURVE('',#5382,#5381,#6307,.T.);
#3904=EDGE_CURVE('',#5382,#5373,#866,.F.);
#3905=EDGE_CURVE('',#5383,#5384,#6308,.T.);
#3906=EDGE_CURVE('',#5383,#5385,#413,.T.);
#3907=EDGE_CURVE('',#5385,#5386,#414,.T.);
#3908=EDGE_CURVE('',#5386,#5387,#415,.F.);
#3909=EDGE_CURVE('',#5387,#5384,#416,.T.);
#3910=EDGE_CURVE('',#5388,#5389,#6309,.T.);
#3911=EDGE_CURVE('',#5390,#5388,#479,.T.);
#3912=EDGE_CURVE('',#5383,#5390,#480,.T.);
#3913=EDGE_CURVE('',#5391,#5384,#481,.T.);
#3914=EDGE_CURVE('',#5392,#5391,#482,.T.);
#3915=EDGE_CURVE('',#5392,#5393,#6310,.T.);
#3916=EDGE_CURVE('',#5394,#5393,#6311,.T.);
#3917=EDGE_CURVE('',#5394,#5395,#6312,.T.);
#3918=EDGE_CURVE('',#5396,#5395,#6313,.T.);
#3919=EDGE_CURVE('',#5397,#5396,#6314,.T.);
#3920=EDGE_CURVE('',#5389,#5397,#6315,.T.);
#3921=EDGE_CURVE('',#5398,#5399,#867,.F.);
#3922=EDGE_CURVE('',#5399,#5400,#868,.F.);
#3923=EDGE_CURVE('',#5401,#5400,#6316,.T.);
#3924=EDGE_CURVE('',#5401,#5402,#6317,.T.);
#3925=EDGE_CURVE('',#5402,#5403,#6318,.T.);
#3926=EDGE_CURVE('',#5403,#5404,#869,.F.);
#3927=EDGE_CURVE('',#5404,#5405,#870,.F.);
#3928=EDGE_CURVE('',#5405,#5406,#871,.F.);
#3929=EDGE_CURVE('',#5407,#5406,#6319,.T.);
#3930=EDGE_CURVE('',#5407,#5398,#872,.F.);
#3931=EDGE_CURVE('',#5408,#5409,#6320,.T.);
#3932=EDGE_CURVE('',#5408,#5410,#417,.T.);
#3933=EDGE_CURVE('',#5410,#5411,#418,.T.);
#3934=EDGE_CURVE('',#5411,#5412,#419,.F.);
#3935=EDGE_CURVE('',#5412,#5409,#420,.T.);
#3936=EDGE_CURVE('',#5413,#5414,#6321,.T.);
#3937=EDGE_CURVE('',#5415,#5413,#483,.T.);
#3938=EDGE_CURVE('',#5408,#5415,#484,.T.);
#3939=EDGE_CURVE('',#5416,#5409,#485,.T.);
#3940=EDGE_CURVE('',#5417,#5416,#486,.T.);
#3941=EDGE_CURVE('',#5417,#5418,#6322,.T.);
#3942=EDGE_CURVE('',#5419,#5418,#6323,.T.);
#3943=EDGE_CURVE('',#5419,#5420,#6324,.T.);
#3944=EDGE_CURVE('',#5421,#5420,#6325,.T.);
#3945=EDGE_CURVE('',#5422,#5421,#6326,.T.);
#3946=EDGE_CURVE('',#5414,#5422,#6327,.T.);
#3947=EDGE_CURVE('',#5423,#5424,#873,.F.);
#3948=EDGE_CURVE('',#5424,#5425,#874,.F.);
#3949=EDGE_CURVE('',#5426,#5425,#6328,.T.);
#3950=EDGE_CURVE('',#5426,#5427,#6329,.T.);
#3951=EDGE_CURVE('',#5427,#5428,#6330,.T.);
#3952=EDGE_CURVE('',#5428,#5429,#875,.F.);
#3953=EDGE_CURVE('',#5429,#5430,#876,.F.);
#3954=EDGE_CURVE('',#5430,#5431,#877,.F.);
#3955=EDGE_CURVE('',#5432,#5431,#6331,.T.);
#3956=EDGE_CURVE('',#5432,#5423,#878,.F.);
#3957=EDGE_CURVE('',#5353,#5342,#6332,.T.);
#3958=EDGE_CURVE('',#5433,#5352,#487,.T.);
#3959=EDGE_CURVE('',#5434,#5433,#6333,.T.);
#3960=EDGE_CURVE('',#5343,#5434,#488,.T.);
#3961=EDGE_CURVE('',#5378,#5367,#6334,.T.);
#3962=EDGE_CURVE('',#5435,#5377,#489,.T.);
#3963=EDGE_CURVE('',#5436,#5435,#6335,.T.);
#3964=EDGE_CURVE('',#5368,#5436,#490,.T.);
#3965=EDGE_CURVE('',#5403,#5392,#6336,.T.);
#3966=EDGE_CURVE('',#5437,#5402,#491,.T.);
#3967=EDGE_CURVE('',#5438,#5437,#6337,.T.);
#3968=EDGE_CURVE('',#5393,#5438,#492,.T.);
#3969=EDGE_CURVE('',#5428,#5417,#6338,.T.);
#3970=EDGE_CURVE('',#5439,#5427,#493,.T.);
#3971=EDGE_CURVE('',#5440,#5439,#6339,.T.);
#3972=EDGE_CURVE('',#5418,#5440,#494,.T.);
#3973=EDGE_CURVE('',#5441,#5442,#6340,.T.);
#3974=EDGE_CURVE('',#5441,#5443,#421,.T.);
#3975=EDGE_CURVE('',#5443,#5444,#422,.T.);
#3976=EDGE_CURVE('',#5444,#5445,#423,.F.);
#3977=EDGE_CURVE('',#5445,#5442,#424,.T.);
#3978=EDGE_CURVE('',#5446,#5447,#6341,.T.);
#3979=EDGE_CURVE('',#5448,#5446,#495,.T.);
#3980=EDGE_CURVE('',#5441,#5448,#496,.T.);
#3981=EDGE_CURVE('',#5449,#5442,#497,.T.);
#3982=EDGE_CURVE('',#5450,#5449,#498,.T.);
#3983=EDGE_CURVE('',#5450,#5451,#6342,.T.);
#3984=EDGE_CURVE('',#5452,#5451,#6343,.T.);
#3985=EDGE_CURVE('',#5452,#5453,#6344,.T.);
#3986=EDGE_CURVE('',#5454,#5453,#6345,.T.);
#3987=EDGE_CURVE('',#5455,#5454,#6346,.T.);
#3988=EDGE_CURVE('',#5447,#5455,#6347,.T.);
#3989=EDGE_CURVE('',#5456,#5457,#879,.F.);
#3990=EDGE_CURVE('',#5457,#5458,#880,.F.);
#3991=EDGE_CURVE('',#5459,#5458,#6348,.T.);
#3992=EDGE_CURVE('',#5459,#5460,#6349,.T.);
#3993=EDGE_CURVE('',#5460,#5461,#6350,.T.);
#3994=EDGE_CURVE('',#5461,#5462,#881,.F.);
#3995=EDGE_CURVE('',#5462,#5463,#882,.F.);
#3996=EDGE_CURVE('',#5463,#5464,#883,.F.);
#3997=EDGE_CURVE('',#5465,#5464,#6351,.T.);
#3998=EDGE_CURVE('',#5465,#5456,#884,.F.);
#3999=EDGE_CURVE('',#5461,#5450,#6352,.T.);
#4000=EDGE_CURVE('',#5466,#5460,#499,.T.);
#4001=EDGE_CURVE('',#5467,#5466,#6353,.T.);
#4002=EDGE_CURVE('',#5451,#5467,#500,.T.);
#4003=EDGE_CURVE('',#5468,#5469,#6354,.T.);
#4004=EDGE_CURVE('',#5469,#5422,#501,.F.);
#4005=EDGE_CURVE('',#5421,#5470,#502,.T.);
#4006=EDGE_CURVE('',#5470,#5471,#6355,.T.);
#4007=EDGE_CURVE('',#5472,#5471,#6356,.T.);
#4008=EDGE_CURVE('',#5473,#5472,#503,.T.);
#4009=EDGE_CURVE('',#5473,#5468,#6357,.T.);
#4010=EDGE_CURVE('',#5474,#5419,#504,.F.);
#4011=EDGE_CURVE('',#5475,#5474,#6358,.T.);
#4012=EDGE_CURVE('',#5476,#5475,#6359,.T.);
#4013=EDGE_CURVE('',#5476,#5477,#505,.T.);
#4014=EDGE_CURVE('',#5477,#5478,#6360,.T.);
#4015=EDGE_CURVE('',#5479,#5478,#6361,.T.);
#4016=EDGE_CURVE('',#5420,#5479,#506,.T.);
#4017=EDGE_CURVE('',#5480,#5481,#6362,.T.);
#4018=EDGE_CURVE('',#5481,#5397,#507,.F.);
#4019=EDGE_CURVE('',#5396,#5482,#508,.T.);
#4020=EDGE_CURVE('',#5482,#5483,#6363,.T.);
#4021=EDGE_CURVE('',#5484,#5483,#6364,.T.);
#4022=EDGE_CURVE('',#5485,#5484,#509,.T.);
#4023=EDGE_CURVE('',#5485,#5480,#6365,.T.);
#4024=EDGE_CURVE('',#5486,#5394,#510,.F.);
#4025=EDGE_CURVE('',#5487,#5486,#6366,.T.);
#4026=EDGE_CURVE('',#5488,#5487,#6367,.T.);
#4027=EDGE_CURVE('',#5488,#5489,#511,.T.);
#4028=EDGE_CURVE('',#5489,#5490,#6368,.T.);
#4029=EDGE_CURVE('',#5491,#5490,#6369,.T.);
#4030=EDGE_CURVE('',#5395,#5491,#512,.T.);
#4031=EDGE_CURVE('',#5492,#5493,#6370,.T.);
#4032=EDGE_CURVE('',#5493,#5372,#513,.F.);
#4033=EDGE_CURVE('',#5371,#5494,#514,.T.);
#4034=EDGE_CURVE('',#5494,#5495,#6371,.T.);
#4035=EDGE_CURVE('',#5496,#5495,#6372,.T.);
#4036=EDGE_CURVE('',#5497,#5496,#515,.T.);
#4037=EDGE_CURVE('',#5497,#5492,#6373,.T.);
#4038=EDGE_CURVE('',#5498,#5369,#516,.F.);
#4039=EDGE_CURVE('',#5499,#5498,#6374,.T.);
#4040=EDGE_CURVE('',#5500,#5499,#6375,.T.);
#4041=EDGE_CURVE('',#5500,#5501,#517,.T.);
#4042=EDGE_CURVE('',#5501,#5502,#6376,.T.);
#4043=EDGE_CURVE('',#5503,#5502,#6377,.T.);
#4044=EDGE_CURVE('',#5370,#5503,#518,.T.);
#4045=EDGE_CURVE('',#5504,#5505,#6378,.T.);
#4046=EDGE_CURVE('',#5505,#5347,#519,.F.);
#4047=EDGE_CURVE('',#5346,#5506,#520,.T.);
#4048=EDGE_CURVE('',#5506,#5507,#6379,.T.);
#4049=EDGE_CURVE('',#5508,#5507,#6380,.T.);
#4050=EDGE_CURVE('',#5509,#5508,#521,.T.);
#4051=EDGE_CURVE('',#5509,#5504,#6381,.T.);
#4052=EDGE_CURVE('',#5510,#5344,#522,.F.);
#4053=EDGE_CURVE('',#5511,#5510,#6382,.T.);
#4054=EDGE_CURVE('',#5512,#5511,#6383,.T.);
#4055=EDGE_CURVE('',#5512,#5513,#523,.T.);
#4056=EDGE_CURVE('',#5513,#5514,#6384,.T.);
#4057=EDGE_CURVE('',#5515,#5514,#6385,.T.);
#4058=EDGE_CURVE('',#5345,#5515,#524,.T.);
#4059=EDGE_CURVE('',#5516,#5517,#6386,.T.);
#4060=EDGE_CURVE('',#5517,#5455,#525,.F.);
#4061=EDGE_CURVE('',#5454,#5518,#526,.T.);
#4062=EDGE_CURVE('',#5518,#5519,#6387,.T.);
#4063=EDGE_CURVE('',#5520,#5519,#6388,.T.);
#4064=EDGE_CURVE('',#5521,#5520,#527,.T.);
#4065=EDGE_CURVE('',#5521,#5516,#6389,.T.);
#4066=EDGE_CURVE('',#5522,#5452,#528,.F.);
#4067=EDGE_CURVE('',#5523,#5522,#6390,.T.);
#4068=EDGE_CURVE('',#5524,#5523,#6391,.T.);
#4069=EDGE_CURVE('',#5524,#5525,#529,.T.);
#4070=EDGE_CURVE('',#5525,#5526,#6392,.T.);
#4071=EDGE_CURVE('',#5527,#5526,#6393,.T.);
#4072=EDGE_CURVE('',#5453,#5527,#530,.T.);
#4073=EDGE_CURVE('',#5528,#5529,#531,.T.);
#4074=EDGE_CURVE('',#5530,#5528,#6394,.T.);
#4075=EDGE_CURVE('',#5531,#5530,#532,.T.);
#4076=EDGE_CURVE('',#5531,#5529,#6395,.T.);
#4077=EDGE_CURVE('',#5532,#5533,#533,.T.);
#4078=EDGE_CURVE('',#5532,#5534,#6396,.T.);
#4079=EDGE_CURVE('',#5535,#5534,#534,.T.);
#4080=EDGE_CURVE('',#5533,#5535,#6397,.T.);
#4081=EDGE_CURVE('',#5536,#5537,#535,.T.);
#4082=EDGE_CURVE('',#5538,#5536,#6398,.T.);
#4083=EDGE_CURVE('',#5539,#5538,#536,.T.);
#4084=EDGE_CURVE('',#5539,#5537,#6399,.T.);
#4085=EDGE_CURVE('',#5540,#5541,#537,.T.);
#4086=EDGE_CURVE('',#5542,#5540,#6400,.T.);
#4087=EDGE_CURVE('',#5543,#5542,#538,.T.);
#4088=EDGE_CURVE('',#5543,#5541,#6401,.T.);
#4089=EDGE_CURVE('',#5544,#5545,#539,.T.);
#4090=EDGE_CURVE('',#5546,#5544,#6402,.T.);
#4091=EDGE_CURVE('',#5547,#5546,#540,.T.);
#4092=EDGE_CURVE('',#5547,#5545,#6403,.T.);
#4093=EDGE_CURVE('',#5548,#5548,#541,.T.);
#4094=EDGE_CURVE('',#5549,#5549,#542,.T.);
#4095=EDGE_CURVE('',#5550,#5550,#543,.T.);
#4096=EDGE_CURVE('',#5551,#5551,#544,.T.);
#4097=EDGE_CURVE('',#5552,#5552,#545,.T.);
#4098=EDGE_CURVE('',#5553,#5554,#6404,.T.);
#4099=EDGE_CURVE('',#5554,#5555,#6405,.T.);
#4100=EDGE_CURVE('',#5555,#5556,#6406,.T.);
#4101=EDGE_CURVE('',#5556,#5557,#546,.T.);
#4102=EDGE_CURVE('',#5557,#5558,#6407,.T.);
#4103=EDGE_CURVE('',#5558,#5553,#547,.T.);
#4104=EDGE_CURVE('',#5559,#5560,#6408,.T.);
#4105=EDGE_CURVE('',#5560,#5561,#6409,.T.);
#4106=EDGE_CURVE('',#5561,#5562,#6410,.T.);
#4107=EDGE_CURVE('',#5562,#5563,#548,.T.);
#4108=EDGE_CURVE('',#5563,#5564,#6411,.T.);
#4109=EDGE_CURVE('',#5564,#5559,#549,.T.);
#4110=EDGE_CURVE('',#5565,#5566,#6412,.T.);
#4111=EDGE_CURVE('',#5566,#5567,#6413,.T.);
#4112=EDGE_CURVE('',#5567,#5568,#6414,.T.);
#4113=EDGE_CURVE('',#5568,#5569,#550,.T.);
#4114=EDGE_CURVE('',#5569,#5570,#6415,.T.);
#4115=EDGE_CURVE('',#5570,#5565,#551,.T.);
#4116=EDGE_CURVE('',#5571,#5572,#6416,.T.);
#4117=EDGE_CURVE('',#5572,#5573,#6417,.T.);
#4118=EDGE_CURVE('',#5573,#5574,#6418,.T.);
#4119=EDGE_CURVE('',#5574,#5575,#552,.T.);
#4120=EDGE_CURVE('',#5575,#5576,#6419,.T.);
#4121=EDGE_CURVE('',#5576,#5571,#553,.T.);
#4122=EDGE_CURVE('',#5577,#5578,#6420,.T.);
#4123=EDGE_CURVE('',#5578,#5579,#6421,.T.);
#4124=EDGE_CURVE('',#5579,#5580,#6422,.T.);
#4125=EDGE_CURVE('',#5580,#5581,#554,.T.);
#4126=EDGE_CURVE('',#5581,#5582,#6423,.T.);
#4127=EDGE_CURVE('',#5582,#5577,#555,.T.);
#4128=EDGE_CURVE('',#5528,#5583,#6424,.T.);
#4129=EDGE_CURVE('',#5583,#5584,#556,.T.);
#4130=EDGE_CURVE('',#5584,#5585,#6425,.T.);
#4131=EDGE_CURVE('',#5585,#5533,#6426,.T.);
#4132=EDGE_CURVE('',#5535,#5586,#6427,.T.);
#4133=EDGE_CURVE('',#5586,#5587,#557,.T.);
#4134=EDGE_CURVE('',#5587,#5588,#6428,.T.);
#4135=EDGE_CURVE('',#5588,#5589,#6429,.T.);
#4136=EDGE_CURVE('',#5589,#5590,#6430,.T.);
#4137=EDGE_CURVE('',#5590,#5591,#6431,.T.);
#4138=EDGE_CURVE('',#5592,#5591,#6432,.T.);
#4139=EDGE_CURVE('',#5546,#5592,#6433,.T.);
#4140=EDGE_CURVE('',#5544,#5593,#6434,.T.);
#4141=EDGE_CURVE('',#5593,#5594,#558,.T.);
#4142=EDGE_CURVE('',#5594,#5595,#6435,.T.);
#4143=EDGE_CURVE('',#5595,#5542,#6436,.T.);
#4144=EDGE_CURVE('',#5540,#5596,#6437,.T.);
#4145=EDGE_CURVE('',#5596,#5597,#559,.T.);
#4146=EDGE_CURVE('',#5597,#5598,#6438,.T.);
#4147=EDGE_CURVE('',#5598,#5538,#6439,.T.);
#4148=EDGE_CURVE('',#5536,#5599,#6440,.T.);
#4149=EDGE_CURVE('',#5599,#5600,#560,.T.);
#4150=EDGE_CURVE('',#5600,#5601,#6441,.T.);
#4151=EDGE_CURVE('',#5601,#5530,#6442,.T.);
#4152=EDGE_CURVE('',#5529,#5602,#6443,.T.);
#4153=EDGE_CURVE('',#5603,#5531,#6444,.T.);
#4154=EDGE_CURVE('',#5603,#5604,#6445,.T.);
#4155=EDGE_CURVE('',#5537,#5604,#6446,.T.);
#4156=EDGE_CURVE('',#5605,#5539,#6447,.T.);
#4157=EDGE_CURVE('',#5605,#5606,#6448,.T.);
#4158=EDGE_CURVE('',#5541,#5606,#6449,.T.);
#4159=EDGE_CURVE('',#5607,#5543,#6450,.T.);
#4160=EDGE_CURVE('',#5607,#5608,#6451,.T.);
#4161=EDGE_CURVE('',#5545,#5608,#6452,.T.);
#4162=EDGE_CURVE('',#5609,#5547,#6453,.T.);
#4163=EDGE_CURVE('',#5609,#5610,#6454,.T.);
#4164=EDGE_CURVE('',#5610,#5611,#6455,.T.);
#4165=EDGE_CURVE('',#5612,#5611,#6456,.T.);
#4166=EDGE_CURVE('',#5613,#5612,#6457,.T.);
#4167=EDGE_CURVE('',#5613,#5614,#6458,.T.);
#4168=EDGE_CURVE('',#5534,#5614,#6459,.T.);
#4169=EDGE_CURVE('',#5615,#5532,#6460,.T.);
#4170=EDGE_CURVE('',#5615,#5602,#6461,.T.);
#4171=EDGE_CURVE('',#5612,#5589,#561,.T.);
#4172=EDGE_CURVE('',#5611,#5590,#562,.T.);
#4173=EDGE_CURVE('',#5616,#5617,#6462,.T.);
#4174=EDGE_CURVE('',#5616,#5618,#425,.T.);
#4175=EDGE_CURVE('',#5618,#5619,#6463,.T.);
#4176=EDGE_CURVE('',#5619,#5617,#6464,.T.);
#4177=EDGE_CURVE('',#5620,#5621,#6465,.T.);
#4178=EDGE_CURVE('',#5621,#5622,#6466,.T.);
#4179=EDGE_CURVE('',#5622,#5623,#6467,.T.);
#4180=EDGE_CURVE('',#5623,#5620,#6468,.T.);
#4181=EDGE_CURVE('',#5624,#5625,#6469,.F.);
#4182=EDGE_CURVE('',#5625,#5626,#426,.T.);
#4183=EDGE_CURVE('',#5626,#5627,#6470,.T.);
#4184=EDGE_CURVE('',#5627,#5628,#427,.T.);
#4185=EDGE_CURVE('',#5624,#5628,#6471,.T.);
#4186=EDGE_CURVE('',#5629,#5630,#6472,.T.);
#4187=EDGE_CURVE('',#5630,#5631,#6473,.T.);
#4188=EDGE_CURVE('',#5631,#5632,#6474,.T.);
#4189=EDGE_CURVE('',#5632,#5629,#6475,.T.);
#4190=EDGE_CURVE('',#5633,#5634,#6476,.T.);
#4191=EDGE_CURVE('',#5633,#5635,#428,.T.);
#4192=EDGE_CURVE('',#5635,#5636,#6477,.T.);
#4193=EDGE_CURVE('',#5636,#5634,#6478,.T.);
#4194=EDGE_CURVE('',#5637,#5638,#6479,.T.);
#4195=EDGE_CURVE('',#5638,#5639,#6480,.T.);
#4196=EDGE_CURVE('',#5639,#5640,#6481,.T.);
#4197=EDGE_CURVE('',#5640,#5637,#6482,.T.);
#4198=EDGE_CURVE('',#5641,#5642,#6483,.F.);
#4199=EDGE_CURVE('',#5642,#5643,#429,.T.);
#4200=EDGE_CURVE('',#5643,#5644,#6484,.T.);
#4201=EDGE_CURVE('',#5644,#5645,#430,.T.);
#4202=EDGE_CURVE('',#5641,#5645,#6485,.T.);
#4203=EDGE_CURVE('',#5646,#5647,#6486,.T.);
#4204=EDGE_CURVE('',#5647,#5648,#6487,.T.);
#4205=EDGE_CURVE('',#5648,#5649,#6488,.T.);
#4206=EDGE_CURVE('',#5649,#5646,#6489,.T.);
#4207=EDGE_CURVE('',#5650,#5651,#6490,.T.);
#4208=EDGE_CURVE('',#5650,#5652,#431,.T.);
#4209=EDGE_CURVE('',#5652,#5653,#6491,.T.);
#4210=EDGE_CURVE('',#5653,#5651,#6492,.T.);
#4211=EDGE_CURVE('',#5654,#5655,#6493,.T.);
#4212=EDGE_CURVE('',#5655,#5656,#6494,.T.);
#4213=EDGE_CURVE('',#5656,#5657,#6495,.T.);
#4214=EDGE_CURVE('',#5657,#5654,#6496,.T.);
#4215=EDGE_CURVE('',#5658,#5659,#6497,.F.);
#4216=EDGE_CURVE('',#5659,#5660,#432,.T.);
#4217=EDGE_CURVE('',#5660,#5661,#6498,.T.);
#4218=EDGE_CURVE('',#5661,#5662,#433,.T.);
#4219=EDGE_CURVE('',#5658,#5662,#6499,.T.);
#4220=EDGE_CURVE('',#5663,#5664,#6500,.T.);
#4221=EDGE_CURVE('',#5664,#5665,#6501,.T.);
#4222=EDGE_CURVE('',#5665,#5666,#6502,.T.);
#4223=EDGE_CURVE('',#5666,#5663,#6503,.T.);
#4224=EDGE_CURVE('',#5667,#5668,#6504,.T.);
#4225=EDGE_CURVE('',#5667,#5669,#434,.T.);
#4226=EDGE_CURVE('',#5669,#5670,#6505,.T.);
#4227=EDGE_CURVE('',#5670,#5668,#6506,.T.);
#4228=EDGE_CURVE('',#5671,#5672,#6507,.T.);
#4229=EDGE_CURVE('',#5672,#5673,#6508,.T.);
#4230=EDGE_CURVE('',#5673,#5674,#6509,.T.);
#4231=EDGE_CURVE('',#5674,#5671,#6510,.T.);
#4232=EDGE_CURVE('',#5675,#5676,#6511,.F.);
#4233=EDGE_CURVE('',#5676,#5677,#435,.T.);
#4234=EDGE_CURVE('',#5677,#5678,#6512,.T.);
#4235=EDGE_CURVE('',#5678,#5679,#436,.T.);
#4236=EDGE_CURVE('',#5675,#5679,#6513,.T.);
#4237=EDGE_CURVE('',#5680,#5681,#6514,.T.);
#4238=EDGE_CURVE('',#5681,#5682,#6515,.T.);
#4239=EDGE_CURVE('',#5682,#5683,#6516,.T.);
#4240=EDGE_CURVE('',#5683,#5680,#6517,.T.);
#4241=EDGE_CURVE('',#5684,#5685,#6518,.T.);
#4242=EDGE_CURVE('',#5684,#5686,#437,.T.);
#4243=EDGE_CURVE('',#5686,#5687,#6519,.T.);
#4244=EDGE_CURVE('',#5687,#5685,#6520,.T.);
#4245=EDGE_CURVE('',#5688,#5689,#6521,.T.);
#4246=EDGE_CURVE('',#5689,#5690,#6522,.T.);
#4247=EDGE_CURVE('',#5690,#5691,#6523,.T.);
#4248=EDGE_CURVE('',#5691,#5688,#6524,.T.);
#4249=EDGE_CURVE('',#5692,#5693,#6525,.F.);
#4250=EDGE_CURVE('',#5693,#5694,#438,.T.);
#4251=EDGE_CURVE('',#5694,#5695,#6526,.T.);
#4252=EDGE_CURVE('',#5695,#5696,#439,.T.);
#4253=EDGE_CURVE('',#5692,#5696,#6527,.T.);
#4254=EDGE_CURVE('',#5697,#5698,#6528,.T.);
#4255=EDGE_CURVE('',#5698,#5699,#6529,.T.);
#4256=EDGE_CURVE('',#5699,#5700,#6530,.T.);
#4257=EDGE_CURVE('',#5700,#5697,#6531,.T.);
#4258=EDGE_CURVE('',#5701,#5626,#563,.T.);
#4259=EDGE_CURVE('',#5702,#5701,#6532,.T.);
#4260=EDGE_CURVE('',#5703,#5702,#564,.T.);
#4261=EDGE_CURVE('',#5704,#5703,#6533,.T.);
#4262=EDGE_CURVE('',#5704,#5627,#565,.T.);
#4263=EDGE_CURVE('',#5705,#5706,#6534,.T.);
#4264=EDGE_CURVE('',#5706,#5707,#440,.T.);
#4265=EDGE_CURVE('',#5707,#5708,#6535,.T.);
#4266=EDGE_CURVE('',#5709,#5708,#6536,.T.);
#4267=EDGE_CURVE('',#5709,#5705,#441,.T.);
#4268=EDGE_CURVE('',#5710,#5643,#566,.T.);
#4269=EDGE_CURVE('',#5711,#5710,#6537,.T.);
#4270=EDGE_CURVE('',#5712,#5711,#567,.T.);
#4271=EDGE_CURVE('',#5713,#5712,#6538,.T.);
#4272=EDGE_CURVE('',#5713,#5644,#568,.T.);
#4273=EDGE_CURVE('',#5714,#5715,#6539,.T.);
#4274=EDGE_CURVE('',#5715,#5716,#442,.T.);
#4275=EDGE_CURVE('',#5716,#5717,#6540,.T.);
#4276=EDGE_CURVE('',#5718,#5717,#6541,.T.);
#4277=EDGE_CURVE('',#5718,#5714,#443,.T.);
#4278=EDGE_CURVE('',#5719,#5660,#569,.T.);
#4279=EDGE_CURVE('',#5720,#5719,#6542,.T.);
#4280=EDGE_CURVE('',#5721,#5720,#570,.T.);
#4281=EDGE_CURVE('',#5722,#5721,#6543,.T.);
#4282=EDGE_CURVE('',#5722,#5661,#571,.T.);
#4283=EDGE_CURVE('',#5723,#5724,#6544,.T.);
#4284=EDGE_CURVE('',#5724,#5725,#444,.T.);
#4285=EDGE_CURVE('',#5725,#5726,#6545,.T.);
#4286=EDGE_CURVE('',#5727,#5726,#6546,.T.);
#4287=EDGE_CURVE('',#5727,#5723,#445,.T.);
#4288=EDGE_CURVE('',#5728,#5677,#572,.T.);
#4289=EDGE_CURVE('',#5729,#5728,#6547,.T.);
#4290=EDGE_CURVE('',#5730,#5729,#573,.T.);
#4291=EDGE_CURVE('',#5731,#5730,#6548,.T.);
#4292=EDGE_CURVE('',#5731,#5678,#574,.T.);
#4293=EDGE_CURVE('',#5732,#5733,#6549,.T.);
#4294=EDGE_CURVE('',#5733,#5734,#446,.T.);
#4295=EDGE_CURVE('',#5734,#5735,#6550,.T.);
#4296=EDGE_CURVE('',#5736,#5735,#6551,.T.);
#4297=EDGE_CURVE('',#5736,#5732,#447,.T.);
#4298=EDGE_CURVE('',#5737,#5694,#575,.T.);
#4299=EDGE_CURVE('',#5738,#5737,#6552,.T.);
#4300=EDGE_CURVE('',#5739,#5738,#576,.T.);
#4301=EDGE_CURVE('',#5740,#5739,#6553,.T.);
#4302=EDGE_CURVE('',#5740,#5695,#577,.T.);
#4303=EDGE_CURVE('',#5741,#5742,#6554,.T.);
#4304=EDGE_CURVE('',#5742,#5743,#448,.T.);
#4305=EDGE_CURVE('',#5743,#5744,#6555,.T.);
#4306=EDGE_CURVE('',#5745,#5744,#6556,.T.);
#4307=EDGE_CURVE('',#5745,#5741,#449,.T.);
#4308=EDGE_CURVE('',#5706,#5746,#578,.T.);
#4309=EDGE_CURVE('',#5747,#5705,#579,.T.);
#4310=EDGE_CURVE('',#5746,#5747,#6557,.T.);
#4311=EDGE_CURVE('',#5748,#5749,#6558,.T.);
#4312=EDGE_CURVE('',#5749,#5750,#450,.T.);
#4313=EDGE_CURVE('',#5751,#5750,#6559,.T.);
#4314=EDGE_CURVE('',#5748,#5751,#6560,.T.);
#4315=EDGE_CURVE('',#5715,#5752,#580,.T.);
#4316=EDGE_CURVE('',#5753,#5714,#581,.T.);
#4317=EDGE_CURVE('',#5752,#5753,#6561,.T.);
#4318=EDGE_CURVE('',#5754,#5755,#6562,.T.);
#4319=EDGE_CURVE('',#5755,#5756,#451,.T.);
#4320=EDGE_CURVE('',#5757,#5756,#6563,.T.);
#4321=EDGE_CURVE('',#5754,#5757,#6564,.T.);
#4322=EDGE_CURVE('',#5724,#5758,#582,.T.);
#4323=EDGE_CURVE('',#5759,#5723,#583,.T.);
#4324=EDGE_CURVE('',#5758,#5759,#6565,.T.);
#4325=EDGE_CURVE('',#5760,#5761,#6566,.T.);
#4326=EDGE_CURVE('',#5761,#5762,#452,.T.);
#4327=EDGE_CURVE('',#5763,#5762,#6567,.T.);
#4328=EDGE_CURVE('',#5760,#5763,#6568,.T.);
#4329=EDGE_CURVE('',#5733,#5764,#584,.T.);
#4330=EDGE_CURVE('',#5765,#5732,#585,.T.);
#4331=EDGE_CURVE('',#5764,#5765,#6569,.T.);
#4332=EDGE_CURVE('',#5766,#5767,#6570,.T.);
#4333=EDGE_CURVE('',#5767,#5768,#453,.T.);
#4334=EDGE_CURVE('',#5769,#5768,#6571,.T.);
#4335=EDGE_CURVE('',#5766,#5769,#6572,.T.);
#4336=EDGE_CURVE('',#5742,#5770,#586,.T.);
#4337=EDGE_CURVE('',#5771,#5741,#587,.T.);
#4338=EDGE_CURVE('',#5770,#5771,#6573,.T.);
#4339=EDGE_CURVE('',#5772,#5773,#6574,.T.);
#4340=EDGE_CURVE('',#5773,#5774,#454,.T.);
#4341=EDGE_CURVE('',#5775,#5774,#6575,.T.);
#4342=EDGE_CURVE('',#5772,#5775,#6576,.T.);
#4343=EDGE_CURVE('',#5618,#5704,#588,.T.);
#4344=EDGE_CURVE('',#5776,#5704,#6577,.T.);
#4345=EDGE_CURVE('',#5776,#5777,#589,.T.);
#4346=EDGE_CURVE('',#5778,#5777,#590,.T.);
#4347=EDGE_CURVE('',#5779,#5778,#6578,.T.);
#4348=EDGE_CURVE('',#5619,#5779,#6579,.T.);
#4349=EDGE_CURVE('',#5635,#5713,#591,.T.);
#4350=EDGE_CURVE('',#5780,#5713,#6580,.T.);
#4351=EDGE_CURVE('',#5780,#5781,#592,.T.);
#4352=EDGE_CURVE('',#5782,#5781,#593,.T.);
#4353=EDGE_CURVE('',#5783,#5782,#6581,.T.);
#4354=EDGE_CURVE('',#5636,#5783,#6582,.T.);
#4355=EDGE_CURVE('',#5652,#5722,#594,.T.);
#4356=EDGE_CURVE('',#5784,#5722,#6583,.T.);
#4357=EDGE_CURVE('',#5784,#5785,#595,.T.);
#4358=EDGE_CURVE('',#5786,#5785,#596,.T.);
#4359=EDGE_CURVE('',#5787,#5786,#6584,.T.);
#4360=EDGE_CURVE('',#5653,#5787,#6585,.T.);
#4361=EDGE_CURVE('',#5669,#5731,#597,.T.);
#4362=EDGE_CURVE('',#5788,#5731,#6586,.T.);
#4363=EDGE_CURVE('',#5788,#5789,#598,.T.);
#4364=EDGE_CURVE('',#5790,#5789,#599,.T.);
#4365=EDGE_CURVE('',#5791,#5790,#6587,.T.);
#4366=EDGE_CURVE('',#5670,#5791,#6588,.T.);
#4367=EDGE_CURVE('',#5686,#5740,#600,.T.);
#4368=EDGE_CURVE('',#5792,#5740,#6589,.T.);
#4369=EDGE_CURVE('',#5792,#5793,#601,.T.);
#4370=EDGE_CURVE('',#5794,#5793,#602,.T.);
#4371=EDGE_CURVE('',#5795,#5794,#6590,.T.);
#4372=EDGE_CURVE('',#5687,#5795,#6591,.T.);
#4373=EDGE_CURVE('',#5796,#5797,#603,.T.);
#4374=EDGE_CURVE('',#5796,#5739,#6592,.T.);
#4375=EDGE_CURVE('',#5797,#5738,#6593,.T.);
#4376=EDGE_CURVE('',#5798,#5730,#6594,.T.);
#4377=EDGE_CURVE('',#5799,#5729,#6595,.T.);
#4378=EDGE_CURVE('',#5798,#5799,#604,.T.);
#4379=EDGE_CURVE('',#5800,#5721,#6596,.T.);
#4380=EDGE_CURVE('',#5801,#5720,#6597,.T.);
#4381=EDGE_CURVE('',#5800,#5801,#605,.T.);
#4382=EDGE_CURVE('',#5802,#5712,#6598,.T.);
#4383=EDGE_CURVE('',#5803,#5711,#6599,.T.);
#4384=EDGE_CURVE('',#5802,#5803,#606,.T.);
#4385=EDGE_CURVE('',#5804,#5805,#607,.T.);
#4386=EDGE_CURVE('',#5804,#5806,#6600,.T.);
#4387=EDGE_CURVE('',#5806,#5807,#608,.T.);
#4388=EDGE_CURVE('',#5805,#5807,#6601,.T.);
#4389=EDGE_CURVE('',#5591,#5808,#609,.T.);
#4390=EDGE_CURVE('',#5809,#5808,#6602,.T.);
#4391=EDGE_CURVE('',#5592,#5809,#610,.T.);
#4392=EDGE_CURVE('',#5808,#5806,#6603,.T.);
#4393=EDGE_CURVE('',#5810,#5804,#6604,.T.);
#4394=EDGE_CURVE('',#5792,#5810,#6605,.T.);
#4395=EDGE_CURVE('',#5811,#5796,#6606,.T.);
#4396=EDGE_CURVE('',#5788,#5811,#6607,.T.);
#4397=EDGE_CURVE('',#5812,#5798,#6608,.T.);
#4398=EDGE_CURVE('',#5784,#5812,#6609,.T.);
#4399=EDGE_CURVE('',#5813,#5800,#6610,.T.);
#4400=EDGE_CURVE('',#5780,#5813,#6611,.T.);
#4401=EDGE_CURVE('',#5814,#5802,#6612,.T.);
#4402=EDGE_CURVE('',#5776,#5814,#6613,.T.);
#4403=EDGE_CURVE('',#5815,#5703,#6614,.T.);
#4404=EDGE_CURVE('',#5809,#5815,#6615,.T.);
#4405=EDGE_CURVE('',#5816,#5702,#6616,.T.);
#4406=EDGE_CURVE('',#5815,#5816,#611,.T.);
#4407=EDGE_CURVE('',#5747,#5817,#6617,.T.);
#4408=EDGE_CURVE('',#5817,#5818,#6618,.T.);
#4409=EDGE_CURVE('',#5803,#5818,#6619,.T.);
#4410=EDGE_CURVE('',#5710,#5752,#455,.T.);
#4411=EDGE_CURVE('',#5753,#5819,#6620,.T.);
#4412=EDGE_CURVE('',#5819,#5820,#6621,.T.);
#4413=EDGE_CURVE('',#5801,#5820,#6622,.T.);
#4414=EDGE_CURVE('',#5719,#5758,#456,.T.);
#4415=EDGE_CURVE('',#5759,#5821,#6623,.T.);
#4416=EDGE_CURVE('',#5821,#5822,#6624,.T.);
#4417=EDGE_CURVE('',#5799,#5822,#6625,.T.);
#4418=EDGE_CURVE('',#5728,#5764,#457,.T.);
#4419=EDGE_CURVE('',#5765,#5823,#6626,.T.);
#4420=EDGE_CURVE('',#5823,#5824,#6627,.T.);
#4421=EDGE_CURVE('',#5797,#5824,#6628,.T.);
#4422=EDGE_CURVE('',#5737,#5770,#458,.T.);
#4423=EDGE_CURVE('',#5771,#5825,#6629,.T.);
#4424=EDGE_CURVE('',#5825,#5826,#6630,.T.);
#4425=EDGE_CURVE('',#5805,#5826,#6631,.T.);
#4426=EDGE_CURVE('',#5807,#5827,#6632,.T.);
#4427=EDGE_CURVE('',#5828,#5827,#6633,.T.);
#4428=EDGE_CURVE('',#5816,#5828,#6634,.T.);
#4429=EDGE_CURVE('',#5701,#5746,#459,.T.);
#4430=EDGE_CURVE('',#5827,#5829,#612,.T.);
#4431=EDGE_CURVE('',#5830,#5829,#6635,.T.);
#4432=EDGE_CURVE('',#5828,#5830,#613,.T.);
#4433=EDGE_CURVE('',#5831,#5832,#6636,.T.);
#4434=EDGE_CURVE('',#5833,#5831,#614,.T.);
#4435=EDGE_CURVE('',#5834,#5833,#6637,.T.);
#4436=EDGE_CURVE('',#5834,#5835,#615,.T.);
#4437=EDGE_CURVE('',#5836,#5835,#6638,.T.);
#4438=EDGE_CURVE('',#5837,#5836,#616,.T.);
#4439=EDGE_CURVE('',#5838,#5837,#6639,.T.);
#4440=EDGE_CURVE('',#5839,#5838,#6640,.T.);
#4441=EDGE_CURVE('',#5840,#5839,#6641,.T.);
#4442=EDGE_CURVE('',#5841,#5840,#617,.T.);
#4443=EDGE_CURVE('',#5842,#5841,#6642,.T.);
#4444=EDGE_CURVE('',#5843,#5842,#618,.T.);
#4445=EDGE_CURVE('',#5844,#5843,#6643,.T.);
#4446=EDGE_CURVE('',#5845,#5844,#619,.T.);
#4447=EDGE_CURVE('',#5846,#5845,#6644,.T.);
#4448=EDGE_CURVE('',#5847,#5846,#620,.T.);
#4449=EDGE_CURVE('',#5847,#5848,#621,.T.);
#4450=EDGE_CURVE('',#5849,#5848,#6645,.T.);
#4451=EDGE_CURVE('',#5832,#5849,#622,.T.);
#4452=EDGE_CURVE('',#5850,#5851,#6646,.T.);
#4453=EDGE_CURVE('',#5852,#5850,#623,.T.);
#4454=EDGE_CURVE('',#5853,#5852,#6647,.T.);
#4455=EDGE_CURVE('',#5853,#5854,#624,.T.);
#4456=EDGE_CURVE('',#5855,#5854,#6648,.T.);
#4457=EDGE_CURVE('',#5856,#5855,#625,.T.);
#4458=EDGE_CURVE('',#5857,#5856,#6649,.T.);
#4459=EDGE_CURVE('',#5858,#5857,#6650,.T.);
#4460=EDGE_CURVE('',#5859,#5858,#6651,.T.);
#4461=EDGE_CURVE('',#5860,#5859,#626,.T.);
#4462=EDGE_CURVE('',#5861,#5860,#6652,.T.);
#4463=EDGE_CURVE('',#5862,#5861,#627,.T.);
#4464=EDGE_CURVE('',#5863,#5862,#6653,.T.);
#4465=EDGE_CURVE('',#5864,#5863,#628,.T.);
#4466=EDGE_CURVE('',#5865,#5864,#6654,.T.);
#4467=EDGE_CURVE('',#5866,#5865,#629,.T.);
#4468=EDGE_CURVE('',#5866,#5867,#630,.T.);
#4469=EDGE_CURVE('',#5868,#5867,#6655,.T.);
#4470=EDGE_CURVE('',#5851,#5868,#631,.T.);
#4471=EDGE_CURVE('',#5869,#5870,#6656,.T.);
#4472=EDGE_CURVE('',#5871,#5869,#632,.T.);
#4473=EDGE_CURVE('',#5872,#5871,#6657,.T.);
#4474=EDGE_CURVE('',#5872,#5873,#633,.T.);
#4475=EDGE_CURVE('',#5874,#5873,#6658,.T.);
#4476=EDGE_CURVE('',#5875,#5874,#634,.T.);
#4477=EDGE_CURVE('',#5876,#5875,#6659,.T.);
#4478=EDGE_CURVE('',#5877,#5876,#6660,.T.);
#4479=EDGE_CURVE('',#5878,#5877,#6661,.T.);
#4480=EDGE_CURVE('',#5879,#5878,#635,.T.);
#4481=EDGE_CURVE('',#5880,#5879,#6662,.T.);
#4482=EDGE_CURVE('',#5881,#5880,#636,.T.);
#4483=EDGE_CURVE('',#5882,#5881,#6663,.T.);
#4484=EDGE_CURVE('',#5883,#5882,#637,.T.);
#4485=EDGE_CURVE('',#5884,#5883,#6664,.T.);
#4486=EDGE_CURVE('',#5885,#5884,#638,.T.);
#4487=EDGE_CURVE('',#5885,#5886,#639,.T.);
#4488=EDGE_CURVE('',#5887,#5886,#6665,.T.);
#4489=EDGE_CURVE('',#5870,#5887,#640,.T.);
#4490=EDGE_CURVE('',#5888,#5889,#6666,.T.);
#4491=EDGE_CURVE('',#5890,#5888,#641,.T.);
#4492=EDGE_CURVE('',#5891,#5890,#6667,.T.);
#4493=EDGE_CURVE('',#5891,#5892,#642,.T.);
#4494=EDGE_CURVE('',#5893,#5892,#6668,.T.);
#4495=EDGE_CURVE('',#5894,#5893,#643,.T.);
#4496=EDGE_CURVE('',#5895,#5894,#6669,.T.);
#4497=EDGE_CURVE('',#5896,#5895,#6670,.T.);
#4498=EDGE_CURVE('',#5897,#5896,#6671,.T.);
#4499=EDGE_CURVE('',#5898,#5897,#644,.T.);
#4500=EDGE_CURVE('',#5899,#5898,#6672,.T.);
#4501=EDGE_CURVE('',#5900,#5899,#645,.T.);
#4502=EDGE_CURVE('',#5901,#5900,#6673,.T.);
#4503=EDGE_CURVE('',#5902,#5901,#646,.T.);
#4504=EDGE_CURVE('',#5903,#5902,#6674,.T.);
#4505=EDGE_CURVE('',#5904,#5903,#647,.T.);
#4506=EDGE_CURVE('',#5904,#5905,#648,.T.);
#4507=EDGE_CURVE('',#5906,#5905,#6675,.T.);
#4508=EDGE_CURVE('',#5889,#5906,#649,.T.);
#4509=EDGE_CURVE('',#5907,#5908,#6676,.T.);
#4510=EDGE_CURVE('',#5909,#5907,#650,.T.);
#4511=EDGE_CURVE('',#5910,#5909,#6677,.T.);
#4512=EDGE_CURVE('',#5910,#5911,#651,.T.);
#4513=EDGE_CURVE('',#5912,#5911,#6678,.T.);
#4514=EDGE_CURVE('',#5913,#5912,#652,.T.);
#4515=EDGE_CURVE('',#5914,#5913,#6679,.T.);
#4516=EDGE_CURVE('',#5915,#5914,#6680,.T.);
#4517=EDGE_CURVE('',#5916,#5915,#6681,.T.);
#4518=EDGE_CURVE('',#5917,#5916,#653,.T.);
#4519=EDGE_CURVE('',#5918,#5917,#6682,.T.);
#4520=EDGE_CURVE('',#5919,#5918,#654,.T.);
#4521=EDGE_CURVE('',#5920,#5919,#6683,.T.);
#4522=EDGE_CURVE('',#5921,#5920,#655,.T.);
#4523=EDGE_CURVE('',#5922,#5921,#6684,.T.);
#4524=EDGE_CURVE('',#5923,#5922,#656,.T.);
#4525=EDGE_CURVE('',#5923,#5924,#657,.T.);
#4526=EDGE_CURVE('',#5925,#5924,#6685,.T.);
#4527=EDGE_CURVE('',#5908,#5925,#658,.T.);
#4528=EDGE_CURVE('',#5829,#5926,#6686,.T.);
#4529=EDGE_CURVE('',#5927,#5926,#6687,.T.);
#4530=EDGE_CURVE('',#5830,#5927,#6688,.T.);
#4531=EDGE_CURVE('',#5926,#5610,#659,.T.);
#4532=EDGE_CURVE('',#5927,#5609,#660,.T.);
#4533=EDGE_CURVE('',#5928,#5929,#661,.T.);
#4534=EDGE_CURVE('',#5930,#5928,#6689,.T.);
#4535=EDGE_CURVE('',#5931,#5930,#662,.T.);
#4536=EDGE_CURVE('',#5330,#5931,#6690,.T.);
#4537=EDGE_CURVE('',#5332,#5932,#6691,.T.);
#4538=EDGE_CURVE('',#5933,#5932,#663,.T.);
#4539=EDGE_CURVE('',#5934,#5933,#6692,.T.);
#4540=EDGE_CURVE('',#5935,#5934,#664,.T.);
#4541=EDGE_CURVE('',#5929,#5935,#6693,.T.);
#4542=EDGE_CURVE('',#5936,#5937,#6694,.T.);
#4543=EDGE_CURVE('',#5938,#5936,#665,.T.);
#4544=EDGE_CURVE('',#5939,#5938,#6695,.T.);
#4545=EDGE_CURVE('',#5940,#5939,#666,.T.);
#4546=EDGE_CURVE('',#5941,#5940,#6696,.T.);
#4547=EDGE_CURVE('',#5937,#5941,#667,.T.);
#4548=EDGE_CURVE('',#5773,#5771,#668,.T.);
#4549=EDGE_CURVE('',#5942,#5772,#669,.T.);
#4550=EDGE_CURVE('',#5942,#5825,#670,.T.);
#4551=EDGE_CURVE('',#5744,#5692,#671,.F.);
#4552=EDGE_CURVE('',#5684,#5696,#672,.T.);
#4553=EDGE_CURVE('',#5685,#5943,#6697,.T.);
#4554=EDGE_CURVE('',#5943,#5944,#6698,.T.);
#4555=EDGE_CURVE('',#5944,#5945,#673,.T.);
#4556=EDGE_CURVE('',#5810,#5945,#674,.T.);
#4557=EDGE_CURVE('',#5946,#5826,#675,.T.);
#4558=EDGE_CURVE('',#5946,#5775,#676,.T.);
#4559=EDGE_CURVE('',#5774,#5745,#677,.T.);
#4560=EDGE_CURVE('',#5942,#5946,#6699,.T.);
#4561=EDGE_CURVE('',#5795,#5943,#6700,.T.);
#4562=EDGE_CURVE('',#5794,#5944,#6701,.T.);
#4563=EDGE_CURVE('',#5793,#5945,#6702,.T.);
#4564=EDGE_CURVE('',#5749,#5747,#678,.T.);
#4565=EDGE_CURVE('',#5947,#5748,#679,.T.);
#4566=EDGE_CURVE('',#5947,#5817,#680,.T.);
#4567=EDGE_CURVE('',#5708,#5624,#681,.F.);
#4568=EDGE_CURVE('',#5616,#5628,#682,.T.);
#4569=EDGE_CURVE('',#5617,#5948,#6703,.T.);
#4570=EDGE_CURVE('',#5948,#5949,#6704,.T.);
#4571=EDGE_CURVE('',#5949,#5950,#683,.T.);
#4572=EDGE_CURVE('',#5814,#5950,#684,.T.);
#4573=EDGE_CURVE('',#5951,#5818,#685,.T.);
#4574=EDGE_CURVE('',#5951,#5751,#686,.T.);
#4575=EDGE_CURVE('',#5750,#5709,#687,.T.);
#4576=EDGE_CURVE('',#5947,#5951,#6705,.T.);
#4577=EDGE_CURVE('',#5779,#5948,#6706,.T.);
#4578=EDGE_CURVE('',#5778,#5949,#6707,.T.);
#4579=EDGE_CURVE('',#5777,#5950,#6708,.T.);
#4580=EDGE_CURVE('',#5755,#5753,#688,.T.);
#4581=EDGE_CURVE('',#5952,#5754,#689,.T.);
#4582=EDGE_CURVE('',#5952,#5819,#690,.T.);
#4583=EDGE_CURVE('',#5717,#5641,#691,.F.);
#4584=EDGE_CURVE('',#5633,#5645,#692,.T.);
#4585=EDGE_CURVE('',#5634,#5953,#6709,.T.);
#4586=EDGE_CURVE('',#5953,#5954,#6710,.T.);
#4587=EDGE_CURVE('',#5954,#5955,#693,.T.);
#4588=EDGE_CURVE('',#5813,#5955,#694,.T.);
#4589=EDGE_CURVE('',#5956,#5820,#695,.T.);
#4590=EDGE_CURVE('',#5956,#5757,#696,.T.);
#4591=EDGE_CURVE('',#5756,#5718,#697,.T.);
#4592=EDGE_CURVE('',#5952,#5956,#6711,.T.);
#4593=EDGE_CURVE('',#5783,#5953,#6712,.T.);
#4594=EDGE_CURVE('',#5782,#5954,#6713,.T.);
#4595=EDGE_CURVE('',#5781,#5955,#6714,.T.);
#4596=EDGE_CURVE('',#5761,#5759,#698,.T.);
#4597=EDGE_CURVE('',#5957,#5760,#699,.T.);
#4598=EDGE_CURVE('',#5957,#5821,#700,.T.);
#4599=EDGE_CURVE('',#5726,#5658,#701,.F.);
#4600=EDGE_CURVE('',#5650,#5662,#702,.T.);
#4601=EDGE_CURVE('',#5651,#5958,#6715,.T.);
#4602=EDGE_CURVE('',#5958,#5959,#6716,.T.);
#4603=EDGE_CURVE('',#5959,#5960,#703,.T.);
#4604=EDGE_CURVE('',#5812,#5960,#704,.T.);
#4605=EDGE_CURVE('',#5961,#5822,#705,.T.);
#4606=EDGE_CURVE('',#5961,#5763,#706,.T.);
#4607=EDGE_CURVE('',#5762,#5727,#707,.T.);
#4608=EDGE_CURVE('',#5957,#5961,#6717,.T.);
#4609=EDGE_CURVE('',#5787,#5958,#6718,.T.);
#4610=EDGE_CURVE('',#5786,#5959,#6719,.T.);
#4611=EDGE_CURVE('',#5785,#5960,#6720,.T.);
#4612=EDGE_CURVE('',#5767,#5765,#708,.T.);
#4613=EDGE_CURVE('',#5962,#5766,#709,.T.);
#4614=EDGE_CURVE('',#5962,#5823,#710,.T.);
#4615=EDGE_CURVE('',#5735,#5675,#711,.F.);
#4616=EDGE_CURVE('',#5667,#5679,#712,.T.);
#4617=EDGE_CURVE('',#5668,#5963,#6721,.T.);
#4618=EDGE_CURVE('',#5963,#5964,#6722,.T.);
#4619=EDGE_CURVE('',#5964,#5965,#713,.T.);
#4620=EDGE_CURVE('',#5811,#5965,#714,.T.);
#4621=EDGE_CURVE('',#5966,#5824,#715,.T.);
#4622=EDGE_CURVE('',#5966,#5769,#716,.T.);
#4623=EDGE_CURVE('',#5768,#5736,#717,.T.);
#4624=EDGE_CURVE('',#5962,#5966,#6723,.T.);
#4625=EDGE_CURVE('',#5791,#5963,#6724,.T.);
#4626=EDGE_CURVE('',#5790,#5964,#6725,.T.);
#4627=EDGE_CURVE('',#5789,#5965,#6726,.T.);
#4628=EDGE_CURVE('',#5743,#5693,#718,.T.);
#4629=EDGE_CURVE('',#5734,#5676,#719,.T.);
#4630=EDGE_CURVE('',#5725,#5659,#720,.T.);
#4631=EDGE_CURVE('',#5716,#5642,#721,.T.);
#4632=EDGE_CURVE('',#5707,#5625,#722,.T.);
#4633=EDGE_CURVE('',#5698,#5967,#6727,.T.);
#4634=EDGE_CURVE('',#5967,#5968,#6728,.T.);
#4635=EDGE_CURVE('',#5699,#5968,#6729,.T.);
#4636=EDGE_CURVE('',#5968,#5969,#6730,.T.);
#4637=EDGE_CURVE('',#5700,#5969,#6731,.T.);
#4638=EDGE_CURVE('',#5969,#5970,#6732,.T.);
#4639=EDGE_CURVE('',#5697,#5970,#6733,.T.);
#4640=EDGE_CURVE('',#5970,#5967,#6734,.T.);
#4641=EDGE_CURVE('',#5689,#5971,#6735,.T.);
#4642=EDGE_CURVE('',#5971,#5972,#6736,.T.);
#4643=EDGE_CURVE('',#5690,#5972,#6737,.T.);
#4644=EDGE_CURVE('',#5972,#5973,#6738,.T.);
#4645=EDGE_CURVE('',#5691,#5973,#6739,.T.);
#4646=EDGE_CURVE('',#5973,#5974,#6740,.T.);
#4647=EDGE_CURVE('',#5688,#5974,#6741,.T.);
#4648=EDGE_CURVE('',#5974,#5971,#6742,.T.);
#4649=EDGE_CURVE('',#5681,#5975,#6743,.T.);
#4650=EDGE_CURVE('',#5975,#5976,#6744,.T.);
#4651=EDGE_CURVE('',#5682,#5976,#6745,.T.);
#4652=EDGE_CURVE('',#5976,#5977,#6746,.T.);
#4653=EDGE_CURVE('',#5683,#5977,#6747,.T.);
#4654=EDGE_CURVE('',#5977,#5978,#6748,.T.);
#4655=EDGE_CURVE('',#5680,#5978,#6749,.T.);
#4656=EDGE_CURVE('',#5978,#5975,#6750,.T.);
#4657=EDGE_CURVE('',#5672,#5979,#6751,.T.);
#4658=EDGE_CURVE('',#5979,#5980,#6752,.T.);
#4659=EDGE_CURVE('',#5673,#5980,#6753,.T.);
#4660=EDGE_CURVE('',#5980,#5981,#6754,.T.);
#4661=EDGE_CURVE('',#5674,#5981,#6755,.T.);
#4662=EDGE_CURVE('',#5981,#5982,#6756,.T.);
#4663=EDGE_CURVE('',#5671,#5982,#6757,.T.);
#4664=EDGE_CURVE('',#5982,#5979,#6758,.T.);
#4665=EDGE_CURVE('',#5664,#5983,#6759,.T.);
#4666=EDGE_CURVE('',#5983,#5984,#6760,.T.);
#4667=EDGE_CURVE('',#5665,#5984,#6761,.T.);
#4668=EDGE_CURVE('',#5984,#5985,#6762,.T.);
#4669=EDGE_CURVE('',#5666,#5985,#6763,.T.);
#4670=EDGE_CURVE('',#5985,#5986,#6764,.T.);
#4671=EDGE_CURVE('',#5663,#5986,#6765,.T.);
#4672=EDGE_CURVE('',#5986,#5983,#6766,.T.);
#4673=EDGE_CURVE('',#5655,#5987,#6767,.T.);
#4674=EDGE_CURVE('',#5987,#5988,#6768,.T.);
#4675=EDGE_CURVE('',#5656,#5988,#6769,.T.);
#4676=EDGE_CURVE('',#5988,#5989,#6770,.T.);
#4677=EDGE_CURVE('',#5657,#5989,#6771,.T.);
#4678=EDGE_CURVE('',#5989,#5990,#6772,.T.);
#4679=EDGE_CURVE('',#5654,#5990,#6773,.T.);
#4680=EDGE_CURVE('',#5990,#5987,#6774,.T.);
#4681=EDGE_CURVE('',#5647,#5991,#6775,.T.);
#4682=EDGE_CURVE('',#5991,#5992,#6776,.T.);
#4683=EDGE_CURVE('',#5648,#5992,#6777,.T.);
#4684=EDGE_CURVE('',#5992,#5993,#6778,.T.);
#4685=EDGE_CURVE('',#5649,#5993,#6779,.T.);
#4686=EDGE_CURVE('',#5993,#5994,#6780,.T.);
#4687=EDGE_CURVE('',#5646,#5994,#6781,.T.);
#4688=EDGE_CURVE('',#5994,#5991,#6782,.T.);
#4689=EDGE_CURVE('',#5638,#5995,#6783,.T.);
#4690=EDGE_CURVE('',#5995,#5996,#6784,.T.);
#4691=EDGE_CURVE('',#5639,#5996,#6785,.T.);
#4692=EDGE_CURVE('',#5996,#5997,#6786,.T.);
#4693=EDGE_CURVE('',#5640,#5997,#6787,.T.);
#4694=EDGE_CURVE('',#5997,#5998,#6788,.T.);
#4695=EDGE_CURVE('',#5637,#5998,#6789,.T.);
#4696=EDGE_CURVE('',#5998,#5995,#6790,.T.);
#4697=EDGE_CURVE('',#5630,#5999,#6791,.T.);
#4698=EDGE_CURVE('',#5999,#6000,#6792,.T.);
#4699=EDGE_CURVE('',#5631,#6000,#6793,.T.);
#4700=EDGE_CURVE('',#6000,#6001,#6794,.T.);
#4701=EDGE_CURVE('',#5632,#6001,#6795,.T.);
#4702=EDGE_CURVE('',#6001,#6002,#6796,.T.);
#4703=EDGE_CURVE('',#5629,#6002,#6797,.T.);
#4704=EDGE_CURVE('',#6002,#5999,#6798,.T.);
#4705=EDGE_CURVE('',#5621,#6003,#6799,.T.);
#4706=EDGE_CURVE('',#6003,#6004,#6800,.T.);
#4707=EDGE_CURVE('',#5622,#6004,#6801,.T.);
#4708=EDGE_CURVE('',#6004,#6005,#6802,.T.);
#4709=EDGE_CURVE('',#5623,#6005,#6803,.T.);
#4710=EDGE_CURVE('',#6005,#6006,#6804,.T.);
#4711=EDGE_CURVE('',#5620,#6006,#6805,.T.);
#4712=EDGE_CURVE('',#6006,#6003,#6806,.T.);
#4713=EDGE_CURVE('',#6007,#6007,#723,.T.);
#4714=EDGE_CURVE('',#6008,#6008,#724,.T.);
#4715=EDGE_CURVE('',#6009,#6009,#725,.T.);
#4716=EDGE_CURVE('',#6010,#6010,#726,.T.);
#4717=EDGE_CURVE('',#6011,#6011,#727,.T.);
#4718=EDGE_CURVE('',#6012,#6012,#728,.T.);
#4719=EDGE_CURVE('',#6013,#6013,#729,.T.);
#4720=EDGE_CURVE('',#6014,#6014,#730,.T.);
#4721=EDGE_CURVE('',#6015,#6015,#731,.T.);
#4722=EDGE_CURVE('',#6016,#6016,#732,.T.);
#4723=EDGE_CURVE('',#6017,#5553,#6807,.T.);
#4724=EDGE_CURVE('',#6017,#6018,#6808,.T.);
#4725=EDGE_CURVE('',#6018,#5554,#6809,.T.);
#4726=EDGE_CURVE('',#6018,#6019,#6810,.T.);
#4727=EDGE_CURVE('',#6019,#5555,#6811,.T.);
#4728=EDGE_CURVE('',#6019,#6020,#6812,.T.);
#4729=EDGE_CURVE('',#6020,#5556,#6813,.T.);
#4730=EDGE_CURVE('',#6020,#6021,#733,.T.);
#4731=EDGE_CURVE('',#6021,#5557,#6814,.T.);
#4732=EDGE_CURVE('',#6021,#6022,#6815,.T.);
#4733=EDGE_CURVE('',#6022,#5558,#6816,.T.);
#4734=EDGE_CURVE('',#6022,#6017,#734,.T.);
#4735=EDGE_CURVE('',#6023,#5559,#6817,.T.);
#4736=EDGE_CURVE('',#6023,#6024,#6818,.T.);
#4737=EDGE_CURVE('',#6024,#5560,#6819,.T.);
#4738=EDGE_CURVE('',#6024,#6025,#6820,.T.);
#4739=EDGE_CURVE('',#6025,#5561,#6821,.T.);
#4740=EDGE_CURVE('',#6025,#6026,#6822,.T.);
#4741=EDGE_CURVE('',#6026,#5562,#6823,.T.);
#4742=EDGE_CURVE('',#6026,#6027,#735,.T.);
#4743=EDGE_CURVE('',#6027,#5563,#6824,.T.);
#4744=EDGE_CURVE('',#6027,#6028,#6825,.T.);
#4745=EDGE_CURVE('',#6028,#5564,#6826,.T.);
#4746=EDGE_CURVE('',#6028,#6023,#736,.T.);
#4747=EDGE_CURVE('',#6029,#5565,#6827,.T.);
#4748=EDGE_CURVE('',#6029,#6030,#6828,.T.);
#4749=EDGE_CURVE('',#6030,#5566,#6829,.T.);
#4750=EDGE_CURVE('',#6030,#6031,#6830,.T.);
#4751=EDGE_CURVE('',#6031,#5567,#6831,.T.);
#4752=EDGE_CURVE('',#6031,#6032,#6832,.T.);
#4753=EDGE_CURVE('',#6032,#5568,#6833,.T.);
#4754=EDGE_CURVE('',#6032,#6033,#737,.T.);
#4755=EDGE_CURVE('',#6033,#5569,#6834,.T.);
#4756=EDGE_CURVE('',#6033,#6034,#6835,.T.);
#4757=EDGE_CURVE('',#6034,#5570,#6836,.T.);
#4758=EDGE_CURVE('',#6034,#6029,#738,.T.);
#4759=EDGE_CURVE('',#6035,#5571,#6837,.T.);
#4760=EDGE_CURVE('',#6035,#6036,#6838,.T.);
#4761=EDGE_CURVE('',#6036,#5572,#6839,.T.);
#4762=EDGE_CURVE('',#6036,#6037,#6840,.T.);
#4763=EDGE_CURVE('',#6037,#5573,#6841,.T.);
#4764=EDGE_CURVE('',#6037,#6038,#6842,.T.);
#4765=EDGE_CURVE('',#6038,#5574,#6843,.T.);
#4766=EDGE_CURVE('',#6038,#6039,#739,.T.);
#4767=EDGE_CURVE('',#6039,#5575,#6844,.T.);
#4768=EDGE_CURVE('',#6039,#6040,#6845,.T.);
#4769=EDGE_CURVE('',#6040,#5576,#6846,.T.);
#4770=EDGE_CURVE('',#6040,#6035,#740,.T.);
#4771=EDGE_CURVE('',#6041,#5577,#6847,.T.);
#4772=EDGE_CURVE('',#6041,#6042,#6848,.T.);
#4773=EDGE_CURVE('',#6042,#5578,#6849,.T.);
#4774=EDGE_CURVE('',#6042,#6043,#6850,.T.);
#4775=EDGE_CURVE('',#6043,#5579,#6851,.T.);
#4776=EDGE_CURVE('',#6043,#6044,#6852,.T.);
#4777=EDGE_CURVE('',#6044,#5580,#6853,.T.);
#4778=EDGE_CURVE('',#6044,#6045,#741,.T.);
#4779=EDGE_CURVE('',#6045,#5581,#6854,.T.);
#4780=EDGE_CURVE('',#6045,#6046,#6855,.T.);
#4781=EDGE_CURVE('',#6046,#5582,#6856,.T.);
#4782=EDGE_CURVE('',#6046,#6041,#742,.T.);
#4783=EDGE_CURVE('',#6047,#6048,#6857,.T.);
#4784=EDGE_CURVE('',#5907,#6047,#6858,.T.);
#4785=EDGE_CURVE('',#5908,#6048,#6859,.T.);
#4786=EDGE_CURVE('',#6048,#6049,#743,.T.);
#4787=EDGE_CURVE('',#5925,#6049,#6860,.T.);
#4788=EDGE_CURVE('',#6049,#6050,#6861,.T.);
#4789=EDGE_CURVE('',#5924,#6050,#6862,.T.);
#4790=EDGE_CURVE('',#6051,#6050,#744,.T.);
#4791=EDGE_CURVE('',#5923,#6051,#6863,.T.);
#4792=EDGE_CURVE('',#6051,#6052,#745,.T.);
#4793=EDGE_CURVE('',#5922,#6052,#6864,.T.);
#4794=EDGE_CURVE('',#6052,#6053,#6865,.T.);
#4795=EDGE_CURVE('',#5921,#6053,#6866,.T.);
#4796=EDGE_CURVE('',#6053,#6054,#746,.T.);
#4797=EDGE_CURVE('',#5920,#6054,#6867,.T.);
#4798=EDGE_CURVE('',#6054,#6055,#6868,.T.);
#4799=EDGE_CURVE('',#5919,#6055,#6869,.T.);
#4800=EDGE_CURVE('',#6055,#6056,#747,.T.);
#4801=EDGE_CURVE('',#5918,#6056,#6870,.T.);
#4802=EDGE_CURVE('',#6056,#6057,#6871,.T.);
#4803=EDGE_CURVE('',#5917,#6057,#6872,.T.);
#4804=EDGE_CURVE('',#6057,#6058,#748,.T.);
#4805=EDGE_CURVE('',#5916,#6058,#6873,.T.);
#4806=EDGE_CURVE('',#6058,#6059,#6874,.T.);
#4807=EDGE_CURVE('',#5915,#6059,#6875,.T.);
#4808=EDGE_CURVE('',#6059,#6060,#6876,.T.);
#4809=EDGE_CURVE('',#5914,#6060,#6877,.T.);
#4810=EDGE_CURVE('',#6060,#6061,#6878,.T.);
#4811=EDGE_CURVE('',#5913,#6061,#6879,.T.);
#4812=EDGE_CURVE('',#6061,#6062,#749,.T.);
#4813=EDGE_CURVE('',#5912,#6062,#6880,.T.);
#4814=EDGE_CURVE('',#6062,#6063,#6881,.T.);
#4815=EDGE_CURVE('',#5911,#6063,#6882,.T.);
#4816=EDGE_CURVE('',#6064,#6063,#750,.T.);
#4817=EDGE_CURVE('',#5910,#6064,#6883,.T.);
#4818=EDGE_CURVE('',#6064,#6065,#6884,.T.);
#4819=EDGE_CURVE('',#5909,#6065,#6885,.T.);
#4820=EDGE_CURVE('',#6065,#6047,#751,.T.);
#4821=EDGE_CURVE('',#6066,#6067,#6886,.T.);
#4822=EDGE_CURVE('',#6067,#6068,#752,.T.);
#4823=EDGE_CURVE('',#6068,#6069,#6887,.T.);
#4824=EDGE_CURVE('',#6070,#6069,#753,.T.);
#4825=EDGE_CURVE('',#6070,#6071,#754,.T.);
#4826=EDGE_CURVE('',#6071,#6072,#6888,.T.);
#4827=EDGE_CURVE('',#6072,#6073,#755,.T.);
#4828=EDGE_CURVE('',#6073,#6074,#6889,.T.);
#4829=EDGE_CURVE('',#6074,#6075,#756,.T.);
#4830=EDGE_CURVE('',#6075,#6076,#6890,.T.);
#4831=EDGE_CURVE('',#6076,#6077,#757,.T.);
#4832=EDGE_CURVE('',#6077,#6078,#6891,.T.);
#4833=EDGE_CURVE('',#6078,#6079,#6892,.T.);
#4834=EDGE_CURVE('',#6079,#6080,#6893,.T.);
#4835=EDGE_CURVE('',#6080,#6081,#758,.T.);
#4836=EDGE_CURVE('',#6081,#6082,#6894,.T.);
#4837=EDGE_CURVE('',#6083,#6082,#759,.T.);
#4838=EDGE_CURVE('',#6083,#6084,#6895,.T.);
#4839=EDGE_CURVE('',#6084,#6066,#760,.T.);
#4840=EDGE_CURVE('',#6065,#6084,#6896,.T.);
#4841=EDGE_CURVE('',#6047,#6066,#6897,.T.);
#4842=EDGE_CURVE('',#6064,#6083,#6898,.T.);
#4843=EDGE_CURVE('',#6063,#6082,#6899,.T.);
#4844=EDGE_CURVE('',#6062,#6081,#6900,.T.);
#4845=EDGE_CURVE('',#6061,#6080,#6901,.T.);
#4846=EDGE_CURVE('',#6060,#6079,#6902,.T.);
#4847=EDGE_CURVE('',#6059,#6078,#6903,.T.);
#4848=EDGE_CURVE('',#6058,#6077,#6904,.T.);
#4849=EDGE_CURVE('',#6057,#6076,#6905,.T.);
#4850=EDGE_CURVE('',#6056,#6075,#6906,.T.);
#4851=EDGE_CURVE('',#6055,#6074,#6907,.T.);
#4852=EDGE_CURVE('',#6054,#6073,#6908,.T.);
#4853=EDGE_CURVE('',#6053,#6072,#6909,.T.);
#4854=EDGE_CURVE('',#6052,#6071,#6910,.T.);
#4855=EDGE_CURVE('',#6051,#6070,#6911,.T.);
#4856=EDGE_CURVE('',#6050,#6069,#6912,.T.);
#4857=EDGE_CURVE('',#6049,#6068,#6913,.T.);
#4858=EDGE_CURVE('',#6048,#6067,#6914,.T.);
#4859=EDGE_CURVE('',#6085,#6086,#6915,.T.);
#4860=EDGE_CURVE('',#5831,#6085,#6916,.T.);
#4861=EDGE_CURVE('',#5832,#6086,#6917,.T.);
#4862=EDGE_CURVE('',#6086,#6087,#761,.T.);
#4863=EDGE_CURVE('',#5849,#6087,#6918,.T.);
#4864=EDGE_CURVE('',#6087,#6088,#6919,.T.);
#4865=EDGE_CURVE('',#5848,#6088,#6920,.T.);
#4866=EDGE_CURVE('',#6089,#6088,#762,.T.);
#4867=EDGE_CURVE('',#5847,#6089,#6921,.T.);
#4868=EDGE_CURVE('',#6089,#6090,#763,.T.);
#4869=EDGE_CURVE('',#5846,#6090,#6922,.T.);
#4870=EDGE_CURVE('',#6090,#6091,#6923,.T.);
#4871=EDGE_CURVE('',#5845,#6091,#6924,.T.);
#4872=EDGE_CURVE('',#6091,#6092,#764,.T.);
#4873=EDGE_CURVE('',#5844,#6092,#6925,.T.);
#4874=EDGE_CURVE('',#6092,#6093,#6926,.T.);
#4875=EDGE_CURVE('',#5843,#6093,#6927,.T.);
#4876=EDGE_CURVE('',#6093,#6094,#765,.T.);
#4877=EDGE_CURVE('',#5842,#6094,#6928,.T.);
#4878=EDGE_CURVE('',#6094,#6095,#6929,.T.);
#4879=EDGE_CURVE('',#5841,#6095,#6930,.T.);
#4880=EDGE_CURVE('',#6095,#6096,#766,.T.);
#4881=EDGE_CURVE('',#5840,#6096,#6931,.T.);
#4882=EDGE_CURVE('',#6096,#6097,#6932,.T.);
#4883=EDGE_CURVE('',#5839,#6097,#6933,.T.);
#4884=EDGE_CURVE('',#6097,#6098,#6934,.T.);
#4885=EDGE_CURVE('',#5838,#6098,#6935,.T.);
#4886=EDGE_CURVE('',#6098,#6099,#6936,.T.);
#4887=EDGE_CURVE('',#5837,#6099,#6937,.T.);
#4888=EDGE_CURVE('',#6099,#6100,#767,.T.);
#4889=EDGE_CURVE('',#5836,#6100,#6938,.T.);
#4890=EDGE_CURVE('',#6100,#6101,#6939,.T.);
#4891=EDGE_CURVE('',#5835,#6101,#6940,.T.);
#4892=EDGE_CURVE('',#6102,#6101,#768,.T.);
#4893=EDGE_CURVE('',#5834,#6102,#6941,.T.);
#4894=EDGE_CURVE('',#6102,#6103,#6942,.T.);
#4895=EDGE_CURVE('',#5833,#6103,#6943,.T.);
#4896=EDGE_CURVE('',#6103,#6085,#769,.T.);
#4897=EDGE_CURVE('',#6104,#6105,#6944,.T.);
#4898=EDGE_CURVE('',#5850,#6104,#6945,.T.);
#4899=EDGE_CURVE('',#5851,#6105,#6946,.T.);
#4900=EDGE_CURVE('',#6105,#6106,#770,.T.);
#4901=EDGE_CURVE('',#5868,#6106,#6947,.T.);
#4902=EDGE_CURVE('',#6106,#6107,#6948,.T.);
#4903=EDGE_CURVE('',#5867,#6107,#6949,.T.);
#4904=EDGE_CURVE('',#6108,#6107,#771,.T.);
#4905=EDGE_CURVE('',#5866,#6108,#6950,.T.);
#4906=EDGE_CURVE('',#6108,#6109,#772,.T.);
#4907=EDGE_CURVE('',#5865,#6109,#6951,.T.);
#4908=EDGE_CURVE('',#6109,#6110,#6952,.T.);
#4909=EDGE_CURVE('',#5864,#6110,#6953,.T.);
#4910=EDGE_CURVE('',#6110,#6111,#773,.T.);
#4911=EDGE_CURVE('',#5863,#6111,#6954,.T.);
#4912=EDGE_CURVE('',#6111,#6112,#6955,.T.);
#4913=EDGE_CURVE('',#5862,#6112,#6956,.T.);
#4914=EDGE_CURVE('',#6112,#6113,#774,.T.);
#4915=EDGE_CURVE('',#5861,#6113,#6957,.T.);
#4916=EDGE_CURVE('',#6113,#6114,#6958,.T.);
#4917=EDGE_CURVE('',#5860,#6114,#6959,.T.);
#4918=EDGE_CURVE('',#6114,#6115,#775,.T.);
#4919=EDGE_CURVE('',#5859,#6115,#6960,.T.);
#4920=EDGE_CURVE('',#6115,#6116,#6961,.T.);
#4921=EDGE_CURVE('',#5858,#6116,#6962,.T.);
#4922=EDGE_CURVE('',#6116,#6117,#6963,.T.);
#4923=EDGE_CURVE('',#5857,#6117,#6964,.T.);
#4924=EDGE_CURVE('',#6117,#6118,#6965,.T.);
#4925=EDGE_CURVE('',#5856,#6118,#6966,.T.);
#4926=EDGE_CURVE('',#6118,#6119,#776,.T.);
#4927=EDGE_CURVE('',#5855,#6119,#6967,.T.);
#4928=EDGE_CURVE('',#6119,#6120,#6968,.T.);
#4929=EDGE_CURVE('',#5854,#6120,#6969,.T.);
#4930=EDGE_CURVE('',#6121,#6120,#777,.T.);
#4931=EDGE_CURVE('',#5853,#6121,#6970,.T.);
#4932=EDGE_CURVE('',#6121,#6122,#6971,.T.);
#4933=EDGE_CURVE('',#5852,#6122,#6972,.T.);
#4934=EDGE_CURVE('',#6122,#6104,#778,.T.);
#4935=EDGE_CURVE('',#6123,#6124,#6973,.T.);
#4936=EDGE_CURVE('',#5869,#6123,#6974,.T.);
#4937=EDGE_CURVE('',#5870,#6124,#6975,.T.);
#4938=EDGE_CURVE('',#6124,#6125,#779,.T.);
#4939=EDGE_CURVE('',#5887,#6125,#6976,.T.);
#4940=EDGE_CURVE('',#6125,#6126,#6977,.T.);
#4941=EDGE_CURVE('',#5886,#6126,#6978,.T.);
#4942=EDGE_CURVE('',#6127,#6126,#780,.T.);
#4943=EDGE_CURVE('',#5885,#6127,#6979,.T.);
#4944=EDGE_CURVE('',#6127,#6128,#781,.T.);
#4945=EDGE_CURVE('',#5884,#6128,#6980,.T.);
#4946=EDGE_CURVE('',#6128,#6129,#6981,.T.);
#4947=EDGE_CURVE('',#5883,#6129,#6982,.T.);
#4948=EDGE_CURVE('',#6129,#6130,#782,.T.);
#4949=EDGE_CURVE('',#5882,#6130,#6983,.T.);
#4950=EDGE_CURVE('',#6130,#6131,#6984,.T.);
#4951=EDGE_CURVE('',#5881,#6131,#6985,.T.);
#4952=EDGE_CURVE('',#6131,#6132,#783,.T.);
#4953=EDGE_CURVE('',#5880,#6132,#6986,.T.);
#4954=EDGE_CURVE('',#6132,#6133,#6987,.T.);
#4955=EDGE_CURVE('',#5879,#6133,#6988,.T.);
#4956=EDGE_CURVE('',#6133,#6134,#784,.T.);
#4957=EDGE_CURVE('',#5878,#6134,#6989,.T.);
#4958=EDGE_CURVE('',#6134,#6135,#6990,.T.);
#4959=EDGE_CURVE('',#5877,#6135,#6991,.T.);
#4960=EDGE_CURVE('',#6135,#6136,#6992,.T.);
#4961=EDGE_CURVE('',#5876,#6136,#6993,.T.);
#4962=EDGE_CURVE('',#6136,#6137,#6994,.T.);
#4963=EDGE_CURVE('',#5875,#6137,#6995,.T.);
#4964=EDGE_CURVE('',#6137,#6138,#785,.T.);
#4965=EDGE_CURVE('',#5874,#6138,#6996,.T.);
#4966=EDGE_CURVE('',#6138,#6139,#6997,.T.);
#4967=EDGE_CURVE('',#5873,#6139,#6998,.T.);
#4968=EDGE_CURVE('',#6140,#6139,#786,.T.);
#4969=EDGE_CURVE('',#5872,#6140,#6999,.T.);
#4970=EDGE_CURVE('',#6140,#6141,#7000,.T.);
#4971=EDGE_CURVE('',#5871,#6141,#7001,.T.);
#4972=EDGE_CURVE('',#6141,#6123,#787,.T.);
#4973=EDGE_CURVE('',#6142,#6143,#7002,.T.);
#4974=EDGE_CURVE('',#5888,#6142,#7003,.T.);
#4975=EDGE_CURVE('',#5889,#6143,#7004,.T.);
#4976=EDGE_CURVE('',#6143,#6144,#788,.T.);
#4977=EDGE_CURVE('',#5906,#6144,#7005,.T.);
#4978=EDGE_CURVE('',#6144,#6145,#7006,.T.);
#4979=EDGE_CURVE('',#5905,#6145,#7007,.T.);
#4980=EDGE_CURVE('',#6146,#6145,#789,.T.);
#4981=EDGE_CURVE('',#5904,#6146,#7008,.T.);
#4982=EDGE_CURVE('',#6146,#6147,#790,.T.);
#4983=EDGE_CURVE('',#5903,#6147,#7009,.T.);
#4984=EDGE_CURVE('',#6147,#6148,#7010,.T.);
#4985=EDGE_CURVE('',#5902,#6148,#7011,.T.);
#4986=EDGE_CURVE('',#6148,#6149,#791,.T.);
#4987=EDGE_CURVE('',#5901,#6149,#7012,.T.);
#4988=EDGE_CURVE('',#6149,#6150,#7013,.T.);
#4989=EDGE_CURVE('',#5900,#6150,#7014,.T.);
#4990=EDGE_CURVE('',#6150,#6151,#792,.T.);
#4991=EDGE_CURVE('',#5899,#6151,#7015,.T.);
#4992=EDGE_CURVE('',#6151,#6152,#7016,.T.);
#4993=EDGE_CURVE('',#5898,#6152,#7017,.T.);
#4994=EDGE_CURVE('',#6152,#6153,#793,.T.);
#4995=EDGE_CURVE('',#5897,#6153,#7018,.T.);
#4996=EDGE_CURVE('',#6153,#6154,#7019,.T.);
#4997=EDGE_CURVE('',#5896,#6154,#7020,.T.);
#4998=EDGE_CURVE('',#6154,#6155,#7021,.T.);
#4999=EDGE_CURVE('',#5895,#6155,#7022,.T.);
#5000=EDGE_CURVE('',#6155,#6156,#7023,.T.);
#5001=EDGE_CURVE('',#5894,#6156,#7024,.T.);
#5002=EDGE_CURVE('',#6156,#6157,#794,.T.);
#5003=EDGE_CURVE('',#5893,#6157,#7025,.T.);
#5004=EDGE_CURVE('',#6157,#6158,#7026,.T.);
#5005=EDGE_CURVE('',#5892,#6158,#7027,.T.);
#5006=EDGE_CURVE('',#6159,#6158,#795,.T.);
#5007=EDGE_CURVE('',#5891,#6159,#7028,.T.);
#5008=EDGE_CURVE('',#6159,#6160,#7029,.T.);
#5009=EDGE_CURVE('',#5890,#6160,#7030,.T.);
#5010=EDGE_CURVE('',#6160,#6142,#796,.T.);
#5011=EDGE_CURVE('',#6161,#6162,#7031,.T.);
#5012=EDGE_CURVE('',#6162,#6163,#797,.T.);
#5013=EDGE_CURVE('',#6163,#6164,#7032,.T.);
#5014=EDGE_CURVE('',#6165,#6164,#798,.T.);
#5015=EDGE_CURVE('',#6165,#6166,#799,.T.);
#5016=EDGE_CURVE('',#6166,#6167,#7033,.T.);
#5017=EDGE_CURVE('',#6167,#6168,#800,.T.);
#5018=EDGE_CURVE('',#6168,#6169,#7034,.T.);
#5019=EDGE_CURVE('',#6169,#6170,#801,.T.);
#5020=EDGE_CURVE('',#6170,#6171,#7035,.T.);
#5021=EDGE_CURVE('',#6171,#6172,#802,.T.);
#5022=EDGE_CURVE('',#6172,#6173,#7036,.T.);
#5023=EDGE_CURVE('',#6173,#6174,#7037,.T.);
#5024=EDGE_CURVE('',#6174,#6175,#7038,.T.);
#5025=EDGE_CURVE('',#6175,#6176,#803,.T.);
#5026=EDGE_CURVE('',#6176,#6177,#7039,.T.);
#5027=EDGE_CURVE('',#6178,#6177,#804,.T.);
#5028=EDGE_CURVE('',#6178,#6179,#7040,.T.);
#5029=EDGE_CURVE('',#6179,#6161,#805,.T.);
#5030=EDGE_CURVE('',#6103,#6179,#7041,.T.);
#5031=EDGE_CURVE('',#6085,#6161,#7042,.T.);
#5032=EDGE_CURVE('',#6102,#6178,#7043,.T.);
#5033=EDGE_CURVE('',#6101,#6177,#7044,.T.);
#5034=EDGE_CURVE('',#6100,#6176,#7045,.T.);
#5035=EDGE_CURVE('',#6099,#6175,#7046,.T.);
#5036=EDGE_CURVE('',#6098,#6174,#7047,.T.);
#5037=EDGE_CURVE('',#6097,#6173,#7048,.T.);
#5038=EDGE_CURVE('',#6096,#6172,#7049,.T.);
#5039=EDGE_CURVE('',#6095,#6171,#7050,.T.);
#5040=EDGE_CURVE('',#6094,#6170,#7051,.T.);
#5041=EDGE_CURVE('',#6093,#6169,#7052,.T.);
#5042=EDGE_CURVE('',#6092,#6168,#7053,.T.);
#5043=EDGE_CURVE('',#6091,#6167,#7054,.T.);
#5044=EDGE_CURVE('',#6090,#6166,#7055,.T.);
#5045=EDGE_CURVE('',#6089,#6165,#7056,.T.);
#5046=EDGE_CURVE('',#6088,#6164,#7057,.T.);
#5047=EDGE_CURVE('',#6087,#6163,#7058,.T.);
#5048=EDGE_CURVE('',#6086,#6162,#7059,.T.);
#5049=EDGE_CURVE('',#6180,#6181,#7060,.T.);
#5050=EDGE_CURVE('',#6181,#6182,#806,.T.);
#5051=EDGE_CURVE('',#6182,#6183,#7061,.T.);
#5052=EDGE_CURVE('',#6184,#6183,#807,.T.);
#5053=EDGE_CURVE('',#6184,#6185,#808,.T.);
#5054=EDGE_CURVE('',#6185,#6186,#7062,.T.);
#5055=EDGE_CURVE('',#6186,#6187,#809,.T.);
#5056=EDGE_CURVE('',#6187,#6188,#7063,.T.);
#5057=EDGE_CURVE('',#6188,#6189,#810,.T.);
#5058=EDGE_CURVE('',#6189,#6190,#7064,.T.);
#5059=EDGE_CURVE('',#6190,#6191,#811,.T.);
#5060=EDGE_CURVE('',#6191,#6192,#7065,.T.);
#5061=EDGE_CURVE('',#6192,#6193,#7066,.T.);
#5062=EDGE_CURVE('',#6193,#6194,#7067,.T.);
#5063=EDGE_CURVE('',#6194,#6195,#812,.T.);
#5064=EDGE_CURVE('',#6195,#6196,#7068,.T.);
#5065=EDGE_CURVE('',#6197,#6196,#813,.T.);
#5066=EDGE_CURVE('',#6197,#6198,#7069,.T.);
#5067=EDGE_CURVE('',#6198,#6180,#814,.T.);
#5068=EDGE_CURVE('',#6122,#6198,#7070,.T.);
#5069=EDGE_CURVE('',#6104,#6180,#7071,.T.);
#5070=EDGE_CURVE('',#6121,#6197,#7072,.T.);
#5071=EDGE_CURVE('',#6120,#6196,#7073,.T.);
#5072=EDGE_CURVE('',#6119,#6195,#7074,.T.);
#5073=EDGE_CURVE('',#6118,#6194,#7075,.T.);
#5074=EDGE_CURVE('',#6117,#6193,#7076,.T.);
#5075=EDGE_CURVE('',#6116,#6192,#7077,.T.);
#5076=EDGE_CURVE('',#6115,#6191,#7078,.T.);
#5077=EDGE_CURVE('',#6114,#6190,#7079,.T.);
#5078=EDGE_CURVE('',#6113,#6189,#7080,.T.);
#5079=EDGE_CURVE('',#6112,#6188,#7081,.T.);
#5080=EDGE_CURVE('',#6111,#6187,#7082,.T.);
#5081=EDGE_CURVE('',#6110,#6186,#7083,.T.);
#5082=EDGE_CURVE('',#6109,#6185,#7084,.T.);
#5083=EDGE_CURVE('',#6108,#6184,#7085,.T.);
#5084=EDGE_CURVE('',#6107,#6183,#7086,.T.);
#5085=EDGE_CURVE('',#6106,#6182,#7087,.T.);
#5086=EDGE_CURVE('',#6105,#6181,#7088,.T.);
#5087=EDGE_CURVE('',#6199,#6200,#7089,.T.);
#5088=EDGE_CURVE('',#6200,#6201,#815,.T.);
#5089=EDGE_CURVE('',#6201,#6202,#7090,.T.);
#5090=EDGE_CURVE('',#6203,#6202,#816,.T.);
#5091=EDGE_CURVE('',#6203,#6204,#817,.T.);
#5092=EDGE_CURVE('',#6204,#6205,#7091,.T.);
#5093=EDGE_CURVE('',#6205,#6206,#818,.T.);
#5094=EDGE_CURVE('',#6206,#6207,#7092,.T.);
#5095=EDGE_CURVE('',#6207,#6208,#819,.T.);
#5096=EDGE_CURVE('',#6208,#6209,#7093,.T.);
#5097=EDGE_CURVE('',#6209,#6210,#820,.T.);
#5098=EDGE_CURVE('',#6210,#6211,#7094,.T.);
#5099=EDGE_CURVE('',#6211,#6212,#7095,.T.);
#5100=EDGE_CURVE('',#6212,#6213,#7096,.T.);
#5101=EDGE_CURVE('',#6213,#6214,#821,.T.);
#5102=EDGE_CURVE('',#6214,#6215,#7097,.T.);
#5103=EDGE_CURVE('',#6216,#6215,#822,.T.);
#5104=EDGE_CURVE('',#6216,#6217,#7098,.T.);
#5105=EDGE_CURVE('',#6217,#6199,#823,.T.);
#5106=EDGE_CURVE('',#6141,#6217,#7099,.T.);
#5107=EDGE_CURVE('',#6123,#6199,#7100,.T.);
#5108=EDGE_CURVE('',#6140,#6216,#7101,.T.);
#5109=EDGE_CURVE('',#6139,#6215,#7102,.T.);
#5110=EDGE_CURVE('',#6138,#6214,#7103,.T.);
#5111=EDGE_CURVE('',#6137,#6213,#7104,.T.);
#5112=EDGE_CURVE('',#6136,#6212,#7105,.T.);
#5113=EDGE_CURVE('',#6135,#6211,#7106,.T.);
#5114=EDGE_CURVE('',#6134,#6210,#7107,.T.);
#5115=EDGE_CURVE('',#6133,#6209,#7108,.T.);
#5116=EDGE_CURVE('',#6132,#6208,#7109,.T.);
#5117=EDGE_CURVE('',#6131,#6207,#7110,.T.);
#5118=EDGE_CURVE('',#6130,#6206,#7111,.T.);
#5119=EDGE_CURVE('',#6129,#6205,#7112,.T.);
#5120=EDGE_CURVE('',#6128,#6204,#7113,.T.);
#5121=EDGE_CURVE('',#6127,#6203,#7114,.T.);
#5122=EDGE_CURVE('',#6126,#6202,#7115,.T.);
#5123=EDGE_CURVE('',#6125,#6201,#7116,.T.);
#5124=EDGE_CURVE('',#6124,#6200,#7117,.T.);
#5125=EDGE_CURVE('',#6218,#6219,#7118,.T.);
#5126=EDGE_CURVE('',#6219,#6220,#824,.T.);
#5127=EDGE_CURVE('',#6220,#6221,#7119,.T.);
#5128=EDGE_CURVE('',#6222,#6221,#825,.T.);
#5129=EDGE_CURVE('',#6222,#6223,#826,.T.);
#5130=EDGE_CURVE('',#6223,#6224,#7120,.T.);
#5131=EDGE_CURVE('',#6224,#6225,#827,.T.);
#5132=EDGE_CURVE('',#6225,#6226,#7121,.T.);
#5133=EDGE_CURVE('',#6226,#6227,#828,.T.);
#5134=EDGE_CURVE('',#6227,#6228,#7122,.T.);
#5135=EDGE_CURVE('',#6228,#6229,#829,.T.);
#5136=EDGE_CURVE('',#6229,#6230,#7123,.T.);
#5137=EDGE_CURVE('',#6230,#6231,#7124,.T.);
#5138=EDGE_CURVE('',#6231,#6232,#7125,.T.);
#5139=EDGE_CURVE('',#6232,#6233,#830,.T.);
#5140=EDGE_CURVE('',#6233,#6234,#7126,.T.);
#5141=EDGE_CURVE('',#6235,#6234,#831,.T.);
#5142=EDGE_CURVE('',#6235,#6236,#7127,.T.);
#5143=EDGE_CURVE('',#6236,#6218,#832,.T.);
#5144=EDGE_CURVE('',#6160,#6236,#7128,.T.);
#5145=EDGE_CURVE('',#6142,#6218,#7129,.T.);
#5146=EDGE_CURVE('',#6159,#6235,#7130,.T.);
#5147=EDGE_CURVE('',#6158,#6234,#7131,.T.);
#5148=EDGE_CURVE('',#6157,#6233,#7132,.T.);
#5149=EDGE_CURVE('',#6156,#6232,#7133,.T.);
#5150=EDGE_CURVE('',#6155,#6231,#7134,.T.);
#5151=EDGE_CURVE('',#6154,#6230,#7135,.T.);
#5152=EDGE_CURVE('',#6153,#6229,#7136,.T.);
#5153=EDGE_CURVE('',#6152,#6228,#7137,.T.);
#5154=EDGE_CURVE('',#6151,#6227,#7138,.T.);
#5155=EDGE_CURVE('',#6150,#6226,#7139,.T.);
#5156=EDGE_CURVE('',#6149,#6225,#7140,.T.);
#5157=EDGE_CURVE('',#6148,#6224,#7141,.T.);
#5158=EDGE_CURVE('',#6147,#6223,#7142,.T.);
#5159=EDGE_CURVE('',#6146,#6222,#7143,.T.);
#5160=EDGE_CURVE('',#6145,#6221,#7144,.T.);
#5161=EDGE_CURVE('',#6144,#6220,#7145,.T.);
#5162=EDGE_CURVE('',#6143,#6219,#7146,.T.);
#5163=EDGE_CURVE('',#5614,#6237,#7147,.T.);
#5164=EDGE_CURVE('',#6237,#5586,#7148,.T.);
#5165=EDGE_CURVE('',#6238,#5588,#7149,.T.);
#5166=EDGE_CURVE('',#6238,#5613,#7150,.T.);
#5167=EDGE_CURVE('',#5525,#5520,#7151,.F.);
#5168=EDGE_CURVE('',#5526,#5519,#7152,.T.);
#5169=EDGE_CURVE('',#6239,#6238,#7153,.T.);
#5170=EDGE_CURVE('',#6237,#6239,#833,.T.);
#5171=EDGE_CURVE('',#6239,#5587,#7154,.T.);
#5172=EDGE_CURVE('',#5608,#6240,#7155,.T.);
#5173=EDGE_CURVE('',#6240,#5593,#7156,.T.);
#5174=EDGE_CURVE('',#6241,#5595,#7157,.T.);
#5175=EDGE_CURVE('',#6241,#5607,#7158,.T.);
#5176=EDGE_CURVE('',#5477,#5472,#7159,.F.);
#5177=EDGE_CURVE('',#5478,#5471,#7160,.T.);
#5178=EDGE_CURVE('',#6242,#6241,#7161,.T.);
#5179=EDGE_CURVE('',#6240,#6242,#834,.T.);
#5180=EDGE_CURVE('',#6242,#5594,#7162,.T.);
#5181=EDGE_CURVE('',#5606,#6243,#7163,.T.);
#5182=EDGE_CURVE('',#6243,#5596,#7164,.T.);
#5183=EDGE_CURVE('',#6244,#5598,#7165,.T.);
#5184=EDGE_CURVE('',#6244,#5605,#7166,.T.);
#5185=EDGE_CURVE('',#5489,#5484,#7167,.F.);
#5186=EDGE_CURVE('',#5490,#5483,#7168,.T.);
#5187=EDGE_CURVE('',#6245,#6244,#7169,.T.);
#5188=EDGE_CURVE('',#6243,#6245,#835,.T.);
#5189=EDGE_CURVE('',#6245,#5597,#7170,.T.);
#5190=EDGE_CURVE('',#5604,#6246,#7171,.T.);
#5191=EDGE_CURVE('',#6246,#5599,#7172,.T.);
#5192=EDGE_CURVE('',#6247,#5601,#7173,.T.);
#5193=EDGE_CURVE('',#6247,#5603,#7174,.T.);
#5194=EDGE_CURVE('',#5501,#5496,#7175,.F.);
#5195=EDGE_CURVE('',#5502,#5495,#7176,.T.);
#5196=EDGE_CURVE('',#6248,#6247,#7177,.T.);
#5197=EDGE_CURVE('',#6246,#6248,#836,.T.);
#5198=EDGE_CURVE('',#6248,#5600,#7178,.T.);
#5199=EDGE_CURVE('',#5602,#6249,#7179,.T.);
#5200=EDGE_CURVE('',#6249,#5583,#7180,.T.);
#5201=EDGE_CURVE('',#6250,#5585,#7181,.T.);
#5202=EDGE_CURVE('',#6250,#5615,#7182,.T.);
#5203=EDGE_CURVE('',#5513,#5508,#7183,.F.);
#5204=EDGE_CURVE('',#5514,#5507,#7184,.T.);
#5205=EDGE_CURVE('',#6251,#6250,#7185,.T.);
#5206=EDGE_CURVE('',#6249,#6251,#837,.T.);
#5207=EDGE_CURVE('',#6251,#5584,#7186,.T.);
#5208=EDGE_CURVE('',#5518,#5527,#7187,.T.);
#5209=EDGE_CURVE('',#5521,#5524,#7188,.T.);
#5210=EDGE_CURVE('',#5464,#5444,#460,.T.);
#5211=EDGE_CURVE('',#5444,#5465,#461,.F.);
#5212=EDGE_CURVE('',#5516,#5523,#7189,.T.);
#5213=EDGE_CURVE('',#5522,#5467,#7190,.T.);
#5214=EDGE_CURVE('',#6252,#5466,#7191,.T.);
#5215=EDGE_CURVE('',#6253,#6252,#7192,.T.);
#5216=EDGE_CURVE('',#6253,#5517,#7193,.T.);
#5217=EDGE_CURVE('',#6252,#5459,#838,.T.);
#5218=EDGE_CURVE('',#5506,#5515,#7194,.T.);
#5219=EDGE_CURVE('',#5509,#5512,#7195,.T.);
#5220=EDGE_CURVE('',#5356,#5336,#462,.T.);
#5221=EDGE_CURVE('',#5336,#5357,#463,.F.);
#5222=EDGE_CURVE('',#5504,#5511,#7196,.T.);
#5223=EDGE_CURVE('',#5510,#5434,#7197,.T.);
#5224=EDGE_CURVE('',#6254,#5433,#7198,.T.);
#5225=EDGE_CURVE('',#6255,#6254,#7199,.T.);
#5226=EDGE_CURVE('',#6255,#5505,#7200,.T.);
#5227=EDGE_CURVE('',#6254,#5351,#839,.T.);
#5228=EDGE_CURVE('',#5494,#5503,#7201,.T.);
#5229=EDGE_CURVE('',#5497,#5500,#7202,.T.);
#5230=EDGE_CURVE('',#5381,#5361,#464,.T.);
#5231=EDGE_CURVE('',#5361,#5382,#465,.F.);
#5232=EDGE_CURVE('',#5492,#5499,#7203,.T.);
#5233=EDGE_CURVE('',#5498,#5436,#7204,.T.);
#5234=EDGE_CURVE('',#6256,#5435,#7205,.T.);
#5235=EDGE_CURVE('',#6257,#6256,#7206,.T.);
#5236=EDGE_CURVE('',#6257,#5493,#7207,.T.);
#5237=EDGE_CURVE('',#6256,#5376,#840,.T.);
#5238=EDGE_CURVE('',#5482,#5491,#7208,.T.);
#5239=EDGE_CURVE('',#5485,#5488,#7209,.T.);
#5240=EDGE_CURVE('',#5406,#5386,#466,.T.);
#5241=EDGE_CURVE('',#5386,#5407,#467,.F.);
#5242=EDGE_CURVE('',#5480,#5487,#7210,.T.);
#5243=EDGE_CURVE('',#5486,#5438,#7211,.T.);
#5244=EDGE_CURVE('',#6258,#5437,#7212,.T.);
#5245=EDGE_CURVE('',#6259,#6258,#7213,.T.);
#5246=EDGE_CURVE('',#6259,#5481,#7214,.T.);
#5247=EDGE_CURVE('',#6258,#5401,#841,.T.);
#5248=EDGE_CURVE('',#5470,#5479,#7215,.T.);
#5249=EDGE_CURVE('',#5473,#5476,#7216,.T.);
#5250=EDGE_CURVE('',#5431,#5411,#468,.T.);
#5251=EDGE_CURVE('',#5411,#5432,#469,.F.);
#5252=EDGE_CURVE('',#5468,#5475,#7217,.T.);
#5253=EDGE_CURVE('',#5474,#5440,#7218,.T.);
#5254=EDGE_CURVE('',#6260,#5439,#7219,.T.);
#5255=EDGE_CURVE('',#6261,#6260,#7220,.T.);
#5256=EDGE_CURVE('',#6261,#5469,#7221,.T.);
#5257=EDGE_CURVE('',#6260,#5426,#842,.T.);
#5258=EDGE_CURVE('',#5447,#6253,#843,.T.);
#5259=EDGE_CURVE('',#5446,#5458,#7222,.F.);
#5260=EDGE_CURVE('',#5339,#6255,#844,.T.);
#5261=EDGE_CURVE('',#5338,#5350,#7223,.F.);
#5262=EDGE_CURVE('',#5364,#6257,#845,.T.);
#5263=EDGE_CURVE('',#5363,#5375,#7224,.F.);
#5264=EDGE_CURVE('',#5389,#6259,#846,.T.);
#5265=EDGE_CURVE('',#5388,#5400,#7225,.F.);
#5266=EDGE_CURVE('',#5414,#6261,#847,.T.);
#5267=EDGE_CURVE('',#5413,#5425,#7226,.F.);
#5268=EDGE_CURVE('',#5457,#5448,#7227,.T.);
#5269=EDGE_CURVE('',#5456,#5443,#7228,.T.);
#5270=EDGE_CURVE('',#5463,#5445,#7229,.T.);
#5271=EDGE_CURVE('',#5462,#5449,#7230,.T.);
#5272=EDGE_CURVE('',#5424,#5415,#7231,.T.);
#5273=EDGE_CURVE('',#5423,#5410,#7232,.T.);
#5274=EDGE_CURVE('',#5430,#5412,#7233,.T.);
#5275=EDGE_CURVE('',#5429,#5416,#7234,.T.);
#5276=EDGE_CURVE('',#5399,#5390,#7235,.T.);
#5277=EDGE_CURVE('',#5398,#5385,#7236,.T.);
#5278=EDGE_CURVE('',#5405,#5387,#7237,.T.);
#5279=EDGE_CURVE('',#5404,#5391,#7238,.T.);
#5280=EDGE_CURVE('',#5374,#5365,#7239,.T.);
#5281=EDGE_CURVE('',#5373,#5360,#7240,.T.);
#5282=EDGE_CURVE('',#5380,#5362,#7241,.T.);
#5283=EDGE_CURVE('',#5379,#5366,#7242,.T.);
#5284=EDGE_CURVE('',#5349,#5340,#7243,.T.);
#5285=EDGE_CURVE('',#5348,#5335,#7244,.T.);
#5286=EDGE_CURVE('',#5355,#5337,#7245,.T.);
#5287=EDGE_CURVE('',#5354,#5341,#7246,.T.);
#5288=EDGE_CURVE('',#6262,#5937,#7247,.T.);
#5289=EDGE_CURVE('',#6263,#6262,#7248,.T.);
#5290=EDGE_CURVE('',#6263,#5936,#7249,.T.);
#5291=EDGE_CURVE('',#6264,#5941,#7250,.T.);
#5292=EDGE_CURVE('',#6262,#6264,#848,.T.);
#5293=EDGE_CURVE('',#6265,#5940,#7251,.T.);
#5294=EDGE_CURVE('',#6264,#6265,#7252,.T.);
#5295=EDGE_CURVE('',#6266,#5939,#7253,.T.);
#5296=EDGE_CURVE('',#6265,#6266,#849,.T.);
#5297=EDGE_CURVE('',#6267,#5938,#7254,.T.);
#5298=EDGE_CURVE('',#6266,#6267,#7255,.T.);
#5299=EDGE_CURVE('',#6267,#6263,#850,.T.);
#5300=EDGE_CURVE('',#6268,#5931,#7256,.T.);
#5301=EDGE_CURVE('',#6268,#5329,#7257,.T.);
#5302=EDGE_CURVE('',#6269,#5930,#7258,.T.);
#5303=EDGE_CURVE('',#6269,#6268,#885,.T.);
#5304=EDGE_CURVE('',#6270,#5928,#7259,.T.);
#5305=EDGE_CURVE('',#6269,#6270,#7260,.T.);
#5306=EDGE_CURVE('',#6271,#5929,#7261,.T.);
#5307=EDGE_CURVE('',#6271,#6270,#886,.T.);
#5308=EDGE_CURVE('',#6272,#5935,#7262,.T.);
#5309=EDGE_CURVE('',#6272,#6271,#7263,.T.);
#5310=EDGE_CURVE('',#6273,#5934,#7264,.T.);
#5311=EDGE_CURVE('',#6273,#6272,#887,.T.);
#5312=EDGE_CURVE('',#6274,#5933,#7265,.T.);
#5313=EDGE_CURVE('',#6274,#6273,#7266,.T.);
#5314=EDGE_CURVE('',#5932,#6275,#7267,.F.);
#5315=EDGE_CURVE('',#6275,#6274,#888,.T.);
#5316=EDGE_CURVE('',#5331,#6275,#7268,.T.);
#5317=EDGE_CURVE('',#6276,#6262,#7269,.T.);
#5318=EDGE_CURVE('',#6277,#6276,#7270,.F.);
#5319=EDGE_CURVE('',#6277,#6263,#7271,.T.);
#5320=EDGE_CURVE('',#6278,#6264,#7272,.T.);
#5321=EDGE_CURVE('',#6276,#6278,#851,.T.);
#5322=EDGE_CURVE('',#6279,#6265,#7273,.T.);
#5323=EDGE_CURVE('',#6278,#6279,#7274,.F.);
#5324=EDGE_CURVE('',#6280,#6266,#7275,.T.);
#5325=EDGE_CURVE('',#6279,#6280,#852,.T.);
#5326=EDGE_CURVE('',#6281,#6267,#7276,.T.);
#5327=EDGE_CURVE('',#6280,#6281,#7277,.F.);
#5328=EDGE_CURVE('',#6281,#6277,#853,.T.);
#5329=VERTEX_POINT('',#18225);
#5330=VERTEX_POINT('',#18226);
#5331=VERTEX_POINT('',#18228);
#5332=VERTEX_POINT('',#18230);
#5333=VERTEX_POINT('',#18234);
#5334=VERTEX_POINT('',#18235);
#5335=VERTEX_POINT('',#18240);
#5336=VERTEX_POINT('',#18245);
#5337=VERTEX_POINT('',#18250);
#5338=VERTEX_POINT('',#18257);
#5339=VERTEX_POINT('',#18258);
#5340=VERTEX_POINT('',#18260);
#5341=VERTEX_POINT('',#18263);
#5342=VERTEX_POINT('',#18265);
#5343=VERTEX_POINT('',#18267);
#5344=VERTEX_POINT('',#18269);
#5345=VERTEX_POINT('',#18271);
#5346=VERTEX_POINT('',#18273);
#5347=VERTEX_POINT('',#18275);
#5348=VERTEX_POINT('',#18279);
#5349=VERTEX_POINT('',#18280);
#5350=VERTEX_POINT('',#18282);
#5351=VERTEX_POINT('',#18284);
#5352=VERTEX_POINT('',#18286);
#5353=VERTEX_POINT('',#18288);
#5354=VERTEX_POINT('',#18290);
#5355=VERTEX_POINT('',#18292);
#5356=VERTEX_POINT('',#18294);
#5357=VERTEX_POINT('',#18296);
#5358=VERTEX_POINT('',#18300);
#5359=VERTEX_POINT('',#18301);
#5360=VERTEX_POINT('',#18306);
#5361=VERTEX_POINT('',#18311);
#5362=VERTEX_POINT('',#18316);
#5363=VERTEX_POINT('',#18323);
#5364=VERTEX_POINT('',#18324);
#5365=VERTEX_POINT('',#18326);
#5366=VERTEX_POINT('',#18329);
#5367=VERTEX_POINT('',#18331);
#5368=VERTEX_POINT('',#18333);
#5369=VERTEX_POINT('',#18335);
#5370=VERTEX_POINT('',#18337);
#5371=VERTEX_POINT('',#18339);
#5372=VERTEX_POINT('',#18341);
#5373=VERTEX_POINT('',#18345);
#5374=VERTEX_POINT('',#18346);
#5375=VERTEX_POINT('',#18348);
#5376=VERTEX_POINT('',#18350);
#5377=VERTEX_POINT('',#18352);
#5378=VERTEX_POINT('',#18354);
#5379=VERTEX_POINT('',#18356);
#5380=VERTEX_POINT('',#18358);
#5381=VERTEX_POINT('',#18360);
#5382=VERTEX_POINT('',#18362);
#5383=VERTEX_POINT('',#18366);
#5384=VERTEX_POINT('',#18367);
#5385=VERTEX_POINT('',#18372);
#5386=VERTEX_POINT('',#18377);
#5387=VERTEX_POINT('',#18382);
#5388=VERTEX_POINT('',#18389);
#5389=VERTEX_POINT('',#18390);
#5390=VERTEX_POINT('',#18392);
#5391=VERTEX_POINT('',#18395);
#5392=VERTEX_POINT('',#18397);
#5393=VERTEX_POINT('',#18399);
#5394=VERTEX_POINT('',#18401);
#5395=VERTEX_POINT('',#18403);
#5396=VERTEX_POINT('',#18405);
#5397=VERTEX_POINT('',#18407);
#5398=VERTEX_POINT('',#18411);
#5399=VERTEX_POINT('',#18412);
#5400=VERTEX_POINT('',#18414);
#5401=VERTEX_POINT('',#18416);
#5402=VERTEX_POINT('',#18418);
#5403=VERTEX_POINT('',#18420);
#5404=VERTEX_POINT('',#18422);
#5405=VERTEX_POINT('',#18424);
#5406=VERTEX_POINT('',#18426);
#5407=VERTEX_POINT('',#18428);
#5408=VERTEX_POINT('',#18432);
#5409=VERTEX_POINT('',#18433);
#5410=VERTEX_POINT('',#18438);
#5411=VERTEX_POINT('',#18443);
#5412=VERTEX_POINT('',#18448);
#5413=VERTEX_POINT('',#18455);
#5414=VERTEX_POINT('',#18456);
#5415=VERTEX_POINT('',#18458);
#5416=VERTEX_POINT('',#18461);
#5417=VERTEX_POINT('',#18463);
#5418=VERTEX_POINT('',#18465);
#5419=VERTEX_POINT('',#18467);
#5420=VERTEX_POINT('',#18469);
#5421=VERTEX_POINT('',#18471);
#5422=VERTEX_POINT('',#18473);
#5423=VERTEX_POINT('',#18477);
#5424=VERTEX_POINT('',#18478);
#5425=VERTEX_POINT('',#18480);
#5426=VERTEX_POINT('',#18482);
#5427=VERTEX_POINT('',#18484);
#5428=VERTEX_POINT('',#18486);
#5429=VERTEX_POINT('',#18488);
#5430=VERTEX_POINT('',#18490);
#5431=VERTEX_POINT('',#18492);
#5432=VERTEX_POINT('',#18494);
#5433=VERTEX_POINT('',#18499);
#5434=VERTEX_POINT('',#18501);
#5435=VERTEX_POINT('',#18506);
#5436=VERTEX_POINT('',#18508);
#5437=VERTEX_POINT('',#18513);
#5438=VERTEX_POINT('',#18515);
#5439=VERTEX_POINT('',#18520);
#5440=VERTEX_POINT('',#18522);
#5441=VERTEX_POINT('',#18526);
#5442=VERTEX_POINT('',#18527);
#5443=VERTEX_POINT('',#18532);
#5444=VERTEX_POINT('',#18537);
#5445=VERTEX_POINT('',#18542);
#5446=VERTEX_POINT('',#18549);
#5447=VERTEX_POINT('',#18550);
#5448=VERTEX_POINT('',#18552);
#5449=VERTEX_POINT('',#18555);
#5450=VERTEX_POINT('',#18557);
#5451=VERTEX_POINT('',#18559);
#5452=VERTEX_POINT('',#18561);
#5453=VERTEX_POINT('',#18563);
#5454=VERTEX_POINT('',#18565);
#5455=VERTEX_POINT('',#18567);
#5456=VERTEX_POINT('',#18571);
#5457=VERTEX_POINT('',#18572);
#5458=VERTEX_POINT('',#18574);
#5459=VERTEX_POINT('',#18576);
#5460=VERTEX_POINT('',#18578);
#5461=VERTEX_POINT('',#18580);
#5462=VERTEX_POINT('',#18582);
#5463=VERTEX_POINT('',#18584);
#5464=VERTEX_POINT('',#18586);
#5465=VERTEX_POINT('',#18588);
#5466=VERTEX_POINT('',#18593);
#5467=VERTEX_POINT('',#18595);
#5468=VERTEX_POINT('',#18599);
#5469=VERTEX_POINT('',#18600);
#5470=VERTEX_POINT('',#18603);
#5471=VERTEX_POINT('',#18605);
#5472=VERTEX_POINT('',#18607);
#5473=VERTEX_POINT('',#18609);
#5474=VERTEX_POINT('',#18613);
#5475=VERTEX_POINT('',#18615);
#5476=VERTEX_POINT('',#18617);
#5477=VERTEX_POINT('',#18619);
#5478=VERTEX_POINT('',#18621);
#5479=VERTEX_POINT('',#18623);
#5480=VERTEX_POINT('',#18627);
#5481=VERTEX_POINT('',#18628);
#5482=VERTEX_POINT('',#18631);
#5483=VERTEX_POINT('',#18633);
#5484=VERTEX_POINT('',#18635);
#5485=VERTEX_POINT('',#18637);
#5486=VERTEX_POINT('',#18641);
#5487=VERTEX_POINT('',#18643);
#5488=VERTEX_POINT('',#18645);
#5489=VERTEX_POINT('',#18647);
#5490=VERTEX_POINT('',#18649);
#5491=VERTEX_POINT('',#18651);
#5492=VERTEX_POINT('',#18655);
#5493=VERTEX_POINT('',#18656);
#5494=VERTEX_POINT('',#18659);
#5495=VERTEX_POINT('',#18661);
#5496=VERTEX_POINT('',#18663);
#5497=VERTEX_POINT('',#18665);
#5498=VERTEX_POINT('',#18669);
#5499=VERTEX_POINT('',#18671);
#5500=VERTEX_POINT('',#18673);
#5501=VERTEX_POINT('',#18675);
#5502=VERTEX_POINT('',#18677);
#5503=VERTEX_POINT('',#18679);
#5504=VERTEX_POINT('',#18683);
#5505=VERTEX_POINT('',#18684);
#5506=VERTEX_POINT('',#18687);
#5507=VERTEX_POINT('',#18689);
#5508=VERTEX_POINT('',#18691);
#5509=VERTEX_POINT('',#18693);
#5510=VERTEX_POINT('',#18697);
#5511=VERTEX_POINT('',#18699);
#5512=VERTEX_POINT('',#18701);
#5513=VERTEX_POINT('',#18703);
#5514=VERTEX_POINT('',#18705);
#5515=VERTEX_POINT('',#18707);
#5516=VERTEX_POINT('',#18711);
#5517=VERTEX_POINT('',#18712);
#5518=VERTEX_POINT('',#18715);
#5519=VERTEX_POINT('',#18717);
#5520=VERTEX_POINT('',#18719);
#5521=VERTEX_POINT('',#18721);
#5522=VERTEX_POINT('',#18725);
#5523=VERTEX_POINT('',#18727);
#5524=VERTEX_POINT('',#18729);
#5525=VERTEX_POINT('',#18731);
#5526=VERTEX_POINT('',#18733);
#5527=VERTEX_POINT('',#18735);
#5528=VERTEX_POINT('',#18739);
#5529=VERTEX_POINT('',#18740);
#5530=VERTEX_POINT('',#18742);
#5531=VERTEX_POINT('',#18744);
#5532=VERTEX_POINT('',#18748);
#5533=VERTEX_POINT('',#18749);
#5534=VERTEX_POINT('',#18751);
#5535=VERTEX_POINT('',#18753);
#5536=VERTEX_POINT('',#18757);
#5537=VERTEX_POINT('',#18758);
#5538=VERTEX_POINT('',#18760);
#5539=VERTEX_POINT('',#18762);
#5540=VERTEX_POINT('',#18766);
#5541=VERTEX_POINT('',#18767);
#5542=VERTEX_POINT('',#18769);
#5543=VERTEX_POINT('',#18771);
#5544=VERTEX_POINT('',#18775);
#5545=VERTEX_POINT('',#18776);
#5546=VERTEX_POINT('',#18778);
#5547=VERTEX_POINT('',#18780);
#5548=VERTEX_POINT('',#18784);
#5549=VERTEX_POINT('',#18786);
#5550=VERTEX_POINT('',#18788);
#5551=VERTEX_POINT('',#18790);
#5552=VERTEX_POINT('',#18792);
#5553=VERTEX_POINT('',#18794);
#5554=VERTEX_POINT('',#18795);
#5555=VERTEX_POINT('',#18797);
#5556=VERTEX_POINT('',#18799);
#5557=VERTEX_POINT('',#18801);
#5558=VERTEX_POINT('',#18803);
#5559=VERTEX_POINT('',#18806);
#5560=VERTEX_POINT('',#18807);
#5561=VERTEX_POINT('',#18809);
#5562=VERTEX_POINT('',#18811);
#5563=VERTEX_POINT('',#18813);
#5564=VERTEX_POINT('',#18815);
#5565=VERTEX_POINT('',#18818);
#5566=VERTEX_POINT('',#18819);
#5567=VERTEX_POINT('',#18821);
#5568=VERTEX_POINT('',#18823);
#5569=VERTEX_POINT('',#18825);
#5570=VERTEX_POINT('',#18827);
#5571=VERTEX_POINT('',#18830);
#5572=VERTEX_POINT('',#18831);
#5573=VERTEX_POINT('',#18833);
#5574=VERTEX_POINT('',#18835);
#5575=VERTEX_POINT('',#18837);
#5576=VERTEX_POINT('',#18839);
#5577=VERTEX_POINT('',#18842);
#5578=VERTEX_POINT('',#18843);
#5579=VERTEX_POINT('',#18845);
#5580=VERTEX_POINT('',#18847);
#5581=VERTEX_POINT('',#18849);
#5582=VERTEX_POINT('',#18851);
#5583=VERTEX_POINT('',#18854);
#5584=VERTEX_POINT('',#18856);
#5585=VERTEX_POINT('',#18858);
#5586=VERTEX_POINT('',#18861);
#5587=VERTEX_POINT('',#18863);
#5588=VERTEX_POINT('',#18865);
#5589=VERTEX_POINT('',#18867);
#5590=VERTEX_POINT('',#18869);
#5591=VERTEX_POINT('',#18871);
#5592=VERTEX_POINT('',#18873);
#5593=VERTEX_POINT('',#18876);
#5594=VERTEX_POINT('',#18878);
#5595=VERTEX_POINT('',#18880);
#5596=VERTEX_POINT('',#18883);
#5597=VERTEX_POINT('',#18885);
#5598=VERTEX_POINT('',#18887);
#5599=VERTEX_POINT('',#18890);
#5600=VERTEX_POINT('',#18892);
#5601=VERTEX_POINT('',#18894);
#5602=VERTEX_POINT('',#18898);
#5603=VERTEX_POINT('',#18900);
#5604=VERTEX_POINT('',#18902);
#5605=VERTEX_POINT('',#18905);
#5606=VERTEX_POINT('',#18907);
#5607=VERTEX_POINT('',#18910);
#5608=VERTEX_POINT('',#18912);
#5609=VERTEX_POINT('',#18915);
#5610=VERTEX_POINT('',#18917);
#5611=VERTEX_POINT('',#18919);
#5612=VERTEX_POINT('',#18921);
#5613=VERTEX_POINT('',#18923);
#5614=VERTEX_POINT('',#18925);
#5615=VERTEX_POINT('',#18928);
#5616=VERTEX_POINT('',#18935);
#5617=VERTEX_POINT('',#18936);
#5618=VERTEX_POINT('',#18941);
#5619=VERTEX_POINT('',#18943);
#5620=VERTEX_POINT('',#18946);
#5621=VERTEX_POINT('',#18947);
#5622=VERTEX_POINT('',#18949);
#5623=VERTEX_POINT('',#18951);
#5624=VERTEX_POINT('',#18955);
#5625=VERTEX_POINT('',#18956);
#5626=VERTEX_POINT('',#18961);
#5627=VERTEX_POINT('',#18963);
#5628=VERTEX_POINT('',#18968);
#5629=VERTEX_POINT('',#18971);
#5630=VERTEX_POINT('',#18972);
#5631=VERTEX_POINT('',#18974);
#5632=VERTEX_POINT('',#18976);
#5633=VERTEX_POINT('',#18980);
#5634=VERTEX_POINT('',#18981);
#5635=VERTEX_POINT('',#18986);
#5636=VERTEX_POINT('',#18988);
#5637=VERTEX_POINT('',#18991);
#5638=VERTEX_POINT('',#18992);
#5639=VERTEX_POINT('',#18994);
#5640=VERTEX_POINT('',#18996);
#5641=VERTEX_POINT('',#19000);
#5642=VERTEX_POINT('',#19001);
#5643=VERTEX_POINT('',#19006);
#5644=VERTEX_POINT('',#19008);
#5645=VERTEX_POINT('',#19013);
#5646=VERTEX_POINT('',#19016);
#5647=VERTEX_POINT('',#19017);
#5648=VERTEX_POINT('',#19019);
#5649=VERTEX_POINT('',#19021);
#5650=VERTEX_POINT('',#19025);
#5651=VERTEX_POINT('',#19026);
#5652=VERTEX_POINT('',#19031);
#5653=VERTEX_POINT('',#19033);
#5654=VERTEX_POINT('',#19036);
#5655=VERTEX_POINT('',#19037);
#5656=VERTEX_POINT('',#19039);
#5657=VERTEX_POINT('',#19041);
#5658=VERTEX_POINT('',#19045);
#5659=VERTEX_POINT('',#19046);
#5660=VERTEX_POINT('',#19051);
#5661=VERTEX_POINT('',#19053);
#5662=VERTEX_POINT('',#19058);
#5663=VERTEX_POINT('',#19061);
#5664=VERTEX_POINT('',#19062);
#5665=VERTEX_POINT('',#19064);
#5666=VERTEX_POINT('',#19066);
#5667=VERTEX_POINT('',#19070);
#5668=VERTEX_POINT('',#19071);
#5669=VERTEX_POINT('',#19076);
#5670=VERTEX_POINT('',#19078);
#5671=VERTEX_POINT('',#19081);
#5672=VERTEX_POINT('',#19082);
#5673=VERTEX_POINT('',#19084);
#5674=VERTEX_POINT('',#19086);
#5675=VERTEX_POINT('',#19090);
#5676=VERTEX_POINT('',#19091);
#5677=VERTEX_POINT('',#19096);
#5678=VERTEX_POINT('',#19098);
#5679=VERTEX_POINT('',#19103);
#5680=VERTEX_POINT('',#19106);
#5681=VERTEX_POINT('',#19107);
#5682=VERTEX_POINT('',#19109);
#5683=VERTEX_POINT('',#19111);
#5684=VERTEX_POINT('',#19115);
#5685=VERTEX_POINT('',#19116);
#5686=VERTEX_POINT('',#19121);
#5687=VERTEX_POINT('',#19123);
#5688=VERTEX_POINT('',#19126);
#5689=VERTEX_POINT('',#19127);
#5690=VERTEX_POINT('',#19129);
#5691=VERTEX_POINT('',#19131);
#5692=VERTEX_POINT('',#19135);
#5693=VERTEX_POINT('',#19136);
#5694=VERTEX_POINT('',#19141);
#5695=VERTEX_POINT('',#19143);
#5696=VERTEX_POINT('',#19148);
#5697=VERTEX_POINT('',#19151);
#5698=VERTEX_POINT('',#19152);
#5699=VERTEX_POINT('',#19154);
#5700=VERTEX_POINT('',#19156);
#5701=VERTEX_POINT('',#19160);
#5702=VERTEX_POINT('',#19162);
#5703=VERTEX_POINT('',#19164);
#5704=VERTEX_POINT('',#19166);
#5705=VERTEX_POINT('',#19170);
#5706=VERTEX_POINT('',#19171);
#5707=VERTEX_POINT('',#19176);
#5708=VERTEX_POINT('',#19178);
#5709=VERTEX_POINT('',#19180);
#5710=VERTEX_POINT('',#19187);
#5711=VERTEX_POINT('',#19189);
#5712=VERTEX_POINT('',#19191);
#5713=VERTEX_POINT('',#19193);
#5714=VERTEX_POINT('',#19197);
#5715=VERTEX_POINT('',#19198);
#5716=VERTEX_POINT('',#19203);
#5717=VERTEX_POINT('',#19205);
#5718=VERTEX_POINT('',#19207);
#5719=VERTEX_POINT('',#19214);
#5720=VERTEX_POINT('',#19216);
#5721=VERTEX_POINT('',#19218);
#5722=VERTEX_POINT('',#19220);
#5723=VERTEX_POINT('',#19224);
#5724=VERTEX_POINT('',#19225);
#5725=VERTEX_POINT('',#19230);
#5726=VERTEX_POINT('',#19232);
#5727=VERTEX_POINT('',#19234);
#5728=VERTEX_POINT('',#19241);
#5729=VERTEX_POINT('',#19243);
#5730=VERTEX_POINT('',#19245);
#5731=VERTEX_POINT('',#19247);
#5732=VERTEX_POINT('',#19251);
#5733=VERTEX_POINT('',#19252);
#5734=VERTEX_POINT('',#19257);
#5735=VERTEX_POINT('',#19259);
#5736=VERTEX_POINT('',#19261);
#5737=VERTEX_POINT('',#19268);
#5738=VERTEX_POINT('',#19270);
#5739=VERTEX_POINT('',#19272);
#5740=VERTEX_POINT('',#19274);
#5741=VERTEX_POINT('',#19278);
#5742=VERTEX_POINT('',#19279);
#5743=VERTEX_POINT('',#19284);
#5744=VERTEX_POINT('',#19286);
#5745=VERTEX_POINT('',#19288);
#5746=VERTEX_POINT('',#19295);
#5747=VERTEX_POINT('',#19297);
#5748=VERTEX_POINT('',#19301);
#5749=VERTEX_POINT('',#19302);
#5750=VERTEX_POINT('',#19307);
#5751=VERTEX_POINT('',#19309);
#5752=VERTEX_POINT('',#19313);
#5753=VERTEX_POINT('',#19315);
#5754=VERTEX_POINT('',#19319);
#5755=VERTEX_POINT('',#19320);
#5756=VERTEX_POINT('',#19325);
#5757=VERTEX_POINT('',#19327);
#5758=VERTEX_POINT('',#19331);
#5759=VERTEX_POINT('',#19333);
#5760=VERTEX_POINT('',#19337);
#5761=VERTEX_POINT('',#19338);
#5762=VERTEX_POINT('',#19343);
#5763=VERTEX_POINT('',#19345);
#5764=VERTEX_POINT('',#19349);
#5765=VERTEX_POINT('',#19351);
#5766=VERTEX_POINT('',#19355);
#5767=VERTEX_POINT('',#19356);
#5768=VERTEX_POINT('',#19361);
#5769=VERTEX_POINT('',#19363);
#5770=VERTEX_POINT('',#19367);
#5771=VERTEX_POINT('',#19369);
#5772=VERTEX_POINT('',#19373);
#5773=VERTEX_POINT('',#19374);
#5774=VERTEX_POINT('',#19379);
#5775=VERTEX_POINT('',#19381);
#5776=VERTEX_POINT('',#19386);
#5777=VERTEX_POINT('',#19388);
#5778=VERTEX_POINT('',#19390);
#5779=VERTEX_POINT('',#19392);
#5780=VERTEX_POINT('',#19397);
#5781=VERTEX_POINT('',#19399);
#5782=VERTEX_POINT('',#19401);
#5783=VERTEX_POINT('',#19403);
#5784=VERTEX_POINT('',#19408);
#5785=VERTEX_POINT('',#19410);
#5786=VERTEX_POINT('',#19412);
#5787=VERTEX_POINT('',#19414);
#5788=VERTEX_POINT('',#19419);
#5789=VERTEX_POINT('',#19421);
#5790=VERTEX_POINT('',#19423);
#5791=VERTEX_POINT('',#19425);
#5792=VERTEX_POINT('',#19430);
#5793=VERTEX_POINT('',#19432);
#5794=VERTEX_POINT('',#19434);
#5795=VERTEX_POINT('',#19436);
#5796=VERTEX_POINT('',#19440);
#5797=VERTEX_POINT('',#19441);
#5798=VERTEX_POINT('',#19446);
#5799=VERTEX_POINT('',#19448);
#5800=VERTEX_POINT('',#19452);
#5801=VERTEX_POINT('',#19454);
#5802=VERTEX_POINT('',#19458);
#5803=VERTEX_POINT('',#19460);
#5804=VERTEX_POINT('',#19464);
#5805=VERTEX_POINT('',#19465);
#5806=VERTEX_POINT('',#19467);
#5807=VERTEX_POINT('',#19469);
#5808=VERTEX_POINT('',#19473);
#5809=VERTEX_POINT('',#19475);
#5810=VERTEX_POINT('',#19480);
#5811=VERTEX_POINT('',#19483);
#5812=VERTEX_POINT('',#19486);
#5813=VERTEX_POINT('',#19489);
#5814=VERTEX_POINT('',#19492);
#5815=VERTEX_POINT('',#19495);
#5816=VERTEX_POINT('',#19499);
#5817=VERTEX_POINT('',#19503);
#5818=VERTEX_POINT('',#19505);
#5819=VERTEX_POINT('',#19515);
#5820=VERTEX_POINT('',#19517);
#5821=VERTEX_POINT('',#19527);
#5822=VERTEX_POINT('',#19529);
#5823=VERTEX_POINT('',#19539);
#5824=VERTEX_POINT('',#19541);
#5825=VERTEX_POINT('',#19551);
#5826=VERTEX_POINT('',#19553);
#5827=VERTEX_POINT('',#19556);
#5828=VERTEX_POINT('',#19558);
#5829=VERTEX_POINT('',#19569);
#5830=VERTEX_POINT('',#19571);
#5831=VERTEX_POINT('',#19575);
#5832=VERTEX_POINT('',#19576);
#5833=VERTEX_POINT('',#19578);
#5834=VERTEX_POINT('',#19580);
#5835=VERTEX_POINT('',#19582);
#5836=VERTEX_POINT('',#19584);
#5837=VERTEX_POINT('',#19586);
#5838=VERTEX_POINT('',#19588);
#5839=VERTEX_POINT('',#19590);
#5840=VERTEX_POINT('',#19592);
#5841=VERTEX_POINT('',#19594);
#5842=VERTEX_POINT('',#19596);
#5843=VERTEX_POINT('',#19598);
#5844=VERTEX_POINT('',#19600);
#5845=VERTEX_POINT('',#19602);
#5846=VERTEX_POINT('',#19604);
#5847=VERTEX_POINT('',#19606);
#5848=VERTEX_POINT('',#19608);
#5849=VERTEX_POINT('',#19610);
#5850=VERTEX_POINT('',#19613);
#5851=VERTEX_POINT('',#19614);
#5852=VERTEX_POINT('',#19616);
#5853=VERTEX_POINT('',#19618);
#5854=VERTEX_POINT('',#19620);
#5855=VERTEX_POINT('',#19622);
#5856=VERTEX_POINT('',#19624);
#5857=VERTEX_POINT('',#19626);
#5858=VERTEX_POINT('',#19628);
#5859=VERTEX_POINT('',#19630);
#5860=VERTEX_POINT('',#19632);
#5861=VERTEX_POINT('',#19634);
#5862=VERTEX_POINT('',#19636);
#5863=VERTEX_POINT('',#19638);
#5864=VERTEX_POINT('',#19640);
#5865=VERTEX_POINT('',#19642);
#5866=VERTEX_POINT('',#19644);
#5867=VERTEX_POINT('',#19646);
#5868=VERTEX_POINT('',#19648);
#5869=VERTEX_POINT('',#19651);
#5870=VERTEX_POINT('',#19652);
#5871=VERTEX_POINT('',#19654);
#5872=VERTEX_POINT('',#19656);
#5873=VERTEX_POINT('',#19658);
#5874=VERTEX_POINT('',#19660);
#5875=VERTEX_POINT('',#19662);
#5876=VERTEX_POINT('',#19664);
#5877=VERTEX_POINT('',#19666);
#5878=VERTEX_POINT('',#19668);
#5879=VERTEX_POINT('',#19670);
#5880=VERTEX_POINT('',#19672);
#5881=VERTEX_POINT('',#19674);
#5882=VERTEX_POINT('',#19676);
#5883=VERTEX_POINT('',#19678);
#5884=VERTEX_POINT('',#19680);
#5885=VERTEX_POINT('',#19682);
#5886=VERTEX_POINT('',#19684);
#5887=VERTEX_POINT('',#19686);
#5888=VERTEX_POINT('',#19689);
#5889=VERTEX_POINT('',#19690);
#5890=VERTEX_POINT('',#19692);
#5891=VERTEX_POINT('',#19694);
#5892=VERTEX_POINT('',#19696);
#5893=VERTEX_POINT('',#19698);
#5894=VERTEX_POINT('',#19700);
#5895=VERTEX_POINT('',#19702);
#5896=VERTEX_POINT('',#19704);
#5897=VERTEX_POINT('',#19706);
#5898=VERTEX_POINT('',#19708);
#5899=VERTEX_POINT('',#19710);
#5900=VERTEX_POINT('',#19712);
#5901=VERTEX_POINT('',#19714);
#5902=VERTEX_POINT('',#19716);
#5903=VERTEX_POINT('',#19718);
#5904=VERTEX_POINT('',#19720);
#5905=VERTEX_POINT('',#19722);
#5906=VERTEX_POINT('',#19724);
#5907=VERTEX_POINT('',#19727);
#5908=VERTEX_POINT('',#19728);
#5909=VERTEX_POINT('',#19730);
#5910=VERTEX_POINT('',#19732);
#5911=VERTEX_POINT('',#19734);
#5912=VERTEX_POINT('',#19736);
#5913=VERTEX_POINT('',#19738);
#5914=VERTEX_POINT('',#19740);
#5915=VERTEX_POINT('',#19742);
#5916=VERTEX_POINT('',#19744);
#5917=VERTEX_POINT('',#19746);
#5918=VERTEX_POINT('',#19748);
#5919=VERTEX_POINT('',#19750);
#5920=VERTEX_POINT('',#19752);
#5921=VERTEX_POINT('',#19754);
#5922=VERTEX_POINT('',#19756);
#5923=VERTEX_POINT('',#19758);
#5924=VERTEX_POINT('',#19760);
#5925=VERTEX_POINT('',#19762);
#5926=VERTEX_POINT('',#19765);
#5927=VERTEX_POINT('',#19767);
#5928=VERTEX_POINT('',#19774);
#5929=VERTEX_POINT('',#19775);
#5930=VERTEX_POINT('',#19777);
#5931=VERTEX_POINT('',#19779);
#5932=VERTEX_POINT('',#19782);
#5933=VERTEX_POINT('',#19784);
#5934=VERTEX_POINT('',#19786);
#5935=VERTEX_POINT('',#19788);
#5936=VERTEX_POINT('',#19791);
#5937=VERTEX_POINT('',#19792);
#5938=VERTEX_POINT('',#19794);
#5939=VERTEX_POINT('',#19796);
#5940=VERTEX_POINT('',#19798);
#5941=VERTEX_POINT('',#19800);
#5942=VERTEX_POINT('',#19806);
#5943=VERTEX_POINT('',#19812);
#5944=VERTEX_POINT('',#19814);
#5945=VERTEX_POINT('',#19816);
#5946=VERTEX_POINT('',#19819);
#5947=VERTEX_POINT('',#19835);
#5948=VERTEX_POINT('',#19841);
#5949=VERTEX_POINT('',#19843);
#5950=VERTEX_POINT('',#19845);
#5951=VERTEX_POINT('',#19848);
#5952=VERTEX_POINT('',#19864);
#5953=VERTEX_POINT('',#19870);
#5954=VERTEX_POINT('',#19872);
#5955=VERTEX_POINT('',#19874);
#5956=VERTEX_POINT('',#19877);
#5957=VERTEX_POINT('',#19893);
#5958=VERTEX_POINT('',#19899);
#5959=VERTEX_POINT('',#19901);
#5960=VERTEX_POINT('',#19903);
#5961=VERTEX_POINT('',#19906);
#5962=VERTEX_POINT('',#19922);
#5963=VERTEX_POINT('',#19928);
#5964=VERTEX_POINT('',#19930);
#5965=VERTEX_POINT('',#19932);
#5966=VERTEX_POINT('',#19935);
#5967=VERTEX_POINT('',#19975);
#5968=VERTEX_POINT('',#19977);
#5969=VERTEX_POINT('',#19981);
#5970=VERTEX_POINT('',#19985);
#5971=VERTEX_POINT('',#19992);
#5972=VERTEX_POINT('',#19994);
#5973=VERTEX_POINT('',#19998);
#5974=VERTEX_POINT('',#20002);
#5975=VERTEX_POINT('',#20009);
#5976=VERTEX_POINT('',#20011);
#5977=VERTEX_POINT('',#20015);
#5978=VERTEX_POINT('',#20019);
#5979=VERTEX_POINT('',#20026);
#5980=VERTEX_POINT('',#20028);
#5981=VERTEX_POINT('',#20032);
#5982=VERTEX_POINT('',#20036);
#5983=VERTEX_POINT('',#20043);
#5984=VERTEX_POINT('',#20045);
#5985=VERTEX_POINT('',#20049);
#5986=VERTEX_POINT('',#20053);
#5987=VERTEX_POINT('',#20060);
#5988=VERTEX_POINT('',#20062);
#5989=VERTEX_POINT('',#20066);
#5990=VERTEX_POINT('',#20070);
#5991=VERTEX_POINT('',#20077);
#5992=VERTEX_POINT('',#20079);
#5993=VERTEX_POINT('',#20083);
#5994=VERTEX_POINT('',#20087);
#5995=VERTEX_POINT('',#20094);
#5996=VERTEX_POINT('',#20096);
#5997=VERTEX_POINT('',#20100);
#5998=VERTEX_POINT('',#20104);
#5999=VERTEX_POINT('',#20111);
#6000=VERTEX_POINT('',#20113);
#6001=VERTEX_POINT('',#20117);
#6002=VERTEX_POINT('',#20121);
#6003=VERTEX_POINT('',#20128);
#6004=VERTEX_POINT('',#20130);
#6005=VERTEX_POINT('',#20134);
#6006=VERTEX_POINT('',#20138);
#6007=VERTEX_POINT('',#20145);
#6008=VERTEX_POINT('',#20148);
#6009=VERTEX_POINT('',#20152);
#6010=VERTEX_POINT('',#20155);
#6011=VERTEX_POINT('',#20159);
#6012=VERTEX_POINT('',#20162);
#6013=VERTEX_POINT('',#20166);
#6014=VERTEX_POINT('',#20169);
#6015=VERTEX_POINT('',#20173);
#6016=VERTEX_POINT('',#20176);
#6017=VERTEX_POINT('',#20180);
#6018=VERTEX_POINT('',#20182);
#6019=VERTEX_POINT('',#20186);
#6020=VERTEX_POINT('',#20190);
#6021=VERTEX_POINT('',#20194);
#6022=VERTEX_POINT('',#20198);
#6023=VERTEX_POINT('',#20205);
#6024=VERTEX_POINT('',#20207);
#6025=VERTEX_POINT('',#20211);
#6026=VERTEX_POINT('',#20215);
#6027=VERTEX_POINT('',#20219);
#6028=VERTEX_POINT('',#20223);
#6029=VERTEX_POINT('',#20230);
#6030=VERTEX_POINT('',#20232);
#6031=VERTEX_POINT('',#20236);
#6032=VERTEX_POINT('',#20240);
#6033=VERTEX_POINT('',#20244);
#6034=VERTEX_POINT('',#20248);
#6035=VERTEX_POINT('',#20255);
#6036=VERTEX_POINT('',#20257);
#6037=VERTEX_POINT('',#20261);
#6038=VERTEX_POINT('',#20265);
#6039=VERTEX_POINT('',#20269);
#6040=VERTEX_POINT('',#20273);
#6041=VERTEX_POINT('',#20280);
#6042=VERTEX_POINT('',#20282);
#6043=VERTEX_POINT('',#20286);
#6044=VERTEX_POINT('',#20290);
#6045=VERTEX_POINT('',#20294);
#6046=VERTEX_POINT('',#20298);
#6047=VERTEX_POINT('',#20305);
#6048=VERTEX_POINT('',#20306);
#6049=VERTEX_POINT('',#20311);
#6050=VERTEX_POINT('',#20315);
#6051=VERTEX_POINT('',#20319);
#6052=VERTEX_POINT('',#20323);
#6053=VERTEX_POINT('',#20327);
#6054=VERTEX_POINT('',#20331);
#6055=VERTEX_POINT('',#20335);
#6056=VERTEX_POINT('',#20339);
#6057=VERTEX_POINT('',#20343);
#6058=VERTEX_POINT('',#20347);
#6059=VERTEX_POINT('',#20351);
#6060=VERTEX_POINT('',#20355);
#6061=VERTEX_POINT('',#20359);
#6062=VERTEX_POINT('',#20363);
#6063=VERTEX_POINT('',#20367);
#6064=VERTEX_POINT('',#20371);
#6065=VERTEX_POINT('',#20375);
#6066=VERTEX_POINT('',#20381);
#6067=VERTEX_POINT('',#20382);
#6068=VERTEX_POINT('',#20384);
#6069=VERTEX_POINT('',#20386);
#6070=VERTEX_POINT('',#20388);
#6071=VERTEX_POINT('',#20390);
#6072=VERTEX_POINT('',#20392);
#6073=VERTEX_POINT('',#20394);
#6074=VERTEX_POINT('',#20396);
#6075=VERTEX_POINT('',#20398);
#6076=VERTEX_POINT('',#20400);
#6077=VERTEX_POINT('',#20402);
#6078=VERTEX_POINT('',#20404);
#6079=VERTEX_POINT('',#20406);
#6080=VERTEX_POINT('',#20408);
#6081=VERTEX_POINT('',#20410);
#6082=VERTEX_POINT('',#20412);
#6083=VERTEX_POINT('',#20414);
#6084=VERTEX_POINT('',#20416);
#6085=VERTEX_POINT('',#20458);
#6086=VERTEX_POINT('',#20459);
#6087=VERTEX_POINT('',#20464);
#6088=VERTEX_POINT('',#20468);
#6089=VERTEX_POINT('',#20472);
#6090=VERTEX_POINT('',#20476);
#6091=VERTEX_POINT('',#20480);
#6092=VERTEX_POINT('',#20484);
#6093=VERTEX_POINT('',#20488);
#6094=VERTEX_POINT('',#20492);
#6095=VERTEX_POINT('',#20496);
#6096=VERTEX_POINT('',#20500);
#6097=VERTEX_POINT('',#20504);
#6098=VERTEX_POINT('',#20508);
#6099=VERTEX_POINT('',#20512);
#6100=VERTEX_POINT('',#20516);
#6101=VERTEX_POINT('',#20520);
#6102=VERTEX_POINT('',#20524);
#6103=VERTEX_POINT('',#20528);
#6104=VERTEX_POINT('',#20534);
#6105=VERTEX_POINT('',#20535);
#6106=VERTEX_POINT('',#20540);
#6107=VERTEX_POINT('',#20544);
#6108=VERTEX_POINT('',#20548);
#6109=VERTEX_POINT('',#20552);
#6110=VERTEX_POINT('',#20556);
#6111=VERTEX_POINT('',#20560);
#6112=VERTEX_POINT('',#20564);
#6113=VERTEX_POINT('',#20568);
#6114=VERTEX_POINT('',#20572);
#6115=VERTEX_POINT('',#20576);
#6116=VERTEX_POINT('',#20580);
#6117=VERTEX_POINT('',#20584);
#6118=VERTEX_POINT('',#20588);
#6119=VERTEX_POINT('',#20592);
#6120=VERTEX_POINT('',#20596);
#6121=VERTEX_POINT('',#20600);
#6122=VERTEX_POINT('',#20604);
#6123=VERTEX_POINT('',#20610);
#6124=VERTEX_POINT('',#20611);
#6125=VERTEX_POINT('',#20616);
#6126=VERTEX_POINT('',#20620);
#6127=VERTEX_POINT('',#20624);
#6128=VERTEX_POINT('',#20628);
#6129=VERTEX_POINT('',#20632);
#6130=VERTEX_POINT('',#20636);
#6131=VERTEX_POINT('',#20640);
#6132=VERTEX_POINT('',#20644);
#6133=VERTEX_POINT('',#20648);
#6134=VERTEX_POINT('',#20652);
#6135=VERTEX_POINT('',#20656);
#6136=VERTEX_POINT('',#20660);
#6137=VERTEX_POINT('',#20664);
#6138=VERTEX_POINT('',#20668);
#6139=VERTEX_POINT('',#20672);
#6140=VERTEX_POINT('',#20676);
#6141=VERTEX_POINT('',#20680);
#6142=VERTEX_POINT('',#20686);
#6143=VERTEX_POINT('',#20687);
#6144=VERTEX_POINT('',#20692);
#6145=VERTEX_POINT('',#20696);
#6146=VERTEX_POINT('',#20700);
#6147=VERTEX_POINT('',#20704);
#6148=VERTEX_POINT('',#20708);
#6149=VERTEX_POINT('',#20712);
#6150=VERTEX_POINT('',#20716);
#6151=VERTEX_POINT('',#20720);
#6152=VERTEX_POINT('',#20724);
#6153=VERTEX_POINT('',#20728);
#6154=VERTEX_POINT('',#20732);
#6155=VERTEX_POINT('',#20736);
#6156=VERTEX_POINT('',#20740);
#6157=VERTEX_POINT('',#20744);
#6158=VERTEX_POINT('',#20748);
#6159=VERTEX_POINT('',#20752);
#6160=VERTEX_POINT('',#20756);
#6161=VERTEX_POINT('',#20762);
#6162=VERTEX_POINT('',#20763);
#6163=VERTEX_POINT('',#20765);
#6164=VERTEX_POINT('',#20767);
#6165=VERTEX_POINT('',#20769);
#6166=VERTEX_POINT('',#20771);
#6167=VERTEX_POINT('',#20773);
#6168=VERTEX_POINT('',#20775);
#6169=VERTEX_POINT('',#20777);
#6170=VERTEX_POINT('',#20779);
#6171=VERTEX_POINT('',#20781);
#6172=VERTEX_POINT('',#20783);
#6173=VERTEX_POINT('',#20785);
#6174=VERTEX_POINT('',#20787);
#6175=VERTEX_POINT('',#20789);
#6176=VERTEX_POINT('',#20791);
#6177=VERTEX_POINT('',#20793);
#6178=VERTEX_POINT('',#20795);
#6179=VERTEX_POINT('',#20797);
#6180=VERTEX_POINT('',#20839);
#6181=VERTEX_POINT('',#20840);
#6182=VERTEX_POINT('',#20842);
#6183=VERTEX_POINT('',#20844);
#6184=VERTEX_POINT('',#20846);
#6185=VERTEX_POINT('',#20848);
#6186=VERTEX_POINT('',#20850);
#6187=VERTEX_POINT('',#20852);
#6188=VERTEX_POINT('',#20854);
#6189=VERTEX_POINT('',#20856);
#6190=VERTEX_POINT('',#20858);
#6191=VERTEX_POINT('',#20860);
#6192=VERTEX_POINT('',#20862);
#6193=VERTEX_POINT('',#20864);
#6194=VERTEX_POINT('',#20866);
#6195=VERTEX_POINT('',#20868);
#6196=VERTEX_POINT('',#20870);
#6197=VERTEX_POINT('',#20872);
#6198=VERTEX_POINT('',#20874);
#6199=VERTEX_POINT('',#20916);
#6200=VERTEX_POINT('',#20917);
#6201=VERTEX_POINT('',#20919);
#6202=VERTEX_POINT('',#20921);
#6203=VERTEX_POINT('',#20923);
#6204=VERTEX_POINT('',#20925);
#6205=VERTEX_POINT('',#20927);
#6206=VERTEX_POINT('',#20929);
#6207=VERTEX_POINT('',#20931);
#6208=VERTEX_POINT('',#20933);
#6209=VERTEX_POINT('',#20935);
#6210=VERTEX_POINT('',#20937);
#6211=VERTEX_POINT('',#20939);
#6212=VERTEX_POINT('',#20941);
#6213=VERTEX_POINT('',#20943);
#6214=VERTEX_POINT('',#20945);
#6215=VERTEX_POINT('',#20947);
#6216=VERTEX_POINT('',#20949);
#6217=VERTEX_POINT('',#20951);
#6218=VERTEX_POINT('',#20993);
#6219=VERTEX_POINT('',#20994);
#6220=VERTEX_POINT('',#20996);
#6221=VERTEX_POINT('',#20998);
#6222=VERTEX_POINT('',#21000);
#6223=VERTEX_POINT('',#21002);
#6224=VERTEX_POINT('',#21004);
#6225=VERTEX_POINT('',#21006);
#6226=VERTEX_POINT('',#21008);
#6227=VERTEX_POINT('',#21010);
#6228=VERTEX_POINT('',#21012);
#6229=VERTEX_POINT('',#21014);
#6230=VERTEX_POINT('',#21016);
#6231=VERTEX_POINT('',#21018);
#6232=VERTEX_POINT('',#21020);
#6233=VERTEX_POINT('',#21022);
#6234=VERTEX_POINT('',#21024);
#6235=VERTEX_POINT('',#21026);
#6236=VERTEX_POINT('',#21028);
#6237=VERTEX_POINT('',#21070);
#6238=VERTEX_POINT('',#21074);
#6239=VERTEX_POINT('',#21080);
#6240=VERTEX_POINT('',#21087);
#6241=VERTEX_POINT('',#21091);
#6242=VERTEX_POINT('',#21097);
#6243=VERTEX_POINT('',#21104);
#6244=VERTEX_POINT('',#21108);
#6245=VERTEX_POINT('',#21114);
#6246=VERTEX_POINT('',#21121);
#6247=VERTEX_POINT('',#21125);
#6248=VERTEX_POINT('',#21131);
#6249=VERTEX_POINT('',#21138);
#6250=VERTEX_POINT('',#21142);
#6251=VERTEX_POINT('',#21148);
#6252=VERTEX_POINT('',#21172);
#6253=VERTEX_POINT('',#21174);
#6254=VERTEX_POINT('',#21197);
#6255=VERTEX_POINT('',#21199);
#6256=VERTEX_POINT('',#21222);
#6257=VERTEX_POINT('',#21224);
#6258=VERTEX_POINT('',#21247);
#6259=VERTEX_POINT('',#21249);
#6260=VERTEX_POINT('',#21272);
#6261=VERTEX_POINT('',#21274);
#6262=VERTEX_POINT('',#21355);
#6263=VERTEX_POINT('',#21357);
#6264=VERTEX_POINT('',#21361);
#6265=VERTEX_POINT('',#21365);
#6266=VERTEX_POINT('',#21369);
#6267=VERTEX_POINT('',#21373);
#6268=VERTEX_POINT('',#21379);
#6269=VERTEX_POINT('',#21383);
#6270=VERTEX_POINT('',#21387);
#6271=VERTEX_POINT('',#21391);
#6272=VERTEX_POINT('',#21395);
#6273=VERTEX_POINT('',#21399);
#6274=VERTEX_POINT('',#21403);
#6275=VERTEX_POINT('',#21407);
#6276=VERTEX_POINT('',#21414);
#6277=VERTEX_POINT('',#21416);
#6278=VERTEX_POINT('',#21420);
#6279=VERTEX_POINT('',#21424);
#6280=VERTEX_POINT('',#21428);
#6281=VERTEX_POINT('',#21432);
#6282=LINE('',#18224,#7278);
#6283=LINE('',#18229,#7279);
#6284=LINE('',#18233,#7280);
#6285=LINE('',#18256,#7281);
#6286=LINE('',#18266,#7282);
#6287=LINE('',#18268,#7283);
#6288=LINE('',#18270,#7284);
#6289=LINE('',#18272,#7285);
#6290=LINE('',#18274,#7286);
#6291=LINE('',#18276,#7287);
#6292=LINE('',#18283,#7288);
#6293=LINE('',#18285,#7289);
#6294=LINE('',#18287,#7290);
#6295=LINE('',#18295,#7291);
#6296=LINE('',#18299,#7292);
#6297=LINE('',#18322,#7293);
#6298=LINE('',#18332,#7294);
#6299=LINE('',#18334,#7295);
#6300=LINE('',#18336,#7296);
#6301=LINE('',#18338,#7297);
#6302=LINE('',#18340,#7298);
#6303=LINE('',#18342,#7299);
#6304=LINE('',#18349,#7300);
#6305=LINE('',#18351,#7301);
#6306=LINE('',#18353,#7302);
#6307=LINE('',#18361,#7303);
#6308=LINE('',#18365,#7304);
#6309=LINE('',#18388,#7305);
#6310=LINE('',#18398,#7306);
#6311=LINE('',#18400,#7307);
#6312=LINE('',#18402,#7308);
#6313=LINE('',#18404,#7309);
#6314=LINE('',#18406,#7310);
#6315=LINE('',#18408,#7311);
#6316=LINE('',#18415,#7312);
#6317=LINE('',#18417,#7313);
#6318=LINE('',#18419,#7314);
#6319=LINE('',#18427,#7315);
#6320=LINE('',#18431,#7316);
#6321=LINE('',#18454,#7317);
#6322=LINE('',#18464,#7318);
#6323=LINE('',#18466,#7319);
#6324=LINE('',#18468,#7320);
#6325=LINE('',#18470,#7321);
#6326=LINE('',#18472,#7322);
#6327=LINE('',#18474,#7323);
#6328=LINE('',#18481,#7324);
#6329=LINE('',#18483,#7325);
#6330=LINE('',#18485,#7326);
#6331=LINE('',#18493,#7327);
#6332=LINE('',#18497,#7328);
#6333=LINE('',#18500,#7329);
#6334=LINE('',#18504,#7330);
#6335=LINE('',#18507,#7331);
#6336=LINE('',#18511,#7332);
#6337=LINE('',#18514,#7333);
#6338=LINE('',#18518,#7334);
#6339=LINE('',#18521,#7335);
#6340=LINE('',#18525,#7336);
#6341=LINE('',#18548,#7337);
#6342=LINE('',#18558,#7338);
#6343=LINE('',#18560,#7339);
#6344=LINE('',#18562,#7340);
#6345=LINE('',#18564,#7341);
#6346=LINE('',#18566,#7342);
#6347=LINE('',#18568,#7343);
#6348=LINE('',#18575,#7344);
#6349=LINE('',#18577,#7345);
#6350=LINE('',#18579,#7346);
#6351=LINE('',#18587,#7347);
#6352=LINE('',#18591,#7348);
#6353=LINE('',#18594,#7349);
#6354=LINE('',#18598,#7350);
#6355=LINE('',#18604,#7351);
#6356=LINE('',#18606,#7352);
#6357=LINE('',#18610,#7353);
#6358=LINE('',#18614,#7354);
#6359=LINE('',#18616,#7355);
#6360=LINE('',#18620,#7356);
#6361=LINE('',#18622,#7357);
#6362=LINE('',#18626,#7358);
#6363=LINE('',#18632,#7359);
#6364=LINE('',#18634,#7360);
#6365=LINE('',#18638,#7361);
#6366=LINE('',#18642,#7362);
#6367=LINE('',#18644,#7363);
#6368=LINE('',#18648,#7364);
#6369=LINE('',#18650,#7365);
#6370=LINE('',#18654,#7366);
#6371=LINE('',#18660,#7367);
#6372=LINE('',#18662,#7368);
#6373=LINE('',#18666,#7369);
#6374=LINE('',#18670,#7370);
#6375=LINE('',#18672,#7371);
#6376=LINE('',#18676,#7372);
#6377=LINE('',#18678,#7373);
#6378=LINE('',#18682,#7374);
#6379=LINE('',#18688,#7375);
#6380=LINE('',#18690,#7376);
#6381=LINE('',#18694,#7377);
#6382=LINE('',#18698,#7378);
#6383=LINE('',#18700,#7379);
#6384=LINE('',#18704,#7380);
#6385=LINE('',#18706,#7381);
#6386=LINE('',#18710,#7382);
#6387=LINE('',#18716,#7383);
#6388=LINE('',#18718,#7384);
#6389=LINE('',#18722,#7385);
#6390=LINE('',#18726,#7386);
#6391=LINE('',#18728,#7387);
#6392=LINE('',#18732,#7388);
#6393=LINE('',#18734,#7389);
#6394=LINE('',#18741,#7390);
#6395=LINE('',#18745,#7391);
#6396=LINE('',#18750,#7392);
#6397=LINE('',#18754,#7393);
#6398=LINE('',#18759,#7394);
#6399=LINE('',#18763,#7395);
#6400=LINE('',#18768,#7396);
#6401=LINE('',#18772,#7397);
#6402=LINE('',#18777,#7398);
#6403=LINE('',#18781,#7399);
#6404=LINE('',#18793,#7400);
#6405=LINE('',#18796,#7401);
#6406=LINE('',#18798,#7402);
#6407=LINE('',#18802,#7403);
#6408=LINE('',#18805,#7404);
#6409=LINE('',#18808,#7405);
#6410=LINE('',#18810,#7406);
#6411=LINE('',#18814,#7407);
#6412=LINE('',#18817,#7408);
#6413=LINE('',#18820,#7409);
#6414=LINE('',#18822,#7410);
#6415=LINE('',#18826,#7411);
#6416=LINE('',#18829,#7412);
#6417=LINE('',#18832,#7413);
#6418=LINE('',#18834,#7414);
#6419=LINE('',#18838,#7415);
#6420=LINE('',#18841,#7416);
#6421=LINE('',#18844,#7417);
#6422=LINE('',#18846,#7418);
#6423=LINE('',#18850,#7419);
#6424=LINE('',#18853,#7420);
#6425=LINE('',#18857,#7421);
#6426=LINE('',#18859,#7422);
#6427=LINE('',#18860,#7423);
#6428=LINE('',#18864,#7424);
#6429=LINE('',#18866,#7425);
#6430=LINE('',#18868,#7426);
#6431=LINE('',#18870,#7427);
#6432=LINE('',#18872,#7428);
#6433=LINE('',#18874,#7429);
#6434=LINE('',#18875,#7430);
#6435=LINE('',#18879,#7431);
#6436=LINE('',#18881,#7432);
#6437=LINE('',#18882,#7433);
#6438=LINE('',#18886,#7434);
#6439=LINE('',#18888,#7435);
#6440=LINE('',#18889,#7436);
#6441=LINE('',#18893,#7437);
#6442=LINE('',#18895,#7438);
#6443=LINE('',#18897,#7439);
#6444=LINE('',#18899,#7440);
#6445=LINE('',#18901,#7441);
#6446=LINE('',#18903,#7442);
#6447=LINE('',#18904,#7443);
#6448=LINE('',#18906,#7444);
#6449=LINE('',#18908,#7445);
#6450=LINE('',#18909,#7446);
#6451=LINE('',#18911,#7447);
#6452=LINE('',#18913,#7448);
#6453=LINE('',#18914,#7449);
#6454=LINE('',#18916,#7450);
#6455=LINE('',#18918,#7451);
#6456=LINE('',#18920,#7452);
#6457=LINE('',#18922,#7453);
#6458=LINE('',#18924,#7454);
#6459=LINE('',#18926,#7455);
#6460=LINE('',#18927,#7456);
#6461=LINE('',#18929,#7457);
#6462=LINE('',#18934,#7458);
#6463=LINE('',#18942,#7459);
#6464=LINE('',#18944,#7460);
#6465=LINE('',#18945,#7461);
#6466=LINE('',#18948,#7462);
#6467=LINE('',#18950,#7463);
#6468=LINE('',#18952,#7464);
#6469=LINE('',#18954,#7465);
#6470=LINE('',#18962,#7466);
#6471=LINE('',#18969,#7467);
#6472=LINE('',#18970,#7468);
#6473=LINE('',#18973,#7469);
#6474=LINE('',#18975,#7470);
#6475=LINE('',#18977,#7471);
#6476=LINE('',#18979,#7472);
#6477=LINE('',#18987,#7473);
#6478=LINE('',#18989,#7474);
#6479=LINE('',#18990,#7475);
#6480=LINE('',#18993,#7476);
#6481=LINE('',#18995,#7477);
#6482=LINE('',#18997,#7478);
#6483=LINE('',#18999,#7479);
#6484=LINE('',#19007,#7480);
#6485=LINE('',#19014,#7481);
#6486=LINE('',#19015,#7482);
#6487=LINE('',#19018,#7483);
#6488=LINE('',#19020,#7484);
#6489=LINE('',#19022,#7485);
#6490=LINE('',#19024,#7486);
#6491=LINE('',#19032,#7487);
#6492=LINE('',#19034,#7488);
#6493=LINE('',#19035,#7489);
#6494=LINE('',#19038,#7490);
#6495=LINE('',#19040,#7491);
#6496=LINE('',#19042,#7492);
#6497=LINE('',#19044,#7493);
#6498=LINE('',#19052,#7494);
#6499=LINE('',#19059,#7495);
#6500=LINE('',#19060,#7496);
#6501=LINE('',#19063,#7497);
#6502=LINE('',#19065,#7498);
#6503=LINE('',#19067,#7499);
#6504=LINE('',#19069,#7500);
#6505=LINE('',#19077,#7501);
#6506=LINE('',#19079,#7502);
#6507=LINE('',#19080,#7503);
#6508=LINE('',#19083,#7504);
#6509=LINE('',#19085,#7505);
#6510=LINE('',#19087,#7506);
#6511=LINE('',#19089,#7507);
#6512=LINE('',#19097,#7508);
#6513=LINE('',#19104,#7509);
#6514=LINE('',#19105,#7510);
#6515=LINE('',#19108,#7511);
#6516=LINE('',#19110,#7512);
#6517=LINE('',#19112,#7513);
#6518=LINE('',#19114,#7514);
#6519=LINE('',#19122,#7515);
#6520=LINE('',#19124,#7516);
#6521=LINE('',#19125,#7517);
#6522=LINE('',#19128,#7518);
#6523=LINE('',#19130,#7519);
#6524=LINE('',#19132,#7520);
#6525=LINE('',#19134,#7521);
#6526=LINE('',#19142,#7522);
#6527=LINE('',#19149,#7523);
#6528=LINE('',#19150,#7524);
#6529=LINE('',#19153,#7525);
#6530=LINE('',#19155,#7526);
#6531=LINE('',#19157,#7527);
#6532=LINE('',#19161,#7528);
#6533=LINE('',#19165,#7529);
#6534=LINE('',#19169,#7530);
#6535=LINE('',#19177,#7531);
#6536=LINE('',#19179,#7532);
#6537=LINE('',#19188,#7533);
#6538=LINE('',#19192,#7534);
#6539=LINE('',#19196,#7535);
#6540=LINE('',#19204,#7536);
#6541=LINE('',#19206,#7537);
#6542=LINE('',#19215,#7538);
#6543=LINE('',#19219,#7539);
#6544=LINE('',#19223,#7540);
#6545=LINE('',#19231,#7541);
#6546=LINE('',#19233,#7542);
#6547=LINE('',#19242,#7543);
#6548=LINE('',#19246,#7544);
#6549=LINE('',#19250,#7545);
#6550=LINE('',#19258,#7546);
#6551=LINE('',#19260,#7547);
#6552=LINE('',#19269,#7548);
#6553=LINE('',#19273,#7549);
#6554=LINE('',#19277,#7550);
#6555=LINE('',#19285,#7551);
#6556=LINE('',#19287,#7552);
#6557=LINE('',#19298,#7553);
#6558=LINE('',#19300,#7554);
#6559=LINE('',#19308,#7555);
#6560=LINE('',#19310,#7556);
#6561=LINE('',#19316,#7557);
#6562=LINE('',#19318,#7558);
#6563=LINE('',#19326,#7559);
#6564=LINE('',#19328,#7560);
#6565=LINE('',#19334,#7561);
#6566=LINE('',#19336,#7562);
#6567=LINE('',#19344,#7563);
#6568=LINE('',#19346,#7564);
#6569=LINE('',#19352,#7565);
#6570=LINE('',#19354,#7566);
#6571=LINE('',#19362,#7567);
#6572=LINE('',#19364,#7568);
#6573=LINE('',#19370,#7569);
#6574=LINE('',#19372,#7570);
#6575=LINE('',#19380,#7571);
#6576=LINE('',#19382,#7572);
#6577=LINE('',#19385,#7573);
#6578=LINE('',#19391,#7574);
#6579=LINE('',#19393,#7575);
#6580=LINE('',#19396,#7576);
#6581=LINE('',#19402,#7577);
#6582=LINE('',#19404,#7578);
#6583=LINE('',#19407,#7579);
#6584=LINE('',#19413,#7580);
#6585=LINE('',#19415,#7581);
#6586=LINE('',#19418,#7582);
#6587=LINE('',#19424,#7583);
#6588=LINE('',#19426,#7584);
#6589=LINE('',#19429,#7585);
#6590=LINE('',#19435,#7586);
#6591=LINE('',#19437,#7587);
#6592=LINE('',#19442,#7588);
#6593=LINE('',#19443,#7589);
#6594=LINE('',#19445,#7590);
#6595=LINE('',#19447,#7591);
#6596=LINE('',#19451,#7592);
#6597=LINE('',#19453,#7593);
#6598=LINE('',#19457,#7594);
#6599=LINE('',#19459,#7595);
#6600=LINE('',#19466,#7596);
#6601=LINE('',#19470,#7597);
#6602=LINE('',#19474,#7598);
#6603=LINE('',#19478,#7599);
#6604=LINE('',#19479,#7600);
#6605=LINE('',#19481,#7601);
#6606=LINE('',#19482,#7602);
#6607=LINE('',#19484,#7603);
#6608=LINE('',#19485,#7604);
#6609=LINE('',#19487,#7605);
#6610=LINE('',#19488,#7606);
#6611=LINE('',#19490,#7607);
#6612=LINE('',#19491,#7608);
#6613=LINE('',#19493,#7609);
#6614=LINE('',#19494,#7610);
#6615=LINE('',#19496,#7611);
#6616=LINE('',#19498,#7612);
#6617=LINE('',#19502,#7613);
#6618=LINE('',#19504,#7614);
#6619=LINE('',#19506,#7615);
#6620=LINE('',#19514,#7616);
#6621=LINE('',#19516,#7617);
#6622=LINE('',#19518,#7618);
#6623=LINE('',#19526,#7619);
#6624=LINE('',#19528,#7620);
#6625=LINE('',#19530,#7621);
#6626=LINE('',#19538,#7622);
#6627=LINE('',#19540,#7623);
#6628=LINE('',#19542,#7624);
#6629=LINE('',#19550,#7625);
#6630=LINE('',#19552,#7626);
#6631=LINE('',#19554,#7627);
#6632=LINE('',#19555,#7628);
#6633=LINE('',#19557,#7629);
#6634=LINE('',#19559,#7630);
#6635=LINE('',#19570,#7631);
#6636=LINE('',#19574,#7632);
#6637=LINE('',#19579,#7633);
#6638=LINE('',#19583,#7634);
#6639=LINE('',#19587,#7635);
#6640=LINE('',#19589,#7636);
#6641=LINE('',#19591,#7637);
#6642=LINE('',#19595,#7638);
#6643=LINE('',#19599,#7639);
#6644=LINE('',#19603,#7640);
#6645=LINE('',#19609,#7641);
#6646=LINE('',#19612,#7642);
#6647=LINE('',#19617,#7643);
#6648=LINE('',#19621,#7644);
#6649=LINE('',#19625,#7645);
#6650=LINE('',#19627,#7646);
#6651=LINE('',#19629,#7647);
#6652=LINE('',#19633,#7648);
#6653=LINE('',#19637,#7649);
#6654=LINE('',#19641,#7650);
#6655=LINE('',#19647,#7651);
#6656=LINE('',#19650,#7652);
#6657=LINE('',#19655,#7653);
#6658=LINE('',#19659,#7654);
#6659=LINE('',#19663,#7655);
#6660=LINE('',#19665,#7656);
#6661=LINE('',#19667,#7657);
#6662=LINE('',#19671,#7658);
#6663=LINE('',#19675,#7659);
#6664=LINE('',#19679,#7660);
#6665=LINE('',#19685,#7661);
#6666=LINE('',#19688,#7662);
#6667=LINE('',#19693,#7663);
#6668=LINE('',#19697,#7664);
#6669=LINE('',#19701,#7665);
#6670=LINE('',#19703,#7666);
#6671=LINE('',#19705,#7667);
#6672=LINE('',#19709,#7668);
#6673=LINE('',#19713,#7669);
#6674=LINE('',#19717,#7670);
#6675=LINE('',#19723,#7671);
#6676=LINE('',#19726,#7672);
#6677=LINE('',#19731,#7673);
#6678=LINE('',#19735,#7674);
#6679=LINE('',#19739,#7675);
#6680=LINE('',#19741,#7676);
#6681=LINE('',#19743,#7677);
#6682=LINE('',#19747,#7678);
#6683=LINE('',#19751,#7679);
#6684=LINE('',#19755,#7680);
#6685=LINE('',#19761,#7681);
#6686=LINE('',#19764,#7682);
#6687=LINE('',#19766,#7683);
#6688=LINE('',#19768,#7684);
#6689=LINE('',#19776,#7685);
#6690=LINE('',#19780,#7686);
#6691=LINE('',#19781,#7687);
#6692=LINE('',#19785,#7688);
#6693=LINE('',#19789,#7689);
#6694=LINE('',#19790,#7690);
#6695=LINE('',#19795,#7691);
#6696=LINE('',#19799,#7692);
#6697=LINE('',#19811,#7693);
#6698=LINE('',#19813,#7694);
#6699=LINE('',#19823,#7695);
#6700=LINE('',#19826,#7696);
#6701=LINE('',#19828,#7697);
#6702=LINE('',#19830,#7698);
#6703=LINE('',#19840,#7699);
#6704=LINE('',#19842,#7700);
#6705=LINE('',#19852,#7701);
#6706=LINE('',#19855,#7702);
#6707=LINE('',#19857,#7703);
#6708=LINE('',#19859,#7704);
#6709=LINE('',#19869,#7705);
#6710=LINE('',#19871,#7706);
#6711=LINE('',#19881,#7707);
#6712=LINE('',#19884,#7708);
#6713=LINE('',#19886,#7709);
#6714=LINE('',#19888,#7710);
#6715=LINE('',#19898,#7711);
#6716=LINE('',#19900,#7712);
#6717=LINE('',#19910,#7713);
#6718=LINE('',#19913,#7714);
#6719=LINE('',#19915,#7715);
#6720=LINE('',#19917,#7716);
#6721=LINE('',#19927,#7717);
#6722=LINE('',#19929,#7718);
#6723=LINE('',#19939,#7719);
#6724=LINE('',#19942,#7720);
#6725=LINE('',#19944,#7721);
#6726=LINE('',#19946,#7722);
#6727=LINE('',#19974,#7723);
#6728=LINE('',#19976,#7724);
#6729=LINE('',#19978,#7725);
#6730=LINE('',#19980,#7726);
#6731=LINE('',#19982,#7727);
#6732=LINE('',#19984,#7728);
#6733=LINE('',#19986,#7729);
#6734=LINE('',#19988,#7730);
#6735=LINE('',#19991,#7731);
#6736=LINE('',#19993,#7732);
#6737=LINE('',#19995,#7733);
#6738=LINE('',#19997,#7734);
#6739=LINE('',#19999,#7735);
#6740=LINE('',#20001,#7736);
#6741=LINE('',#20003,#7737);
#6742=LINE('',#20005,#7738);
#6743=LINE('',#20008,#7739);
#6744=LINE('',#20010,#7740);
#6745=LINE('',#20012,#7741);
#6746=LINE('',#20014,#7742);
#6747=LINE('',#20016,#7743);
#6748=LINE('',#20018,#7744);
#6749=LINE('',#20020,#7745);
#6750=LINE('',#20022,#7746);
#6751=LINE('',#20025,#7747);
#6752=LINE('',#20027,#7748);
#6753=LINE('',#20029,#7749);
#6754=LINE('',#20031,#7750);
#6755=LINE('',#20033,#7751);
#6756=LINE('',#20035,#7752);
#6757=LINE('',#20037,#7753);
#6758=LINE('',#20039,#7754);
#6759=LINE('',#20042,#7755);
#6760=LINE('',#20044,#7756);
#6761=LINE('',#20046,#7757);
#6762=LINE('',#20048,#7758);
#6763=LINE('',#20050,#7759);
#6764=LINE('',#20052,#7760);
#6765=LINE('',#20054,#7761);
#6766=LINE('',#20056,#7762);
#6767=LINE('',#20059,#7763);
#6768=LINE('',#20061,#7764);
#6769=LINE('',#20063,#7765);
#6770=LINE('',#20065,#7766);
#6771=LINE('',#20067,#7767);
#6772=LINE('',#20069,#7768);
#6773=LINE('',#20071,#7769);
#6774=LINE('',#20073,#7770);
#6775=LINE('',#20076,#7771);
#6776=LINE('',#20078,#7772);
#6777=LINE('',#20080,#7773);
#6778=LINE('',#20082,#7774);
#6779=LINE('',#20084,#7775);
#6780=LINE('',#20086,#7776);
#6781=LINE('',#20088,#7777);
#6782=LINE('',#20090,#7778);
#6783=LINE('',#20093,#7779);
#6784=LINE('',#20095,#7780);
#6785=LINE('',#20097,#7781);
#6786=LINE('',#20099,#7782);
#6787=LINE('',#20101,#7783);
#6788=LINE('',#20103,#7784);
#6789=LINE('',#20105,#7785);
#6790=LINE('',#20107,#7786);
#6791=LINE('',#20110,#7787);
#6792=LINE('',#20112,#7788);
#6793=LINE('',#20114,#7789);
#6794=LINE('',#20116,#7790);
#6795=LINE('',#20118,#7791);
#6796=LINE('',#20120,#7792);
#6797=LINE('',#20122,#7793);
#6798=LINE('',#20124,#7794);
#6799=LINE('',#20127,#7795);
#6800=LINE('',#20129,#7796);
#6801=LINE('',#20131,#7797);
#6802=LINE('',#20133,#7798);
#6803=LINE('',#20135,#7799);
#6804=LINE('',#20137,#7800);
#6805=LINE('',#20139,#7801);
#6806=LINE('',#20141,#7802);
#6807=LINE('',#20179,#7803);
#6808=LINE('',#20181,#7804);
#6809=LINE('',#20183,#7805);
#6810=LINE('',#20185,#7806);
#6811=LINE('',#20187,#7807);
#6812=LINE('',#20189,#7808);
#6813=LINE('',#20191,#7809);
#6814=LINE('',#20195,#7810);
#6815=LINE('',#20197,#7811);
#6816=LINE('',#20199,#7812);
#6817=LINE('',#20204,#7813);
#6818=LINE('',#20206,#7814);
#6819=LINE('',#20208,#7815);
#6820=LINE('',#20210,#7816);
#6821=LINE('',#20212,#7817);
#6822=LINE('',#20214,#7818);
#6823=LINE('',#20216,#7819);
#6824=LINE('',#20220,#7820);
#6825=LINE('',#20222,#7821);
#6826=LINE('',#20224,#7822);
#6827=LINE('',#20229,#7823);
#6828=LINE('',#20231,#7824);
#6829=LINE('',#20233,#7825);
#6830=LINE('',#20235,#7826);
#6831=LINE('',#20237,#7827);
#6832=LINE('',#20239,#7828);
#6833=LINE('',#20241,#7829);
#6834=LINE('',#20245,#7830);
#6835=LINE('',#20247,#7831);
#6836=LINE('',#20249,#7832);
#6837=LINE('',#20254,#7833);
#6838=LINE('',#20256,#7834);
#6839=LINE('',#20258,#7835);
#6840=LINE('',#20260,#7836);
#6841=LINE('',#20262,#7837);
#6842=LINE('',#20264,#7838);
#6843=LINE('',#20266,#7839);
#6844=LINE('',#20270,#7840);
#6845=LINE('',#20272,#7841);
#6846=LINE('',#20274,#7842);
#6847=LINE('',#20279,#7843);
#6848=LINE('',#20281,#7844);
#6849=LINE('',#20283,#7845);
#6850=LINE('',#20285,#7846);
#6851=LINE('',#20287,#7847);
#6852=LINE('',#20289,#7848);
#6853=LINE('',#20291,#7849);
#6854=LINE('',#20295,#7850);
#6855=LINE('',#20297,#7851);
#6856=LINE('',#20299,#7852);
#6857=LINE('',#20304,#7853);
#6858=LINE('',#20307,#7854);
#6859=LINE('',#20308,#7855);
#6860=LINE('',#20312,#7856);
#6861=LINE('',#20314,#7857);
#6862=LINE('',#20316,#7858);
#6863=LINE('',#20320,#7859);
#6864=LINE('',#20324,#7860);
#6865=LINE('',#20326,#7861);
#6866=LINE('',#20328,#7862);
#6867=LINE('',#20332,#7863);
#6868=LINE('',#20334,#7864);
#6869=LINE('',#20336,#7865);
#6870=LINE('',#20340,#7866);
#6871=LINE('',#20342,#7867);
#6872=LINE('',#20344,#7868);
#6873=LINE('',#20348,#7869);
#6874=LINE('',#20350,#7870);
#6875=LINE('',#20352,#7871);
#6876=LINE('',#20354,#7872);
#6877=LINE('',#20356,#7873);
#6878=LINE('',#20358,#7874);
#6879=LINE('',#20360,#7875);
#6880=LINE('',#20364,#7876);
#6881=LINE('',#20366,#7877);
#6882=LINE('',#20368,#7878);
#6883=LINE('',#20372,#7879);
#6884=LINE('',#20374,#7880);
#6885=LINE('',#20376,#7881);
#6886=LINE('',#20380,#7882);
#6887=LINE('',#20385,#7883);
#6888=LINE('',#20391,#7884);
#6889=LINE('',#20395,#7885);
#6890=LINE('',#20399,#7886);
#6891=LINE('',#20403,#7887);
#6892=LINE('',#20405,#7888);
#6893=LINE('',#20407,#7889);
#6894=LINE('',#20411,#7890);
#6895=LINE('',#20415,#7891);
#6896=LINE('',#20419,#7892);
#6897=LINE('',#20420,#7893);
#6898=LINE('',#20422,#7894);
#6899=LINE('',#20424,#7895);
#6900=LINE('',#20426,#7896);
#6901=LINE('',#20428,#7897);
#6902=LINE('',#20430,#7898);
#6903=LINE('',#20432,#7899);
#6904=LINE('',#20434,#7900);
#6905=LINE('',#20436,#7901);
#6906=LINE('',#20438,#7902);
#6907=LINE('',#20440,#7903);
#6908=LINE('',#20442,#7904);
#6909=LINE('',#20444,#7905);
#6910=LINE('',#20446,#7906);
#6911=LINE('',#20448,#7907);
#6912=LINE('',#20450,#7908);
#6913=LINE('',#20452,#7909);
#6914=LINE('',#20454,#7910);
#6915=LINE('',#20457,#7911);
#6916=LINE('',#20460,#7912);
#6917=LINE('',#20461,#7913);
#6918=LINE('',#20465,#7914);
#6919=LINE('',#20467,#7915);
#6920=LINE('',#20469,#7916);
#6921=LINE('',#20473,#7917);
#6922=LINE('',#20477,#7918);
#6923=LINE('',#20479,#7919);
#6924=LINE('',#20481,#7920);
#6925=LINE('',#20485,#7921);
#6926=LINE('',#20487,#7922);
#6927=LINE('',#20489,#7923);
#6928=LINE('',#20493,#7924);
#6929=LINE('',#20495,#7925);
#6930=LINE('',#20497,#7926);
#6931=LINE('',#20501,#7927);
#6932=LINE('',#20503,#7928);
#6933=LINE('',#20505,#7929);
#6934=LINE('',#20507,#7930);
#6935=LINE('',#20509,#7931);
#6936=LINE('',#20511,#7932);
#6937=LINE('',#20513,#7933);
#6938=LINE('',#20517,#7934);
#6939=LINE('',#20519,#7935);
#6940=LINE('',#20521,#7936);
#6941=LINE('',#20525,#7937);
#6942=LINE('',#20527,#7938);
#6943=LINE('',#20529,#7939);
#6944=LINE('',#20533,#7940);
#6945=LINE('',#20536,#7941);
#6946=LINE('',#20537,#7942);
#6947=LINE('',#20541,#7943);
#6948=LINE('',#20543,#7944);
#6949=LINE('',#20545,#7945);
#6950=LINE('',#20549,#7946);
#6951=LINE('',#20553,#7947);
#6952=LINE('',#20555,#7948);
#6953=LINE('',#20557,#7949);
#6954=LINE('',#20561,#7950);
#6955=LINE('',#20563,#7951);
#6956=LINE('',#20565,#7952);
#6957=LINE('',#20569,#7953);
#6958=LINE('',#20571,#7954);
#6959=LINE('',#20573,#7955);
#6960=LINE('',#20577,#7956);
#6961=LINE('',#20579,#7957);
#6962=LINE('',#20581,#7958);
#6963=LINE('',#20583,#7959);
#6964=LINE('',#20585,#7960);
#6965=LINE('',#20587,#7961);
#6966=LINE('',#20589,#7962);
#6967=LINE('',#20593,#7963);
#6968=LINE('',#20595,#7964);
#6969=LINE('',#20597,#7965);
#6970=LINE('',#20601,#7966);
#6971=LINE('',#20603,#7967);
#6972=LINE('',#20605,#7968);
#6973=LINE('',#20609,#7969);
#6974=LINE('',#20612,#7970);
#6975=LINE('',#20613,#7971);
#6976=LINE('',#20617,#7972);
#6977=LINE('',#20619,#7973);
#6978=LINE('',#20621,#7974);
#6979=LINE('',#20625,#7975);
#6980=LINE('',#20629,#7976);
#6981=LINE('',#20631,#7977);
#6982=LINE('',#20633,#7978);
#6983=LINE('',#20637,#7979);
#6984=LINE('',#20639,#7980);
#6985=LINE('',#20641,#7981);
#6986=LINE('',#20645,#7982);
#6987=LINE('',#20647,#7983);
#6988=LINE('',#20649,#7984);
#6989=LINE('',#20653,#7985);
#6990=LINE('',#20655,#7986);
#6991=LINE('',#20657,#7987);
#6992=LINE('',#20659,#7988);
#6993=LINE('',#20661,#7989);
#6994=LINE('',#20663,#7990);
#6995=LINE('',#20665,#7991);
#6996=LINE('',#20669,#7992);
#6997=LINE('',#20671,#7993);
#6998=LINE('',#20673,#7994);
#6999=LINE('',#20677,#7995);
#7000=LINE('',#20679,#7996);
#7001=LINE('',#20681,#7997);
#7002=LINE('',#20685,#7998);
#7003=LINE('',#20688,#7999);
#7004=LINE('',#20689,#8000);
#7005=LINE('',#20693,#8001);
#7006=LINE('',#20695,#8002);
#7007=LINE('',#20697,#8003);
#7008=LINE('',#20701,#8004);
#7009=LINE('',#20705,#8005);
#7010=LINE('',#20707,#8006);
#7011=LINE('',#20709,#8007);
#7012=LINE('',#20713,#8008);
#7013=LINE('',#20715,#8009);
#7014=LINE('',#20717,#8010);
#7015=LINE('',#20721,#8011);
#7016=LINE('',#20723,#8012);
#7017=LINE('',#20725,#8013);
#7018=LINE('',#20729,#8014);
#7019=LINE('',#20731,#8015);
#7020=LINE('',#20733,#8016);
#7021=LINE('',#20735,#8017);
#7022=LINE('',#20737,#8018);
#7023=LINE('',#20739,#8019);
#7024=LINE('',#20741,#8020);
#7025=LINE('',#20745,#8021);
#7026=LINE('',#20747,#8022);
#7027=LINE('',#20749,#8023);
#7028=LINE('',#20753,#8024);
#7029=LINE('',#20755,#8025);
#7030=LINE('',#20757,#8026);
#7031=LINE('',#20761,#8027);
#7032=LINE('',#20766,#8028);
#7033=LINE('',#20772,#8029);
#7034=LINE('',#20776,#8030);
#7035=LINE('',#20780,#8031);
#7036=LINE('',#20784,#8032);
#7037=LINE('',#20786,#8033);
#7038=LINE('',#20788,#8034);
#7039=LINE('',#20792,#8035);
#7040=LINE('',#20796,#8036);
#7041=LINE('',#20800,#8037);
#7042=LINE('',#20801,#8038);
#7043=LINE('',#20803,#8039);
#7044=LINE('',#20805,#8040);
#7045=LINE('',#20807,#8041);
#7046=LINE('',#20809,#8042);
#7047=LINE('',#20811,#8043);
#7048=LINE('',#20813,#8044);
#7049=LINE('',#20815,#8045);
#7050=LINE('',#20817,#8046);
#7051=LINE('',#20819,#8047);
#7052=LINE('',#20821,#8048);
#7053=LINE('',#20823,#8049);
#7054=LINE('',#20825,#8050);
#7055=LINE('',#20827,#8051);
#7056=LINE('',#20829,#8052);
#7057=LINE('',#20831,#8053);
#7058=LINE('',#20833,#8054);
#7059=LINE('',#20835,#8055);
#7060=LINE('',#20838,#8056);
#7061=LINE('',#20843,#8057);
#7062=LINE('',#20849,#8058);
#7063=LINE('',#20853,#8059);
#7064=LINE('',#20857,#8060);
#7065=LINE('',#20861,#8061);
#7066=LINE('',#20863,#8062);
#7067=LINE('',#20865,#8063);
#7068=LINE('',#20869,#8064);
#7069=LINE('',#20873,#8065);
#7070=LINE('',#20877,#8066);
#7071=LINE('',#20878,#8067);
#7072=LINE('',#20880,#8068);
#7073=LINE('',#20882,#8069);
#7074=LINE('',#20884,#8070);
#7075=LINE('',#20886,#8071);
#7076=LINE('',#20888,#8072);
#7077=LINE('',#20890,#8073);
#7078=LINE('',#20892,#8074);
#7079=LINE('',#20894,#8075);
#7080=LINE('',#20896,#8076);
#7081=LINE('',#20898,#8077);
#7082=LINE('',#20900,#8078);
#7083=LINE('',#20902,#8079);
#7084=LINE('',#20904,#8080);
#7085=LINE('',#20906,#8081);
#7086=LINE('',#20908,#8082);
#7087=LINE('',#20910,#8083);
#7088=LINE('',#20912,#8084);
#7089=LINE('',#20915,#8085);
#7090=LINE('',#20920,#8086);
#7091=LINE('',#20926,#8087);
#7092=LINE('',#20930,#8088);
#7093=LINE('',#20934,#8089);
#7094=LINE('',#20938,#8090);
#7095=LINE('',#20940,#8091);
#7096=LINE('',#20942,#8092);
#7097=LINE('',#20946,#8093);
#7098=LINE('',#20950,#8094);
#7099=LINE('',#20954,#8095);
#7100=LINE('',#20955,#8096);
#7101=LINE('',#20957,#8097);
#7102=LINE('',#20959,#8098);
#7103=LINE('',#20961,#8099);
#7104=LINE('',#20963,#8100);
#7105=LINE('',#20965,#8101);
#7106=LINE('',#20967,#8102);
#7107=LINE('',#20969,#8103);
#7108=LINE('',#20971,#8104);
#7109=LINE('',#20973,#8105);
#7110=LINE('',#20975,#8106);
#7111=LINE('',#20977,#8107);
#7112=LINE('',#20979,#8108);
#7113=LINE('',#20981,#8109);
#7114=LINE('',#20983,#8110);
#7115=LINE('',#20985,#8111);
#7116=LINE('',#20987,#8112);
#7117=LINE('',#20989,#8113);
#7118=LINE('',#20992,#8114);
#7119=LINE('',#20997,#8115);
#7120=LINE('',#21003,#8116);
#7121=LINE('',#21007,#8117);
#7122=LINE('',#21011,#8118);
#7123=LINE('',#21015,#8119);
#7124=LINE('',#21017,#8120);
#7125=LINE('',#21019,#8121);
#7126=LINE('',#21023,#8122);
#7127=LINE('',#21027,#8123);
#7128=LINE('',#21031,#8124);
#7129=LINE('',#21032,#8125);
#7130=LINE('',#21034,#8126);
#7131=LINE('',#21036,#8127);
#7132=LINE('',#21038,#8128);
#7133=LINE('',#21040,#8129);
#7134=LINE('',#21042,#8130);
#7135=LINE('',#21044,#8131);
#7136=LINE('',#21046,#8132);
#7137=LINE('',#21048,#8133);
#7138=LINE('',#21050,#8134);
#7139=LINE('',#21052,#8135);
#7140=LINE('',#21054,#8136);
#7141=LINE('',#21056,#8137);
#7142=LINE('',#21058,#8138);
#7143=LINE('',#21060,#8139);
#7144=LINE('',#21062,#8140);
#7145=LINE('',#21064,#8141);
#7146=LINE('',#21066,#8142);
#7147=LINE('',#21069,#8143);
#7148=LINE('',#21071,#8144);
#7149=LINE('',#21073,#8145);
#7150=LINE('',#21075,#8146);
#7151=LINE('',#21077,#8147);
#7152=LINE('',#21078,#8148);
#7153=LINE('',#21079,#8149);
#7154=LINE('',#21083,#8150);
#7155=LINE('',#21086,#8151);
#7156=LINE('',#21088,#8152);
#7157=LINE('',#21090,#8153);
#7158=LINE('',#21092,#8154);
#7159=LINE('',#21094,#8155);
#7160=LINE('',#21095,#8156);
#7161=LINE('',#21096,#8157);
#7162=LINE('',#21100,#8158);
#7163=LINE('',#21103,#8159);
#7164=LINE('',#21105,#8160);
#7165=LINE('',#21107,#8161);
#7166=LINE('',#21109,#8162);
#7167=LINE('',#21111,#8163);
#7168=LINE('',#21112,#8164);
#7169=LINE('',#21113,#8165);
#7170=LINE('',#21117,#8166);
#7171=LINE('',#21120,#8167);
#7172=LINE('',#21122,#8168);
#7173=LINE('',#21124,#8169);
#7174=LINE('',#21126,#8170);
#7175=LINE('',#21128,#8171);
#7176=LINE('',#21129,#8172);
#7177=LINE('',#21130,#8173);
#7178=LINE('',#21134,#8174);
#7179=LINE('',#21137,#8175);
#7180=LINE('',#21139,#8176);
#7181=LINE('',#21141,#8177);
#7182=LINE('',#21143,#8178);
#7183=LINE('',#21145,#8179);
#7184=LINE('',#21146,#8180);
#7185=LINE('',#21147,#8181);
#7186=LINE('',#21151,#8182);
#7187=LINE('',#21154,#8183);
#7188=LINE('',#21156,#8184);
#7189=LINE('',#21168,#8185);
#7190=LINE('',#21170,#8186);
#7191=LINE('',#21171,#8187);
#7192=LINE('',#21173,#8188);
#7193=LINE('',#21175,#8189);
#7194=LINE('',#21179,#8190);
#7195=LINE('',#21181,#8191);
#7196=LINE('',#21193,#8192);
#7197=LINE('',#21195,#8193);
#7198=LINE('',#21196,#8194);
#7199=LINE('',#21198,#8195);
#7200=LINE('',#21200,#8196);
#7201=LINE('',#21204,#8197);
#7202=LINE('',#21206,#8198);
#7203=LINE('',#21218,#8199);
#7204=LINE('',#21220,#8200);
#7205=LINE('',#21221,#8201);
#7206=LINE('',#21223,#8202);
#7207=LINE('',#21225,#8203);
#7208=LINE('',#21229,#8204);
#7209=LINE('',#21231,#8205);
#7210=LINE('',#21243,#8206);
#7211=LINE('',#21245,#8207);
#7212=LINE('',#21246,#8208);
#7213=LINE('',#21248,#8209);
#7214=LINE('',#21250,#8210);
#7215=LINE('',#21254,#8211);
#7216=LINE('',#21256,#8212);
#7217=LINE('',#21268,#8213);
#7218=LINE('',#21270,#8214);
#7219=LINE('',#21271,#8215);
#7220=LINE('',#21273,#8216);
#7221=LINE('',#21275,#8217);
#7222=LINE('',#21282,#8218);
#7223=LINE('',#21287,#8219);
#7224=LINE('',#21292,#8220);
#7225=LINE('',#21297,#8221);
#7226=LINE('',#21302,#8222);
#7227=LINE('',#21304,#8223);
#7228=LINE('',#21306,#8224);
#7229=LINE('',#21309,#8225);
#7230=LINE('',#21311,#8226);
#7231=LINE('',#21314,#8227);
#7232=LINE('',#21316,#8228);
#7233=LINE('',#21319,#8229);
#7234=LINE('',#21321,#8230);
#7235=LINE('',#21324,#8231);
#7236=LINE('',#21326,#8232);
#7237=LINE('',#21329,#8233);
#7238=LINE('',#21331,#8234);
#7239=LINE('',#21334,#8235);
#7240=LINE('',#21336,#8236);
#7241=LINE('',#21339,#8237);
#7242=LINE('',#21341,#8238);
#7243=LINE('',#21344,#8239);
#7244=LINE('',#21346,#8240);
#7245=LINE('',#21349,#8241);
#7246=LINE('',#21351,#8242);
#7247=LINE('',#21354,#8243);
#7248=LINE('',#21356,#8244);
#7249=LINE('',#21358,#8245);
#7250=LINE('',#21360,#8246);
#7251=LINE('',#21364,#8247);
#7252=LINE('',#21366,#8248);
#7253=LINE('',#21368,#8249);
#7254=LINE('',#21372,#8250);
#7255=LINE('',#21374,#8251);
#7256=LINE('',#21378,#8252);
#7257=LINE('',#21380,#8253);
#7258=LINE('',#21382,#8254);
#7259=LINE('',#21386,#8255);
#7260=LINE('',#21388,#8256);
#7261=LINE('',#21390,#8257);
#7262=LINE('',#21394,#8258);
#7263=LINE('',#21396,#8259);
#7264=LINE('',#21398,#8260);
#7265=LINE('',#21402,#8261);
#7266=LINE('',#21404,#8262);
#7267=LINE('',#21406,#8263);
#7268=LINE('',#21410,#8264);
#7269=LINE('',#21413,#8265);
#7270=LINE('',#21415,#8266);
#7271=LINE('',#21417,#8267);
#7272=LINE('',#21419,#8268);
#7273=LINE('',#21423,#8269);
#7274=LINE('',#21425,#8270);
#7275=LINE('',#21427,#8271);
#7276=LINE('',#21431,#8272);
#7277=LINE('',#21433,#8273);
#7278=VECTOR('',#15248,1000.);
#7279=VECTOR('',#15251,1000.);
#7280=VECTOR('',#15256,1000.);
#7281=VECTOR('',#15259,1000.);
#7282=VECTOR('',#15268,1000.);
#7283=VECTOR('',#15269,1000.);
#7284=VECTOR('',#15270,1000.);
#7285=VECTOR('',#15271,1000.);
#7286=VECTOR('',#15272,1000.);
#7287=VECTOR('',#15273,1000.);
#7288=VECTOR('',#15280,1000.);
#7289=VECTOR('',#15281,1000.);
#7290=VECTOR('',#15282,1000.);
#7291=VECTOR('',#15289,1000.);
#7292=VECTOR('',#15294,1000.);
#7293=VECTOR('',#15297,1000.);
#7294=VECTOR('',#15306,1000.);
#7295=VECTOR('',#15307,1000.);
#7296=VECTOR('',#15308,1000.);
#7297=VECTOR('',#15309,1000.);
#7298=VECTOR('',#15310,1000.);
#7299=VECTOR('',#15311,1000.);
#7300=VECTOR('',#15318,1000.);
#7301=VECTOR('',#15319,1000.);
#7302=VECTOR('',#15320,1000.);
#7303=VECTOR('',#15327,1000.);
#7304=VECTOR('',#15332,1000.);
#7305=VECTOR('',#15335,1000.);
#7306=VECTOR('',#15344,1000.);
#7307=VECTOR('',#15345,1000.);
#7308=VECTOR('',#15346,1000.);
#7309=VECTOR('',#15347,1000.);
#7310=VECTOR('',#15348,1000.);
#7311=VECTOR('',#15349,1000.);
#7312=VECTOR('',#15356,1000.);
#7313=VECTOR('',#15357,1000.);
#7314=VECTOR('',#15358,1000.);
#7315=VECTOR('',#15365,1000.);
#7316=VECTOR('',#15370,1000.);
#7317=VECTOR('',#15373,1000.);
#7318=VECTOR('',#15382,1000.);
#7319=VECTOR('',#15383,1000.);
#7320=VECTOR('',#15384,1000.);
#7321=VECTOR('',#15385,1000.);
#7322=VECTOR('',#15386,1000.);
#7323=VECTOR('',#15387,1000.);
#7324=VECTOR('',#15394,1000.);
#7325=VECTOR('',#15395,1000.);
#7326=VECTOR('',#15396,1000.);
#7327=VECTOR('',#15403,1000.);
#7328=VECTOR('',#15408,1000.);
#7329=VECTOR('',#15411,1000.);
#7330=VECTOR('',#15416,1000.);
#7331=VECTOR('',#15419,1000.);
#7332=VECTOR('',#15424,1000.);
#7333=VECTOR('',#15427,1000.);
#7334=VECTOR('',#15432,1000.);
#7335=VECTOR('',#15435,1000.);
#7336=VECTOR('',#15440,1000.);
#7337=VECTOR('',#15443,1000.);
#7338=VECTOR('',#15452,1000.);
#7339=VECTOR('',#15453,1000.);
#7340=VECTOR('',#15454,1000.);
#7341=VECTOR('',#15455,1000.);
#7342=VECTOR('',#15456,1000.);
#7343=VECTOR('',#15457,1000.);
#7344=VECTOR('',#15464,1000.);
#7345=VECTOR('',#15465,1000.);
#7346=VECTOR('',#15466,1000.);
#7347=VECTOR('',#15473,1000.);
#7348=VECTOR('',#15478,1000.);
#7349=VECTOR('',#15481,1000.);
#7350=VECTOR('',#15486,1000.);
#7351=VECTOR('',#15491,1000.);
#7352=VECTOR('',#15492,1000.);
#7353=VECTOR('',#15495,1000.);
#7354=VECTOR('',#15500,1000.);
#7355=VECTOR('',#15501,1000.);
#7356=VECTOR('',#15504,1000.);
#7357=VECTOR('',#15505,1000.);
#7358=VECTOR('',#15510,1000.);
#7359=VECTOR('',#15515,1000.);
#7360=VECTOR('',#15516,1000.);
#7361=VECTOR('',#15519,1000.);
#7362=VECTOR('',#15524,1000.);
#7363=VECTOR('',#15525,1000.);
#7364=VECTOR('',#15528,1000.);
#7365=VECTOR('',#15529,1000.);
#7366=VECTOR('',#15534,1000.);
#7367=VECTOR('',#15539,1000.);
#7368=VECTOR('',#15540,1000.);
#7369=VECTOR('',#15543,1000.);
#7370=VECTOR('',#15548,1000.);
#7371=VECTOR('',#15549,1000.);
#7372=VECTOR('',#15552,1000.);
#7373=VECTOR('',#15553,1000.);
#7374=VECTOR('',#15558,1000.);
#7375=VECTOR('',#15563,1000.);
#7376=VECTOR('',#15564,1000.);
#7377=VECTOR('',#15567,1000.);
#7378=VECTOR('',#15572,1000.);
#7379=VECTOR('',#15573,1000.);
#7380=VECTOR('',#15576,1000.);
#7381=VECTOR('',#15577,1000.);
#7382=VECTOR('',#15582,1000.);
#7383=VECTOR('',#15587,1000.);
#7384=VECTOR('',#15588,1000.);
#7385=VECTOR('',#15591,1000.);
#7386=VECTOR('',#15596,1000.);
#7387=VECTOR('',#15597,1000.);
#7388=VECTOR('',#15600,1000.);
#7389=VECTOR('',#15601,1000.);
#7390=VECTOR('',#15608,1000.);
#7391=VECTOR('',#15611,1000.);
#7392=VECTOR('',#15616,1000.);
#7393=VECTOR('',#15619,1000.);
#7394=VECTOR('',#15624,1000.);
#7395=VECTOR('',#15627,1000.);
#7396=VECTOR('',#15632,1000.);
#7397=VECTOR('',#15635,1000.);
#7398=VECTOR('',#15640,1000.);
#7399=VECTOR('',#15643,1000.);
#7400=VECTOR('',#15656,1000.);
#7401=VECTOR('',#15657,1000.);
#7402=VECTOR('',#15658,1000.);
#7403=VECTOR('',#15661,1000.);
#7404=VECTOR('',#15664,1000.);
#7405=VECTOR('',#15665,1000.);
#7406=VECTOR('',#15666,1000.);
#7407=VECTOR('',#15669,1000.);
#7408=VECTOR('',#15672,1000.);
#7409=VECTOR('',#15673,1000.);
#7410=VECTOR('',#15674,1000.);
#7411=VECTOR('',#15677,1000.);
#7412=VECTOR('',#15680,1000.);
#7413=VECTOR('',#15681,1000.);
#7414=VECTOR('',#15682,1000.);
#7415=VECTOR('',#15685,1000.);
#7416=VECTOR('',#15688,1000.);
#7417=VECTOR('',#15689,1000.);
#7418=VECTOR('',#15690,1000.);
#7419=VECTOR('',#15693,1000.);
#7420=VECTOR('',#15696,1000.);
#7421=VECTOR('',#15699,1000.);
#7422=VECTOR('',#15700,1000.);
#7423=VECTOR('',#15701,1000.);
#7424=VECTOR('',#15704,1000.);
#7425=VECTOR('',#15705,1000.);
#7426=VECTOR('',#15706,1000.);
#7427=VECTOR('',#15707,1000.);
#7428=VECTOR('',#15708,1000.);
#7429=VECTOR('',#15709,1000.);
#7430=VECTOR('',#15710,1000.);
#7431=VECTOR('',#15713,1000.);
#7432=VECTOR('',#15714,1000.);
#7433=VECTOR('',#15715,1000.);
#7434=VECTOR('',#15718,1000.);
#7435=VECTOR('',#15719,1000.);
#7436=VECTOR('',#15720,1000.);
#7437=VECTOR('',#15723,1000.);
#7438=VECTOR('',#15724,1000.);
#7439=VECTOR('',#15727,1000.);
#7440=VECTOR('',#15728,1000.);
#7441=VECTOR('',#15729,1000.);
#7442=VECTOR('',#15730,1000.);
#7443=VECTOR('',#15731,1000.);
#7444=VECTOR('',#15732,1000.);
#7445=VECTOR('',#15733,1000.);
#7446=VECTOR('',#15734,1000.);
#7447=VECTOR('',#15735,1000.);
#7448=VECTOR('',#15736,1000.);
#7449=VECTOR('',#15737,1000.);
#7450=VECTOR('',#15738,1000.);
#7451=VECTOR('',#15739,1000.);
#7452=VECTOR('',#15740,1000.);
#7453=VECTOR('',#15741,1000.);
#7454=VECTOR('',#15742,1000.);
#7455=VECTOR('',#15743,1000.);
#7456=VECTOR('',#15744,1000.);
#7457=VECTOR('',#15745,1000.);
#7458=VECTOR('',#15754,1000.);
#7459=VECTOR('',#15755,1000.);
#7460=VECTOR('',#15756,1000.);
#7461=VECTOR('',#15757,1000.);
#7462=VECTOR('',#15758,1000.);
#7463=VECTOR('',#15759,1000.);
#7464=VECTOR('',#15760,1000.);
#7465=VECTOR('',#15763,1000.);
#7466=VECTOR('',#15764,1000.);
#7467=VECTOR('',#15765,1000.);
#7468=VECTOR('',#15766,1000.);
#7469=VECTOR('',#15767,1000.);
#7470=VECTOR('',#15768,1000.);
#7471=VECTOR('',#15769,1000.);
#7472=VECTOR('',#15772,1000.);
#7473=VECTOR('',#15773,1000.);
#7474=VECTOR('',#15774,1000.);
#7475=VECTOR('',#15775,1000.);
#7476=VECTOR('',#15776,1000.);
#7477=VECTOR('',#15777,1000.);
#7478=VECTOR('',#15778,1000.);
#7479=VECTOR('',#15781,1000.);
#7480=VECTOR('',#15782,1000.);
#7481=VECTOR('',#15783,1000.);
#7482=VECTOR('',#15784,1000.);
#7483=VECTOR('',#15785,1000.);
#7484=VECTOR('',#15786,1000.);
#7485=VECTOR('',#15787,1000.);
#7486=VECTOR('',#15790,1000.);
#7487=VECTOR('',#15791,1000.);
#7488=VECTOR('',#15792,1000.);
#7489=VECTOR('',#15793,1000.);
#7490=VECTOR('',#15794,1000.);
#7491=VECTOR('',#15795,1000.);
#7492=VECTOR('',#15796,1000.);
#7493=VECTOR('',#15799,1000.);
#7494=VECTOR('',#15800,1000.);
#7495=VECTOR('',#15801,1000.);
#7496=VECTOR('',#15802,1000.);
#7497=VECTOR('',#15803,1000.);
#7498=VECTOR('',#15804,1000.);
#7499=VECTOR('',#15805,1000.);
#7500=VECTOR('',#15808,1000.);
#7501=VECTOR('',#15809,1000.);
#7502=VECTOR('',#15810,1000.);
#7503=VECTOR('',#15811,1000.);
#7504=VECTOR('',#15812,1000.);
#7505=VECTOR('',#15813,1000.);
#7506=VECTOR('',#15814,1000.);
#7507=VECTOR('',#15817,1000.);
#7508=VECTOR('',#15818,1000.);
#7509=VECTOR('',#15819,1000.);
#7510=VECTOR('',#15820,1000.);
#7511=VECTOR('',#15821,1000.);
#7512=VECTOR('',#15822,1000.);
#7513=VECTOR('',#15823,1000.);
#7514=VECTOR('',#15826,1000.);
#7515=VECTOR('',#15827,1000.);
#7516=VECTOR('',#15828,1000.);
#7517=VECTOR('',#15829,1000.);
#7518=VECTOR('',#15830,1000.);
#7519=VECTOR('',#15831,1000.);
#7520=VECTOR('',#15832,1000.);
#7521=VECTOR('',#15835,1000.);
#7522=VECTOR('',#15836,1000.);
#7523=VECTOR('',#15837,1000.);
#7524=VECTOR('',#15838,1000.);
#7525=VECTOR('',#15839,1000.);
#7526=VECTOR('',#15840,1000.);
#7527=VECTOR('',#15841,1000.);
#7528=VECTOR('',#15846,1000.);
#7529=VECTOR('',#15849,1000.);
#7530=VECTOR('',#15854,1000.);
#7531=VECTOR('',#15855,1000.);
#7532=VECTOR('',#15856,1000.);
#7533=VECTOR('',#15861,1000.);
#7534=VECTOR('',#15864,1000.);
#7535=VECTOR('',#15869,1000.);
#7536=VECTOR('',#15870,1000.);
#7537=VECTOR('',#15871,1000.);
#7538=VECTOR('',#15876,1000.);
#7539=VECTOR('',#15879,1000.);
#7540=VECTOR('',#15884,1000.);
#7541=VECTOR('',#15885,1000.);
#7542=VECTOR('',#15886,1000.);
#7543=VECTOR('',#15891,1000.);
#7544=VECTOR('',#15894,1000.);
#7545=VECTOR('',#15899,1000.);
#7546=VECTOR('',#15900,1000.);
#7547=VECTOR('',#15901,1000.);
#7548=VECTOR('',#15906,1000.);
#7549=VECTOR('',#15909,1000.);
#7550=VECTOR('',#15914,1000.);
#7551=VECTOR('',#15915,1000.);
#7552=VECTOR('',#15916,1000.);
#7553=VECTOR('',#15923,1000.);
#7554=VECTOR('',#15926,1000.);
#7555=VECTOR('',#15927,1000.);
#7556=VECTOR('',#15928,1000.);
#7557=VECTOR('',#15935,1000.);
#7558=VECTOR('',#15938,1000.);
#7559=VECTOR('',#15939,1000.);
#7560=VECTOR('',#15940,1000.);
#7561=VECTOR('',#15947,1000.);
#7562=VECTOR('',#15950,1000.);
#7563=VECTOR('',#15951,1000.);
#7564=VECTOR('',#15952,1000.);
#7565=VECTOR('',#15959,1000.);
#7566=VECTOR('',#15962,1000.);
#7567=VECTOR('',#15963,1000.);
#7568=VECTOR('',#15964,1000.);
#7569=VECTOR('',#15971,1000.);
#7570=VECTOR('',#15974,1000.);
#7571=VECTOR('',#15975,1000.);
#7572=VECTOR('',#15976,1000.);
#7573=VECTOR('',#15981,1000.);
#7574=VECTOR('',#15986,1000.);
#7575=VECTOR('',#15987,1000.);
#7576=VECTOR('',#15992,1000.);
#7577=VECTOR('',#15997,1000.);
#7578=VECTOR('',#15998,1000.);
#7579=VECTOR('',#16003,1000.);
#7580=VECTOR('',#16008,1000.);
#7581=VECTOR('',#16009,1000.);
#7582=VECTOR('',#16014,1000.);
#7583=VECTOR('',#16019,1000.);
#7584=VECTOR('',#16020,1000.);
#7585=VECTOR('',#16025,1000.);
#7586=VECTOR('',#16030,1000.);
#7587=VECTOR('',#16031,1000.);
#7588=VECTOR('',#16036,1000.);
#7589=VECTOR('',#16037,1000.);
#7590=VECTOR('',#16040,1000.);
#7591=VECTOR('',#16041,1000.);
#7592=VECTOR('',#16046,1000.);
#7593=VECTOR('',#16047,1000.);
#7594=VECTOR('',#16052,1000.);
#7595=VECTOR('',#16053,1000.);
#7596=VECTOR('',#16060,1000.);
#7597=VECTOR('',#16063,1000.);
#7598=VECTOR('',#16068,1000.);
#7599=VECTOR('',#16073,1000.);
#7600=VECTOR('',#16074,1000.);
#7601=VECTOR('',#16075,1000.);
#7602=VECTOR('',#16076,1000.);
#7603=VECTOR('',#16077,1000.);
#7604=VECTOR('',#16078,1000.);
#7605=VECTOR('',#16079,1000.);
#7606=VECTOR('',#16080,1000.);
#7607=VECTOR('',#16081,1000.);
#7608=VECTOR('',#16082,1000.);
#7609=VECTOR('',#16083,1000.);
#7610=VECTOR('',#16084,1000.);
#7611=VECTOR('',#16085,1000.);
#7612=VECTOR('',#16088,1000.);
#7613=VECTOR('',#16093,1000.);
#7614=VECTOR('',#16094,1000.);
#7615=VECTOR('',#16095,1000.);
#7616=VECTOR('',#16096,1000.);
#7617=VECTOR('',#16097,1000.);
#7618=VECTOR('',#16098,1000.);
#7619=VECTOR('',#16099,1000.);
#7620=VECTOR('',#16100,1000.);
#7621=VECTOR('',#16101,1000.);
#7622=VECTOR('',#16102,1000.);
#7623=VECTOR('',#16103,1000.);
#7624=VECTOR('',#16104,1000.);
#7625=VECTOR('',#16105,1000.);
#7626=VECTOR('',#16106,1000.);
#7627=VECTOR('',#16107,1000.);
#7628=VECTOR('',#16108,1000.);
#7629=VECTOR('',#16109,1000.);
#7630=VECTOR('',#16110,1000.);
#7631=VECTOR('',#16115,1000.);
#7632=VECTOR('',#16120,1000.);
#7633=VECTOR('',#16123,1000.);
#7634=VECTOR('',#16126,1000.);
#7635=VECTOR('',#16129,1000.);
#7636=VECTOR('',#16130,1000.);
#7637=VECTOR('',#16131,1000.);
#7638=VECTOR('',#16134,1000.);
#7639=VECTOR('',#16137,1000.);
#7640=VECTOR('',#16140,1000.);
#7641=VECTOR('',#16145,1000.);
#7642=VECTOR('',#16148,1000.);
#7643=VECTOR('',#16151,1000.);
#7644=VECTOR('',#16154,1000.);
#7645=VECTOR('',#16157,1000.);
#7646=VECTOR('',#16158,1000.);
#7647=VECTOR('',#16159,1000.);
#7648=VECTOR('',#16162,1000.);
#7649=VECTOR('',#16165,1000.);
#7650=VECTOR('',#16168,1000.);
#7651=VECTOR('',#16173,1000.);
#7652=VECTOR('',#16176,1000.);
#7653=VECTOR('',#16179,1000.);
#7654=VECTOR('',#16182,1000.);
#7655=VECTOR('',#16185,1000.);
#7656=VECTOR('',#16186,1000.);
#7657=VECTOR('',#16187,1000.);
#7658=VECTOR('',#16190,1000.);
#7659=VECTOR('',#16193,1000.);
#7660=VECTOR('',#16196,1000.);
#7661=VECTOR('',#16201,1000.);
#7662=VECTOR('',#16204,1000.);
#7663=VECTOR('',#16207,1000.);
#7664=VECTOR('',#16210,1000.);
#7665=VECTOR('',#16213,1000.);
#7666=VECTOR('',#16214,1000.);
#7667=VECTOR('',#16215,1000.);
#7668=VECTOR('',#16218,1000.);
#7669=VECTOR('',#16221,1000.);
#7670=VECTOR('',#16224,1000.);
#7671=VECTOR('',#16229,1000.);
#7672=VECTOR('',#16232,1000.);
#7673=VECTOR('',#16235,1000.);
#7674=VECTOR('',#16238,1000.);
#7675=VECTOR('',#16241,1000.);
#7676=VECTOR('',#16242,1000.);
#7677=VECTOR('',#16243,1000.);
#7678=VECTOR('',#16246,1000.);
#7679=VECTOR('',#16249,1000.);
#7680=VECTOR('',#16252,1000.);
#7681=VECTOR('',#16257,1000.);
#7682=VECTOR('',#16260,1000.);
#7683=VECTOR('',#16261,1000.);
#7684=VECTOR('',#16262,1000.);
#7685=VECTOR('',#16273,1000.);
#7686=VECTOR('',#16276,1000.);
#7687=VECTOR('',#16277,1000.);
#7688=VECTOR('',#16280,1000.);
#7689=VECTOR('',#16283,1000.);
#7690=VECTOR('',#16284,1000.);
#7691=VECTOR('',#16287,1000.);
#7692=VECTOR('',#16290,1000.);
#7693=VECTOR('',#16309,1000.);
#7694=VECTOR('',#16310,1000.);
#7695=VECTOR('',#16323,1000.);
#7696=VECTOR('',#16328,1000.);
#7697=VECTOR('',#16331,1000.);
#7698=VECTOR('',#16334,1000.);
#7699=VECTOR('',#16351,1000.);
#7700=VECTOR('',#16352,1000.);
#7701=VECTOR('',#16365,1000.);
#7702=VECTOR('',#16370,1000.);
#7703=VECTOR('',#16373,1000.);
#7704=VECTOR('',#16376,1000.);
#7705=VECTOR('',#16393,1000.);
#7706=VECTOR('',#16394,1000.);
#7707=VECTOR('',#16407,1000.);
#7708=VECTOR('',#16412,1000.);
#7709=VECTOR('',#16415,1000.);
#7710=VECTOR('',#16418,1000.);
#7711=VECTOR('',#16435,1000.);
#7712=VECTOR('',#16436,1000.);
#7713=VECTOR('',#16449,1000.);
#7714=VECTOR('',#16454,1000.);
#7715=VECTOR('',#16457,1000.);
#7716=VECTOR('',#16460,1000.);
#7717=VECTOR('',#16477,1000.);
#7718=VECTOR('',#16478,1000.);
#7719=VECTOR('',#16491,1000.);
#7720=VECTOR('',#16496,1000.);
#7721=VECTOR('',#16499,1000.);
#7722=VECTOR('',#16502,1000.);
#7723=VECTOR('',#16557,1000.);
#7724=VECTOR('',#16558,1000.);
#7725=VECTOR('',#16559,1000.);
#7726=VECTOR('',#16562,1000.);
#7727=VECTOR('',#16563,1000.);
#7728=VECTOR('',#16566,1000.);
#7729=VECTOR('',#16567,1000.);
#7730=VECTOR('',#16570,1000.);
#7731=VECTOR('',#16575,1000.);
#7732=VECTOR('',#16576,1000.);
#7733=VECTOR('',#16577,1000.);
#7734=VECTOR('',#16580,1000.);
#7735=VECTOR('',#16581,1000.);
#7736=VECTOR('',#16584,1000.);
#7737=VECTOR('',#16585,1000.);
#7738=VECTOR('',#16588,1000.);
#7739=VECTOR('',#16593,1000.);
#7740=VECTOR('',#16594,1000.);
#7741=VECTOR('',#16595,1000.);
#7742=VECTOR('',#16598,1000.);
#7743=VECTOR('',#16599,1000.);
#7744=VECTOR('',#16602,1000.);
#7745=VECTOR('',#16603,1000.);
#7746=VECTOR('',#16606,1000.);
#7747=VECTOR('',#16611,1000.);
#7748=VECTOR('',#16612,1000.);
#7749=VECTOR('',#16613,1000.);
#7750=VECTOR('',#16616,1000.);
#7751=VECTOR('',#16617,1000.);
#7752=VECTOR('',#16620,1000.);
#7753=VECTOR('',#16621,1000.);
#7754=VECTOR('',#16624,1000.);
#7755=VECTOR('',#16629,1000.);
#7756=VECTOR('',#16630,1000.);
#7757=VECTOR('',#16631,1000.);
#7758=VECTOR('',#16634,1000.);
#7759=VECTOR('',#16635,1000.);
#7760=VECTOR('',#16638,1000.);
#7761=VECTOR('',#16639,1000.);
#7762=VECTOR('',#16642,1000.);
#7763=VECTOR('',#16647,1000.);
#7764=VECTOR('',#16648,1000.);
#7765=VECTOR('',#16649,1000.);
#7766=VECTOR('',#16652,1000.);
#7767=VECTOR('',#16653,1000.);
#7768=VECTOR('',#16656,1000.);
#7769=VECTOR('',#16657,1000.);
#7770=VECTOR('',#16660,1000.);
#7771=VECTOR('',#16665,1000.);
#7772=VECTOR('',#16666,1000.);
#7773=VECTOR('',#16667,1000.);
#7774=VECTOR('',#16670,1000.);
#7775=VECTOR('',#16671,1000.);
#7776=VECTOR('',#16674,1000.);
#7777=VECTOR('',#16675,1000.);
#7778=VECTOR('',#16678,1000.);
#7779=VECTOR('',#16683,1000.);
#7780=VECTOR('',#16684,1000.);
#7781=VECTOR('',#16685,1000.);
#7782=VECTOR('',#16688,1000.);
#7783=VECTOR('',#16689,1000.);
#7784=VECTOR('',#16692,1000.);
#7785=VECTOR('',#16693,1000.);
#7786=VECTOR('',#16696,1000.);
#7787=VECTOR('',#16701,1000.);
#7788=VECTOR('',#16702,1000.);
#7789=VECTOR('',#16703,1000.);
#7790=VECTOR('',#16706,1000.);
#7791=VECTOR('',#16707,1000.);
#7792=VECTOR('',#16710,1000.);
#7793=VECTOR('',#16711,1000.);
#7794=VECTOR('',#16714,1000.);
#7795=VECTOR('',#16719,1000.);
#7796=VECTOR('',#16720,1000.);
#7797=VECTOR('',#16721,1000.);
#7798=VECTOR('',#16724,1000.);
#7799=VECTOR('',#16725,1000.);
#7800=VECTOR('',#16728,1000.);
#7801=VECTOR('',#16729,1000.);
#7802=VECTOR('',#16732,1000.);
#7803=VECTOR('',#16787,1000.);
#7804=VECTOR('',#16788,1000.);
#7805=VECTOR('',#16789,1000.);
#7806=VECTOR('',#16792,1000.);
#7807=VECTOR('',#16793,1000.);
#7808=VECTOR('',#16796,1000.);
#7809=VECTOR('',#16797,1000.);
#7810=VECTOR('',#16802,1000.);
#7811=VECTOR('',#16805,1000.);
#7812=VECTOR('',#16806,1000.);
#7813=VECTOR('',#16815,1000.);
#7814=VECTOR('',#16816,1000.);
#7815=VECTOR('',#16817,1000.);
#7816=VECTOR('',#16820,1000.);
#7817=VECTOR('',#16821,1000.);
#7818=VECTOR('',#16824,1000.);
#7819=VECTOR('',#16825,1000.);
#7820=VECTOR('',#16830,1000.);
#7821=VECTOR('',#16833,1000.);
#7822=VECTOR('',#16834,1000.);
#7823=VECTOR('',#16843,1000.);
#7824=VECTOR('',#16844,1000.);
#7825=VECTOR('',#16845,1000.);
#7826=VECTOR('',#16848,1000.);
#7827=VECTOR('',#16849,1000.);
#7828=VECTOR('',#16852,1000.);
#7829=VECTOR('',#16853,1000.);
#7830=VECTOR('',#16858,1000.);
#7831=VECTOR('',#16861,1000.);
#7832=VECTOR('',#16862,1000.);
#7833=VECTOR('',#16871,1000.);
#7834=VECTOR('',#16872,1000.);
#7835=VECTOR('',#16873,1000.);
#7836=VECTOR('',#16876,1000.);
#7837=VECTOR('',#16877,1000.);
#7838=VECTOR('',#16880,1000.);
#7839=VECTOR('',#16881,1000.);
#7840=VECTOR('',#16886,1000.);
#7841=VECTOR('',#16889,1000.);
#7842=VECTOR('',#16890,1000.);
#7843=VECTOR('',#16899,1000.);
#7844=VECTOR('',#16900,1000.);
#7845=VECTOR('',#16901,1000.);
#7846=VECTOR('',#16904,1000.);
#7847=VECTOR('',#16905,1000.);
#7848=VECTOR('',#16908,1000.);
#7849=VECTOR('',#16909,1000.);
#7850=VECTOR('',#16914,1000.);
#7851=VECTOR('',#16917,1000.);
#7852=VECTOR('',#16918,1000.);
#7853=VECTOR('',#16927,1000.);
#7854=VECTOR('',#16928,1000.);
#7855=VECTOR('',#16929,1000.);
#7856=VECTOR('',#16934,1000.);
#7857=VECTOR('',#16937,1000.);
#7858=VECTOR('',#16938,1000.);
#7859=VECTOR('',#16943,1000.);
#7860=VECTOR('',#16948,1000.);
#7861=VECTOR('',#16951,1000.);
#7862=VECTOR('',#16952,1000.);
#7863=VECTOR('',#16957,1000.);
#7864=VECTOR('',#16960,1000.);
#7865=VECTOR('',#16961,1000.);
#7866=VECTOR('',#16966,1000.);
#7867=VECTOR('',#16969,1000.);
#7868=VECTOR('',#16970,1000.);
#7869=VECTOR('',#16975,1000.);
#7870=VECTOR('',#16978,1000.);
#7871=VECTOR('',#16979,1000.);
#7872=VECTOR('',#16982,1000.);
#7873=VECTOR('',#16983,1000.);
#7874=VECTOR('',#16986,1000.);
#7875=VECTOR('',#16987,1000.);
#7876=VECTOR('',#16992,1000.);
#7877=VECTOR('',#16995,1000.);
#7878=VECTOR('',#16996,1000.);
#7879=VECTOR('',#17001,1000.);
#7880=VECTOR('',#17004,1000.);
#7881=VECTOR('',#17005,1000.);
#7882=VECTOR('',#17012,1000.);
#7883=VECTOR('',#17015,1000.);
#7884=VECTOR('',#17020,1000.);
#7885=VECTOR('',#17023,1000.);
#7886=VECTOR('',#17026,1000.);
#7887=VECTOR('',#17029,1000.);
#7888=VECTOR('',#17030,1000.);
#7889=VECTOR('',#17031,1000.);
#7890=VECTOR('',#17034,1000.);
#7891=VECTOR('',#17037,1000.);
#7892=VECTOR('',#17042,1000.);
#7893=VECTOR('',#17043,1000.);
#7894=VECTOR('',#17046,1000.);
#7895=VECTOR('',#17049,1000.);
#7896=VECTOR('',#17052,1000.);
#7897=VECTOR('',#17055,1000.);
#7898=VECTOR('',#17058,1000.);
#7899=VECTOR('',#17061,1000.);
#7900=VECTOR('',#17064,1000.);
#7901=VECTOR('',#17067,1000.);
#7902=VECTOR('',#17070,1000.);
#7903=VECTOR('',#17073,1000.);
#7904=VECTOR('',#17076,1000.);
#7905=VECTOR('',#17079,1000.);
#7906=VECTOR('',#17082,1000.);
#7907=VECTOR('',#17085,1000.);
#7908=VECTOR('',#17088,1000.);
#7909=VECTOR('',#17091,1000.);
#7910=VECTOR('',#17094,1000.);
#7911=VECTOR('',#17099,1000.);
#7912=VECTOR('',#17100,1000.);
#7913=VECTOR('',#17101,1000.);
#7914=VECTOR('',#17106,1000.);
#7915=VECTOR('',#17109,1000.);
#7916=VECTOR('',#17110,1000.);
#7917=VECTOR('',#17115,1000.);
#7918=VECTOR('',#17120,1000.);
#7919=VECTOR('',#17123,1000.);
#7920=VECTOR('',#17124,1000.);
#7921=VECTOR('',#17129,1000.);
#7922=VECTOR('',#17132,1000.);
#7923=VECTOR('',#17133,1000.);
#7924=VECTOR('',#17138,1000.);
#7925=VECTOR('',#17141,1000.);
#7926=VECTOR('',#17142,1000.);
#7927=VECTOR('',#17147,1000.);
#7928=VECTOR('',#17150,1000.);
#7929=VECTOR('',#17151,1000.);
#7930=VECTOR('',#17154,1000.);
#7931=VECTOR('',#17155,1000.);
#7932=VECTOR('',#17158,1000.);
#7933=VECTOR('',#17159,1000.);
#7934=VECTOR('',#17164,1000.);
#7935=VECTOR('',#17167,1000.);
#7936=VECTOR('',#17168,1000.);
#7937=VECTOR('',#17173,1000.);
#7938=VECTOR('',#17176,1000.);
#7939=VECTOR('',#17177,1000.);
#7940=VECTOR('',#17184,1000.);
#7941=VECTOR('',#17185,1000.);
#7942=VECTOR('',#17186,1000.);
#7943=VECTOR('',#17191,1000.);
#7944=VECTOR('',#17194,1000.);
#7945=VECTOR('',#17195,1000.);
#7946=VECTOR('',#17200,1000.);
#7947=VECTOR('',#17205,1000.);
#7948=VECTOR('',#17208,1000.);
#7949=VECTOR('',#17209,1000.);
#7950=VECTOR('',#17214,1000.);
#7951=VECTOR('',#17217,1000.);
#7952=VECTOR('',#17218,1000.);
#7953=VECTOR('',#17223,1000.);
#7954=VECTOR('',#17226,1000.);
#7955=VECTOR('',#17227,1000.);
#7956=VECTOR('',#17232,1000.);
#7957=VECTOR('',#17235,1000.);
#7958=VECTOR('',#17236,1000.);
#7959=VECTOR('',#17239,1000.);
#7960=VECTOR('',#17240,1000.);
#7961=VECTOR('',#17243,1000.);
#7962=VECTOR('',#17244,1000.);
#7963=VECTOR('',#17249,1000.);
#7964=VECTOR('',#17252,1000.);
#7965=VECTOR('',#17253,1000.);
#7966=VECTOR('',#17258,1000.);
#7967=VECTOR('',#17261,1000.);
#7968=VECTOR('',#17262,1000.);
#7969=VECTOR('',#17269,1000.);
#7970=VECTOR('',#17270,1000.);
#7971=VECTOR('',#17271,1000.);
#7972=VECTOR('',#17276,1000.);
#7973=VECTOR('',#17279,1000.);
#7974=VECTOR('',#17280,1000.);
#7975=VECTOR('',#17285,1000.);
#7976=VECTOR('',#17290,1000.);
#7977=VECTOR('',#17293,1000.);
#7978=VECTOR('',#17294,1000.);
#7979=VECTOR('',#17299,1000.);
#7980=VECTOR('',#17302,1000.);
#7981=VECTOR('',#17303,1000.);
#7982=VECTOR('',#17308,1000.);
#7983=VECTOR('',#17311,1000.);
#7984=VECTOR('',#17312,1000.);
#7985=VECTOR('',#17317,1000.);
#7986=VECTOR('',#17320,1000.);
#7987=VECTOR('',#17321,1000.);
#7988=VECTOR('',#17324,1000.);
#7989=VECTOR('',#17325,1000.);
#7990=VECTOR('',#17328,1000.);
#7991=VECTOR('',#17329,1000.);
#7992=VECTOR('',#17334,1000.);
#7993=VECTOR('',#17337,1000.);
#7994=VECTOR('',#17338,1000.);
#7995=VECTOR('',#17343,1000.);
#7996=VECTOR('',#17346,1000.);
#7997=VECTOR('',#17347,1000.);
#7998=VECTOR('',#17354,1000.);
#7999=VECTOR('',#17355,1000.);
#8000=VECTOR('',#17356,1000.);
#8001=VECTOR('',#17361,1000.);
#8002=VECTOR('',#17364,1000.);
#8003=VECTOR('',#17365,1000.);
#8004=VECTOR('',#17370,1000.);
#8005=VECTOR('',#17375,1000.);
#8006=VECTOR('',#17378,1000.);
#8007=VECTOR('',#17379,1000.);
#8008=VECTOR('',#17384,1000.);
#8009=VECTOR('',#17387,1000.);
#8010=VECTOR('',#17388,1000.);
#8011=VECTOR('',#17393,1000.);
#8012=VECTOR('',#17396,1000.);
#8013=VECTOR('',#17397,1000.);
#8014=VECTOR('',#17402,1000.);
#8015=VECTOR('',#17405,1000.);
#8016=VECTOR('',#17406,1000.);
#8017=VECTOR('',#17409,1000.);
#8018=VECTOR('',#17410,1000.);
#8019=VECTOR('',#17413,1000.);
#8020=VECTOR('',#17414,1000.);
#8021=VECTOR('',#17419,1000.);
#8022=VECTOR('',#17422,1000.);
#8023=VECTOR('',#17423,1000.);
#8024=VECTOR('',#17428,1000.);
#8025=VECTOR('',#17431,1000.);
#8026=VECTOR('',#17432,1000.);
#8027=VECTOR('',#17439,1000.);
#8028=VECTOR('',#17442,1000.);
#8029=VECTOR('',#17447,1000.);
#8030=VECTOR('',#17450,1000.);
#8031=VECTOR('',#17453,1000.);
#8032=VECTOR('',#17456,1000.);
#8033=VECTOR('',#17457,1000.);
#8034=VECTOR('',#17458,1000.);
#8035=VECTOR('',#17461,1000.);
#8036=VECTOR('',#17464,1000.);
#8037=VECTOR('',#17469,1000.);
#8038=VECTOR('',#17470,1000.);
#8039=VECTOR('',#17473,1000.);
#8040=VECTOR('',#17476,1000.);
#8041=VECTOR('',#17479,1000.);
#8042=VECTOR('',#17482,1000.);
#8043=VECTOR('',#17485,1000.);
#8044=VECTOR('',#17488,1000.);
#8045=VECTOR('',#17491,1000.);
#8046=VECTOR('',#17494,1000.);
#8047=VECTOR('',#17497,1000.);
#8048=VECTOR('',#17500,1000.);
#8049=VECTOR('',#17503,1000.);
#8050=VECTOR('',#17506,1000.);
#8051=VECTOR('',#17509,1000.);
#8052=VECTOR('',#17512,1000.);
#8053=VECTOR('',#17515,1000.);
#8054=VECTOR('',#17518,1000.);
#8055=VECTOR('',#17521,1000.);
#8056=VECTOR('',#17526,1000.);
#8057=VECTOR('',#17529,1000.);
#8058=VECTOR('',#17534,1000.);
#8059=VECTOR('',#17537,1000.);
#8060=VECTOR('',#17540,1000.);
#8061=VECTOR('',#17543,1000.);
#8062=VECTOR('',#17544,1000.);
#8063=VECTOR('',#17545,1000.);
#8064=VECTOR('',#17548,1000.);
#8065=VECTOR('',#17551,1000.);
#8066=VECTOR('',#17556,1000.);
#8067=VECTOR('',#17557,1000.);
#8068=VECTOR('',#17560,1000.);
#8069=VECTOR('',#17563,1000.);
#8070=VECTOR('',#17566,1000.);
#8071=VECTOR('',#17569,1000.);
#8072=VECTOR('',#17572,1000.);
#8073=VECTOR('',#17575,1000.);
#8074=VECTOR('',#17578,1000.);
#8075=VECTOR('',#17581,1000.);
#8076=VECTOR('',#17584,1000.);
#8077=VECTOR('',#17587,1000.);
#8078=VECTOR('',#17590,1000.);
#8079=VECTOR('',#17593,1000.);
#8080=VECTOR('',#17596,1000.);
#8081=VECTOR('',#17599,1000.);
#8082=VECTOR('',#17602,1000.);
#8083=VECTOR('',#17605,1000.);
#8084=VECTOR('',#17608,1000.);
#8085=VECTOR('',#17613,1000.);
#8086=VECTOR('',#17616,1000.);
#8087=VECTOR('',#17621,1000.);
#8088=VECTOR('',#17624,1000.);
#8089=VECTOR('',#17627,1000.);
#8090=VECTOR('',#17630,1000.);
#8091=VECTOR('',#17631,1000.);
#8092=VECTOR('',#17632,1000.);
#8093=VECTOR('',#17635,1000.);
#8094=VECTOR('',#17638,1000.);
#8095=VECTOR('',#17643,1000.);
#8096=VECTOR('',#17644,1000.);
#8097=VECTOR('',#17647,1000.);
#8098=VECTOR('',#17650,1000.);
#8099=VECTOR('',#17653,1000.);
#8100=VECTOR('',#17656,1000.);
#8101=VECTOR('',#17659,1000.);
#8102=VECTOR('',#17662,1000.);
#8103=VECTOR('',#17665,1000.);
#8104=VECTOR('',#17668,1000.);
#8105=VECTOR('',#17671,1000.);
#8106=VECTOR('',#17674,1000.);
#8107=VECTOR('',#17677,1000.);
#8108=VECTOR('',#17680,1000.);
#8109=VECTOR('',#17683,1000.);
#8110=VECTOR('',#17686,1000.);
#8111=VECTOR('',#17689,1000.);
#8112=VECTOR('',#17692,1000.);
#8113=VECTOR('',#17695,1000.);
#8114=VECTOR('',#17700,1000.);
#8115=VECTOR('',#17703,1000.);
#8116=VECTOR('',#17708,1000.);
#8117=VECTOR('',#17711,1000.);
#8118=VECTOR('',#17714,1000.);
#8119=VECTOR('',#17717,1000.);
#8120=VECTOR('',#17718,1000.);
#8121=VECTOR('',#17719,1000.);
#8122=VECTOR('',#17722,1000.);
#8123=VECTOR('',#17725,1000.);
#8124=VECTOR('',#17730,1000.);
#8125=VECTOR('',#17731,1000.);
#8126=VECTOR('',#17734,1000.);
#8127=VECTOR('',#17737,1000.);
#8128=VECTOR('',#17740,1000.);
#8129=VECTOR('',#17743,1000.);
#8130=VECTOR('',#17746,1000.);
#8131=VECTOR('',#17749,1000.);
#8132=VECTOR('',#17752,1000.);
#8133=VECTOR('',#17755,1000.);
#8134=VECTOR('',#17758,1000.);
#8135=VECTOR('',#17761,1000.);
#8136=VECTOR('',#17764,1000.);
#8137=VECTOR('',#17767,1000.);
#8138=VECTOR('',#17770,1000.);
#8139=VECTOR('',#17773,1000.);
#8140=VECTOR('',#17776,1000.);
#8141=VECTOR('',#17779,1000.);
#8142=VECTOR('',#17782,1000.);
#8143=VECTOR('',#17787,1000.);
#8144=VECTOR('',#17788,1000.);
#8145=VECTOR('',#17791,1000.);
#8146=VECTOR('',#17792,1000.);
#8147=VECTOR('',#17795,1000.);
#8148=VECTOR('',#17796,1000.);
#8149=VECTOR('',#17797,1000.);
#8150=VECTOR('',#17802,1000.);
#8151=VECTOR('',#17807,1000.);
#8152=VECTOR('',#17808,1000.);
#8153=VECTOR('',#17811,1000.);
#8154=VECTOR('',#17812,1000.);
#8155=VECTOR('',#17815,1000.);
#8156=VECTOR('',#17816,1000.);
#8157=VECTOR('',#17817,1000.);
#8158=VECTOR('',#17822,1000.);
#8159=VECTOR('',#17827,1000.);
#8160=VECTOR('',#17828,1000.);
#8161=VECTOR('',#17831,1000.);
#8162=VECTOR('',#17832,1000.);
#8163=VECTOR('',#17835,1000.);
#8164=VECTOR('',#17836,1000.);
#8165=VECTOR('',#17837,1000.);
#8166=VECTOR('',#17842,1000.);
#8167=VECTOR('',#17847,1000.);
#8168=VECTOR('',#17848,1000.);
#8169=VECTOR('',#17851,1000.);
#8170=VECTOR('',#17852,1000.);
#8171=VECTOR('',#17855,1000.);
#8172=VECTOR('',#17856,1000.);
#8173=VECTOR('',#17857,1000.);
#8174=VECTOR('',#17862,1000.);
#8175=VECTOR('',#17867,1000.);
#8176=VECTOR('',#17868,1000.);
#8177=VECTOR('',#17871,1000.);
#8178=VECTOR('',#17872,1000.);
#8179=VECTOR('',#17875,1000.);
#8180=VECTOR('',#17876,1000.);
#8181=VECTOR('',#17877,1000.);
#8182=VECTOR('',#17882,1000.);
#8183=VECTOR('',#17887,1000.);
#8184=VECTOR('',#17890,1000.);
#8185=VECTOR('',#17897,1000.);
#8186=VECTOR('',#17900,1000.);
#8187=VECTOR('',#17901,1000.);
#8188=VECTOR('',#17902,1000.);
#8189=VECTOR('',#17903,1000.);
#8190=VECTOR('',#17910,1000.);
#8191=VECTOR('',#17913,1000.);
#8192=VECTOR('',#17920,1000.);
#8193=VECTOR('',#17923,1000.);
#8194=VECTOR('',#17924,1000.);
#8195=VECTOR('',#17925,1000.);
#8196=VECTOR('',#17926,1000.);
#8197=VECTOR('',#17933,1000.);
#8198=VECTOR('',#17936,1000.);
#8199=VECTOR('',#17943,1000.);
#8200=VECTOR('',#17946,1000.);
#8201=VECTOR('',#17947,1000.);
#8202=VECTOR('',#17948,1000.);
#8203=VECTOR('',#17949,1000.);
#8204=VECTOR('',#17956,1000.);
#8205=VECTOR('',#17959,1000.);
#8206=VECTOR('',#17966,1000.);
#8207=VECTOR('',#17969,1000.);
#8208=VECTOR('',#17970,1000.);
#8209=VECTOR('',#17971,1000.);
#8210=VECTOR('',#17972,1000.);
#8211=VECTOR('',#17979,1000.);
#8212=VECTOR('',#17982,1000.);
#8213=VECTOR('',#17989,1000.);
#8214=VECTOR('',#17992,1000.);
#8215=VECTOR('',#17993,1000.);
#8216=VECTOR('',#17994,1000.);
#8217=VECTOR('',#17995,1000.);
#8218=VECTOR('',#18008,1000.);
#8219=VECTOR('',#18017,1000.);
#8220=VECTOR('',#18026,1000.);
#8221=VECTOR('',#18035,1000.);
#8222=VECTOR('',#18044,1000.);
#8223=VECTOR('',#18047,1000.);
#8224=VECTOR('',#18050,1000.);
#8225=VECTOR('',#18055,1000.);
#8226=VECTOR('',#18058,1000.);
#8227=VECTOR('',#18063,1000.);
#8228=VECTOR('',#18066,1000.);
#8229=VECTOR('',#18071,1000.);
#8230=VECTOR('',#18074,1000.);
#8231=VECTOR('',#18079,1000.);
#8232=VECTOR('',#18082,1000.);
#8233=VECTOR('',#18087,1000.);
#8234=VECTOR('',#18090,1000.);
#8235=VECTOR('',#18095,1000.);
#8236=VECTOR('',#18098,1000.);
#8237=VECTOR('',#18103,1000.);
#8238=VECTOR('',#18106,1000.);
#8239=VECTOR('',#18111,1000.);
#8240=VECTOR('',#18114,1000.);
#8241=VECTOR('',#18119,1000.);
#8242=VECTOR('',#18122,1000.);
#8243=VECTOR('',#18127,1000.);
#8244=VECTOR('',#18128,1000.);
#8245=VECTOR('',#18129,1000.);
#8246=VECTOR('',#18132,1000.);
#8247=VECTOR('',#18137,1000.);
#8248=VECTOR('',#18138,1000.);
#8249=VECTOR('',#18141,1000.);
#8250=VECTOR('',#18146,1000.);
#8251=VECTOR('',#18147,1000.);
#8252=VECTOR('',#18154,1000.);
#8253=VECTOR('',#18155,1000.);
#8254=VECTOR('',#18158,1000.);
#8255=VECTOR('',#18163,1000.);
#8256=VECTOR('',#18164,1000.);
#8257=VECTOR('',#18167,1000.);
#8258=VECTOR('',#18172,1000.);
#8259=VECTOR('',#18173,1000.);
#8260=VECTOR('',#18176,1000.);
#8261=VECTOR('',#18181,1000.);
#8262=VECTOR('',#18182,1000.);
#8263=VECTOR('',#18185,1000.);
#8264=VECTOR('',#18190,1000.);
#8265=VECTOR('',#18195,1000.);
#8266=VECTOR('',#18196,1000.);
#8267=VECTOR('',#18197,1000.);
#8268=VECTOR('',#18200,1000.);
#8269=VECTOR('',#18205,1000.);
#8270=VECTOR('',#18206,1000.);
#8271=VECTOR('',#18209,1000.);
#8272=VECTOR('',#18214,1000.);
#8273=VECTOR('',#18215,1000.);
#8274=EDGE_LOOP('',(#889,#890,#891,#892));
#8275=EDGE_LOOP('',(#893,#894,#895,#896,#897));
#8276=EDGE_LOOP('',(#898,#899,#900,#901,#902,#903,#904,#905,#906,#907,#908,
#909));
#8277=EDGE_LOOP('',(#910,#911,#912,#913,#914,#915,#916,#917,#918,#919));
#8278=EDGE_LOOP('',(#920,#921,#922,#923,#924));
#8279=EDGE_LOOP('',(#925,#926,#927,#928,#929,#930,#931,#932,#933,#934,#935,
#936));
#8280=EDGE_LOOP('',(#937,#938,#939,#940,#941,#942,#943,#944,#945,#946));
#8281=EDGE_LOOP('',(#947,#948,#949,#950,#951));
#8282=EDGE_LOOP('',(#952,#953,#954,#955,#956,#957,#958,#959,#960,#961,#962,
#963));
#8283=EDGE_LOOP('',(#964,#965,#966,#967,#968,#969,#970,#971,#972,#973));
#8284=EDGE_LOOP('',(#974,#975,#976,#977,#978));
#8285=EDGE_LOOP('',(#979,#980,#981,#982,#983,#984,#985,#986,#987,#988,#989,
#990));
#8286=EDGE_LOOP('',(#991,#992,#993,#994,#995,#996,#997,#998,#999,#1000));
#8287=EDGE_LOOP('',(#1001,#1002,#1003,#1004,#1005,#1006));
#8288=EDGE_LOOP('',(#1007,#1008,#1009,#1010,#1011,#1012));
#8289=EDGE_LOOP('',(#1013,#1014,#1015,#1016,#1017,#1018));
#8290=EDGE_LOOP('',(#1019,#1020,#1021,#1022,#1023,#1024));
#8291=EDGE_LOOP('',(#1025,#1026,#1027,#1028,#1029));
#8292=EDGE_LOOP('',(#1030,#1031,#1032,#1033,#1034,#1035,#1036,#1037,#1038,
#1039,#1040,#1041));
#8293=EDGE_LOOP('',(#1042,#1043,#1044,#1045,#1046,#1047,#1048,#1049,#1050,
#1051));
#8294=EDGE_LOOP('',(#1052,#1053,#1054,#1055,#1056,#1057));
#8295=EDGE_LOOP('',(#1058,#1059,#1060,#1061,#1062,#1063,#1064,#1065));
#8296=EDGE_LOOP('',(#1066,#1067,#1068,#1069,#1070,#1071,#1072,#1073));
#8297=EDGE_LOOP('',(#1074,#1075,#1076,#1077,#1078,#1079,#1080,#1081));
#8298=EDGE_LOOP('',(#1082,#1083,#1084,#1085,#1086,#1087,#1088,#1089));
#8299=EDGE_LOOP('',(#1090,#1091,#1092,#1093,#1094,#1095,#1096,#1097));
#8300=EDGE_LOOP('',(#1098,#1099,#1100,#1101,#1102,#1103,#1104,#1105));
#8301=EDGE_LOOP('',(#1106,#1107,#1108,#1109,#1110,#1111,#1112,#1113));
#8302=EDGE_LOOP('',(#1114,#1115,#1116,#1117,#1118,#1119,#1120,#1121));
#8303=EDGE_LOOP('',(#1122,#1123,#1124,#1125,#1126,#1127,#1128,#1129));
#8304=EDGE_LOOP('',(#1130,#1131,#1132,#1133,#1134,#1135,#1136,#1137));
#8305=EDGE_LOOP('',(#1138,#1139,#1140,#1141));
#8306=EDGE_LOOP('',(#1142,#1143,#1144,#1145));
#8307=EDGE_LOOP('',(#1146,#1147,#1148,#1149));
#8308=EDGE_LOOP('',(#1150,#1151,#1152,#1153));
#8309=EDGE_LOOP('',(#1154,#1155,#1156,#1157));
#8310=EDGE_LOOP('',(#1158));
#8311=EDGE_LOOP('',(#1159));
#8312=EDGE_LOOP('',(#1160));
#8313=EDGE_LOOP('',(#1161));
#8314=EDGE_LOOP('',(#1162));
#8315=EDGE_LOOP('',(#1163,#1164,#1165,#1166,#1167,#1168));
#8316=EDGE_LOOP('',(#1169,#1170,#1171,#1172,#1173,#1174));
#8317=EDGE_LOOP('',(#1175,#1176,#1177,#1178,#1179,#1180));
#8318=EDGE_LOOP('',(#1181,#1182,#1183,#1184,#1185,#1186));
#8319=EDGE_LOOP('',(#1187,#1188,#1189,#1190,#1191,#1192));
#8320=EDGE_LOOP('',(#1193,#1194,#1195,#1196,#1197,#1198,#1199,#1200,#1201,
#1202,#1203,#1204,#1205,#1206,#1207,#1208,#1209,#1210,#1211,#1212,#1213,
#1214,#1215,#1216,#1217,#1218,#1219,#1220,#1221));
#8321=EDGE_LOOP('',(#1222,#1223,#1224,#1225,#1226,#1227,#1228,#1229,#1230,
#1231,#1232,#1233,#1234,#1235,#1236,#1237,#1238,#1239,#1240,#1241,#1242,
#1243,#1244,#1245));
#8322=EDGE_LOOP('',(#1246,#1247,#1248,#1249));
#8323=EDGE_LOOP('',(#1250,#1251,#1252,#1253));
#8324=EDGE_LOOP('',(#1254,#1255,#1256,#1257));
#8325=EDGE_LOOP('',(#1258,#1259,#1260,#1261,#1262));
#8326=EDGE_LOOP('',(#1263,#1264,#1265,#1266));
#8327=EDGE_LOOP('',(#1267,#1268,#1269,#1270));
#8328=EDGE_LOOP('',(#1271,#1272,#1273,#1274));
#8329=EDGE_LOOP('',(#1275,#1276,#1277,#1278,#1279));
#8330=EDGE_LOOP('',(#1280,#1281,#1282,#1283));
#8331=EDGE_LOOP('',(#1284,#1285,#1286,#1287));
#8332=EDGE_LOOP('',(#1288,#1289,#1290,#1291));
#8333=EDGE_LOOP('',(#1292,#1293,#1294,#1295,#1296));
#8334=EDGE_LOOP('',(#1297,#1298,#1299,#1300));
#8335=EDGE_LOOP('',(#1301,#1302,#1303,#1304));
#8336=EDGE_LOOP('',(#1305,#1306,#1307,#1308));
#8337=EDGE_LOOP('',(#1309,#1310,#1311,#1312,#1313));
#8338=EDGE_LOOP('',(#1314,#1315,#1316,#1317));
#8339=EDGE_LOOP('',(#1318,#1319,#1320,#1321));
#8340=EDGE_LOOP('',(#1322,#1323,#1324,#1325));
#8341=EDGE_LOOP('',(#1326,#1327,#1328,#1329,#1330));
#8342=EDGE_LOOP('',(#1331,#1332,#1333,#1334));
#8343=EDGE_LOOP('',(#1335,#1336,#1337,#1338,#1339,#1340));
#8344=EDGE_LOOP('',(#1341,#1342,#1343,#1344,#1345));
#8345=EDGE_LOOP('',(#1346,#1347,#1348,#1349,#1350,#1351));
#8346=EDGE_LOOP('',(#1352,#1353,#1354,#1355,#1356));
#8347=EDGE_LOOP('',(#1357,#1358,#1359,#1360,#1361,#1362));
#8348=EDGE_LOOP('',(#1363,#1364,#1365,#1366,#1367));
#8349=EDGE_LOOP('',(#1368,#1369,#1370,#1371,#1372,#1373));
#8350=EDGE_LOOP('',(#1374,#1375,#1376,#1377,#1378));
#8351=EDGE_LOOP('',(#1379,#1380,#1381,#1382,#1383,#1384));
#8352=EDGE_LOOP('',(#1385,#1386,#1387,#1388,#1389));
#8353=EDGE_LOOP('',(#1390,#1391,#1392,#1393));
#8354=EDGE_LOOP('',(#1394,#1395,#1396,#1397));
#8355=EDGE_LOOP('',(#1398,#1399,#1400,#1401));
#8356=EDGE_LOOP('',(#1402,#1403,#1404,#1405));
#8357=EDGE_LOOP('',(#1406,#1407,#1408,#1409));
#8358=EDGE_LOOP('',(#1410,#1411,#1412,#1413));
#8359=EDGE_LOOP('',(#1414,#1415,#1416,#1417));
#8360=EDGE_LOOP('',(#1418,#1419,#1420,#1421));
#8361=EDGE_LOOP('',(#1422,#1423,#1424,#1425));
#8362=EDGE_LOOP('',(#1426,#1427,#1428,#1429));
#8363=EDGE_LOOP('',(#1430,#1431,#1432,#1433,#1434,#1435,#1436));
#8364=EDGE_LOOP('',(#1437,#1438,#1439,#1440,#1441,#1442,#1443));
#8365=EDGE_LOOP('',(#1444,#1445,#1446,#1447,#1448,#1449,#1450));
#8366=EDGE_LOOP('',(#1451,#1452,#1453,#1454,#1455,#1456,#1457));
#8367=EDGE_LOOP('',(#1458,#1459,#1460,#1461,#1462,#1463,#1464));
#8368=EDGE_LOOP('',(#1465,#1466,#1467,#1468));
#8369=EDGE_LOOP('',(#1469,#1470,#1471,#1472));
#8370=EDGE_LOOP('',(#1473,#1474,#1475,#1476));
#8371=EDGE_LOOP('',(#1477,#1478,#1479,#1480));
#8372=EDGE_LOOP('',(#1481,#1482,#1483,#1484));
#8373=EDGE_LOOP('',(#1485,#1486,#1487,#1488));
#8374=EDGE_LOOP('',(#1489,#1490,#1491,#1492,#1493,#1494,#1495,#1496,#1497,
#1498,#1499,#1500,#1501,#1502,#1503,#1504,#1505,#1506,#1507,#1508,#1509,
#1510,#1511,#1512,#1513,#1514,#1515,#1516,#1517));
#8375=EDGE_LOOP('',(#1518,#1519,#1520,#1521));
#8376=EDGE_LOOP('',(#1522,#1523,#1524,#1525,#1526,#1527,#1528,#1529,#1530,
#1531,#1532,#1533,#1534,#1535,#1536,#1537,#1538,#1539,#1540,#1541,#1542,
#1543,#1544,#1545,#1546,#1547,#1548,#1549,#1550,#1551,#1552,#1553,#1554,
#1555,#1556,#1557,#1558,#1559,#1560));
#8377=EDGE_LOOP('',(#1561,#1562,#1563,#1564));
#8378=EDGE_LOOP('',(#1565,#1566,#1567,#1568,#1569,#1570,#1571,#1572,#1573,
#1574,#1575,#1576,#1577,#1578,#1579,#1580,#1581,#1582,#1583));
#8379=EDGE_LOOP('',(#1584,#1585,#1586,#1587,#1588,#1589,#1590,#1591,#1592,
#1593,#1594,#1595,#1596,#1597,#1598,#1599,#1600,#1601,#1602));
#8380=EDGE_LOOP('',(#1603,#1604,#1605,#1606,#1607,#1608,#1609,#1610,#1611,
#1612,#1613,#1614,#1615,#1616,#1617,#1618,#1619,#1620,#1621));
#8381=EDGE_LOOP('',(#1622,#1623,#1624,#1625,#1626,#1627,#1628,#1629,#1630,
#1631,#1632,#1633,#1634,#1635,#1636,#1637,#1638,#1639,#1640));
#8382=EDGE_LOOP('',(#1641,#1642,#1643,#1644,#1645,#1646,#1647,#1648,#1649,
#1650,#1651,#1652,#1653,#1654,#1655,#1656,#1657,#1658,#1659));
#8383=EDGE_LOOP('',(#1660,#1661,#1662,#1663));
#8384=EDGE_LOOP('',(#1664,#1665,#1666,#1667));
#8385=EDGE_LOOP('',(#1668,#1669,#1670,#1671,#1672,#1673,#1674,#1675,#1676,
#1677));
#8386=EDGE_LOOP('',(#1678,#1679,#1680,#1681,#1682,#1683));
#8387=EDGE_LOOP('',(#1684,#1685,#1686,#1687,#1688,#1689,#1690,#1691,#1692,
#1693));
#8388=EDGE_LOOP('',(#1694,#1695,#1696,#1697,#1698,#1699,#1700,#1701,#1702,
#1703));
#8389=EDGE_LOOP('',(#1704,#1705,#1706,#1707,#1708));
#8390=EDGE_LOOP('',(#1709,#1710,#1711,#1712,#1713,#1714,#1715,#1716,#1717,
#1718,#1719,#1720,#1721,#1722,#1723,#1724));
#8391=EDGE_LOOP('',(#1725,#1726,#1727,#1728));
#8392=EDGE_LOOP('',(#1729,#1730,#1731,#1732));
#8393=EDGE_LOOP('',(#1733,#1734,#1735,#1736));
#8394=EDGE_LOOP('',(#1737,#1738,#1739,#1740));
#8395=EDGE_LOOP('',(#1741,#1742,#1743,#1744));
#8396=EDGE_LOOP('',(#1745,#1746,#1747,#1748));
#8397=EDGE_LOOP('',(#1749,#1750,#1751,#1752,#1753));
#8398=EDGE_LOOP('',(#1754,#1755,#1756,#1757,#1758,#1759,#1760,#1761,#1762,
#1763,#1764,#1765,#1766,#1767,#1768,#1769));
#8399=EDGE_LOOP('',(#1770,#1771,#1772,#1773));
#8400=EDGE_LOOP('',(#1774,#1775,#1776,#1777));
#8401=EDGE_LOOP('',(#1778,#1779,#1780,#1781));
#8402=EDGE_LOOP('',(#1782,#1783,#1784,#1785));
#8403=EDGE_LOOP('',(#1786,#1787,#1788,#1789));
#8404=EDGE_LOOP('',(#1790,#1791,#1792,#1793));
#8405=EDGE_LOOP('',(#1794,#1795,#1796,#1797,#1798));
#8406=EDGE_LOOP('',(#1799,#1800,#1801,#1802,#1803,#1804,#1805,#1806,#1807,
#1808,#1809,#1810,#1811,#1812,#1813,#1814));
#8407=EDGE_LOOP('',(#1815,#1816,#1817,#1818));
#8408=EDGE_LOOP('',(#1819,#1820,#1821,#1822));
#8409=EDGE_LOOP('',(#1823,#1824,#1825,#1826));
#8410=EDGE_LOOP('',(#1827,#1828,#1829,#1830));
#8411=EDGE_LOOP('',(#1831,#1832,#1833,#1834));
#8412=EDGE_LOOP('',(#1835,#1836,#1837,#1838));
#8413=EDGE_LOOP('',(#1839,#1840,#1841,#1842,#1843));
#8414=EDGE_LOOP('',(#1844,#1845,#1846,#1847,#1848,#1849,#1850,#1851,#1852,
#1853,#1854,#1855,#1856,#1857,#1858,#1859));
#8415=EDGE_LOOP('',(#1860,#1861,#1862,#1863));
#8416=EDGE_LOOP('',(#1864,#1865,#1866,#1867));
#8417=EDGE_LOOP('',(#1868,#1869,#1870,#1871));
#8418=EDGE_LOOP('',(#1872,#1873,#1874,#1875));
#8419=EDGE_LOOP('',(#1876,#1877,#1878,#1879));
#8420=EDGE_LOOP('',(#1880,#1881,#1882,#1883));
#8421=EDGE_LOOP('',(#1884,#1885,#1886,#1887,#1888));
#8422=EDGE_LOOP('',(#1889,#1890,#1891,#1892,#1893,#1894,#1895,#1896,#1897,
#1898,#1899,#1900,#1901,#1902,#1903,#1904));
#8423=EDGE_LOOP('',(#1905,#1906,#1907,#1908));
#8424=EDGE_LOOP('',(#1909,#1910,#1911,#1912));
#8425=EDGE_LOOP('',(#1913,#1914,#1915,#1916));
#8426=EDGE_LOOP('',(#1917,#1918,#1919,#1920));
#8427=EDGE_LOOP('',(#1921,#1922,#1923,#1924));
#8428=EDGE_LOOP('',(#1925,#1926,#1927,#1928));
#8429=EDGE_LOOP('',(#1929,#1930,#1931,#1932,#1933));
#8430=EDGE_LOOP('',(#1934,#1935,#1936,#1937,#1938));
#8431=EDGE_LOOP('',(#1939,#1940,#1941,#1942,#1943));
#8432=EDGE_LOOP('',(#1944,#1945,#1946,#1947,#1948));
#8433=EDGE_LOOP('',(#1949,#1950,#1951,#1952,#1953));
#8434=EDGE_LOOP('',(#1954,#1955,#1956,#1957,#1958));
#8435=EDGE_LOOP('',(#1959,#1960,#1961,#1962,#1963));
#8436=EDGE_LOOP('',(#1964,#1965,#1966,#1967,#1968));
#8437=EDGE_LOOP('',(#1969,#1970,#1971,#1972,#1973));
#8438=EDGE_LOOP('',(#1974,#1975,#1976,#1977,#1978));
#8439=EDGE_LOOP('',(#1979,#1980,#1981,#1982));
#8440=EDGE_LOOP('',(#1983,#1984,#1985,#1986,#1987,#1988));
#8441=EDGE_LOOP('',(#1989,#1990,#1991,#1992));
#8442=EDGE_LOOP('',(#1993,#1994,#1995,#1996,#1997,#1998));
#8443=EDGE_LOOP('',(#1999,#2000,#2001,#2002));
#8444=EDGE_LOOP('',(#2003,#2004,#2005,#2006,#2007,#2008));
#8445=EDGE_LOOP('',(#2009,#2010,#2011,#2012));
#8446=EDGE_LOOP('',(#2013,#2014,#2015,#2016,#2017,#2018));
#8447=EDGE_LOOP('',(#2019,#2020,#2021,#2022));
#8448=EDGE_LOOP('',(#2023,#2024,#2025,#2026,#2027,#2028));
#8449=EDGE_LOOP('',(#2029,#2030,#2031,#2032));
#8450=EDGE_LOOP('',(#2033,#2034,#2035,#2036));
#8451=EDGE_LOOP('',(#2037,#2038,#2039,#2040));
#8452=EDGE_LOOP('',(#2041,#2042,#2043,#2044));
#8453=EDGE_LOOP('',(#2045,#2046,#2047,#2048));
#8454=EDGE_LOOP('',(#2049,#2050,#2051,#2052));
#8455=EDGE_LOOP('',(#2053,#2054,#2055,#2056));
#8456=EDGE_LOOP('',(#2057,#2058,#2059,#2060));
#8457=EDGE_LOOP('',(#2061,#2062,#2063,#2064));
#8458=EDGE_LOOP('',(#2065,#2066,#2067,#2068));
#8459=EDGE_LOOP('',(#2069,#2070,#2071,#2072));
#8460=EDGE_LOOP('',(#2073,#2074,#2075,#2076));
#8461=EDGE_LOOP('',(#2077,#2078,#2079,#2080));
#8462=EDGE_LOOP('',(#2081,#2082,#2083,#2084));
#8463=EDGE_LOOP('',(#2085,#2086,#2087,#2088));
#8464=EDGE_LOOP('',(#2089,#2090,#2091,#2092));
#8465=EDGE_LOOP('',(#2093,#2094,#2095,#2096));
#8466=EDGE_LOOP('',(#2097,#2098,#2099,#2100));
#8467=EDGE_LOOP('',(#2101,#2102,#2103,#2104));
#8468=EDGE_LOOP('',(#2105,#2106,#2107,#2108));
#8469=EDGE_LOOP('',(#2109,#2110,#2111,#2112));
#8470=EDGE_LOOP('',(#2113,#2114,#2115,#2116));
#8471=EDGE_LOOP('',(#2117,#2118,#2119,#2120));
#8472=EDGE_LOOP('',(#2121,#2122,#2123,#2124));
#8473=EDGE_LOOP('',(#2125,#2126,#2127,#2128));
#8474=EDGE_LOOP('',(#2129,#2130,#2131,#2132));
#8475=EDGE_LOOP('',(#2133,#2134,#2135,#2136));
#8476=EDGE_LOOP('',(#2137,#2138,#2139,#2140));
#8477=EDGE_LOOP('',(#2141,#2142,#2143,#2144));
#8478=EDGE_LOOP('',(#2145,#2146,#2147,#2148));
#8479=EDGE_LOOP('',(#2149,#2150,#2151,#2152));
#8480=EDGE_LOOP('',(#2153,#2154,#2155,#2156));
#8481=EDGE_LOOP('',(#2157,#2158,#2159,#2160));
#8482=EDGE_LOOP('',(#2161,#2162,#2163,#2164));
#8483=EDGE_LOOP('',(#2165,#2166,#2167,#2168));
#8484=EDGE_LOOP('',(#2169,#2170,#2171,#2172));
#8485=EDGE_LOOP('',(#2173,#2174,#2175,#2176));
#8486=EDGE_LOOP('',(#2177,#2178,#2179,#2180));
#8487=EDGE_LOOP('',(#2181,#2182,#2183,#2184));
#8488=EDGE_LOOP('',(#2185,#2186,#2187,#2188));
#8489=EDGE_LOOP('',(#2189,#2190,#2191,#2192));
#8490=EDGE_LOOP('',(#2193,#2194,#2195,#2196));
#8491=EDGE_LOOP('',(#2197,#2198,#2199,#2200));
#8492=EDGE_LOOP('',(#2201,#2202,#2203,#2204));
#8493=EDGE_LOOP('',(#2205,#2206,#2207,#2208));
#8494=EDGE_LOOP('',(#2209,#2210,#2211,#2212));
#8495=EDGE_LOOP('',(#2213,#2214,#2215,#2216));
#8496=EDGE_LOOP('',(#2217,#2218,#2219,#2220));
#8497=EDGE_LOOP('',(#2221,#2222,#2223,#2224));
#8498=EDGE_LOOP('',(#2225,#2226,#2227,#2228));
#8499=EDGE_LOOP('',(#2229));
#8500=EDGE_LOOP('',(#2230));
#8501=EDGE_LOOP('',(#2231));
#8502=EDGE_LOOP('',(#2232));
#8503=EDGE_LOOP('',(#2233));
#8504=EDGE_LOOP('',(#2234));
#8505=EDGE_LOOP('',(#2235));
#8506=EDGE_LOOP('',(#2236));
#8507=EDGE_LOOP('',(#2237));
#8508=EDGE_LOOP('',(#2238));
#8509=EDGE_LOOP('',(#2239));
#8510=EDGE_LOOP('',(#2240));
#8511=EDGE_LOOP('',(#2241));
#8512=EDGE_LOOP('',(#2242));
#8513=EDGE_LOOP('',(#2243));
#8514=EDGE_LOOP('',(#2244));
#8515=EDGE_LOOP('',(#2245));
#8516=EDGE_LOOP('',(#2246));
#8517=EDGE_LOOP('',(#2247));
#8518=EDGE_LOOP('',(#2248));
#8519=EDGE_LOOP('',(#2249));
#8520=EDGE_LOOP('',(#2250));
#8521=EDGE_LOOP('',(#2251));
#8522=EDGE_LOOP('',(#2252));
#8523=EDGE_LOOP('',(#2253));
#8524=EDGE_LOOP('',(#2254,#2255,#2256,#2257));
#8525=EDGE_LOOP('',(#2258,#2259,#2260,#2261));
#8526=EDGE_LOOP('',(#2262,#2263,#2264,#2265));
#8527=EDGE_LOOP('',(#2266,#2267,#2268,#2269));
#8528=EDGE_LOOP('',(#2270,#2271,#2272,#2273));
#8529=EDGE_LOOP('',(#2274,#2275,#2276,#2277));
#8530=EDGE_LOOP('',(#2278,#2279,#2280,#2281,#2282,#2283));
#8531=EDGE_LOOP('',(#2284,#2285,#2286,#2287));
#8532=EDGE_LOOP('',(#2288,#2289,#2290,#2291));
#8533=EDGE_LOOP('',(#2292,#2293,#2294,#2295));
#8534=EDGE_LOOP('',(#2296,#2297,#2298,#2299));
#8535=EDGE_LOOP('',(#2300,#2301,#2302,#2303));
#8536=EDGE_LOOP('',(#2304,#2305,#2306,#2307));
#8537=EDGE_LOOP('',(#2308,#2309,#2310,#2311,#2312,#2313));
#8538=EDGE_LOOP('',(#2314,#2315,#2316,#2317));
#8539=EDGE_LOOP('',(#2318,#2319,#2320,#2321));
#8540=EDGE_LOOP('',(#2322,#2323,#2324,#2325));
#8541=EDGE_LOOP('',(#2326,#2327,#2328,#2329));
#8542=EDGE_LOOP('',(#2330,#2331,#2332,#2333));
#8543=EDGE_LOOP('',(#2334,#2335,#2336,#2337));
#8544=EDGE_LOOP('',(#2338,#2339,#2340,#2341,#2342,#2343));
#8545=EDGE_LOOP('',(#2344,#2345,#2346,#2347));
#8546=EDGE_LOOP('',(#2348,#2349,#2350,#2351));
#8547=EDGE_LOOP('',(#2352,#2353,#2354,#2355));
#8548=EDGE_LOOP('',(#2356,#2357,#2358,#2359));
#8549=EDGE_LOOP('',(#2360,#2361,#2362,#2363));
#8550=EDGE_LOOP('',(#2364,#2365,#2366,#2367));
#8551=EDGE_LOOP('',(#2368,#2369,#2370,#2371,#2372,#2373));
#8552=EDGE_LOOP('',(#2374,#2375,#2376,#2377));
#8553=EDGE_LOOP('',(#2378,#2379,#2380,#2381));
#8554=EDGE_LOOP('',(#2382,#2383,#2384,#2385));
#8555=EDGE_LOOP('',(#2386,#2387,#2388,#2389));
#8556=EDGE_LOOP('',(#2390,#2391,#2392,#2393));
#8557=EDGE_LOOP('',(#2394,#2395,#2396,#2397));
#8558=EDGE_LOOP('',(#2398,#2399,#2400,#2401,#2402,#2403));
#8559=EDGE_LOOP('',(#2404,#2405,#2406,#2407));
#8560=EDGE_LOOP('',(#2408,#2409,#2410,#2411));
#8561=EDGE_LOOP('',(#2412,#2413,#2414,#2415));
#8562=EDGE_LOOP('',(#2416,#2417,#2418,#2419));
#8563=EDGE_LOOP('',(#2420,#2421,#2422,#2423));
#8564=EDGE_LOOP('',(#2424,#2425,#2426,#2427));
#8565=EDGE_LOOP('',(#2428,#2429,#2430,#2431));
#8566=EDGE_LOOP('',(#2432,#2433,#2434,#2435));
#8567=EDGE_LOOP('',(#2436,#2437,#2438,#2439));
#8568=EDGE_LOOP('',(#2440,#2441,#2442,#2443));
#8569=EDGE_LOOP('',(#2444,#2445,#2446,#2447));
#8570=EDGE_LOOP('',(#2448,#2449,#2450,#2451));
#8571=EDGE_LOOP('',(#2452,#2453,#2454,#2455));
#8572=EDGE_LOOP('',(#2456,#2457,#2458,#2459));
#8573=EDGE_LOOP('',(#2460,#2461,#2462,#2463));
#8574=EDGE_LOOP('',(#2464,#2465,#2466,#2467));
#8575=EDGE_LOOP('',(#2468,#2469,#2470,#2471));
#8576=EDGE_LOOP('',(#2472,#2473,#2474,#2475));
#8577=EDGE_LOOP('',(#2476,#2477,#2478,#2479));
#8578=EDGE_LOOP('',(#2480,#2481,#2482,#2483,#2484,#2485,#2486,#2487,#2488,
#2489,#2490,#2491,#2492,#2493,#2494,#2495,#2496,#2497,#2498));
#8579=EDGE_LOOP('',(#2499,#2500,#2501,#2502));
#8580=EDGE_LOOP('',(#2503,#2504,#2505,#2506));
#8581=EDGE_LOOP('',(#2507,#2508,#2509,#2510));
#8582=EDGE_LOOP('',(#2511,#2512,#2513,#2514));
#8583=EDGE_LOOP('',(#2515,#2516,#2517,#2518));
#8584=EDGE_LOOP('',(#2519,#2520,#2521,#2522));
#8585=EDGE_LOOP('',(#2523,#2524,#2525,#2526));
#8586=EDGE_LOOP('',(#2527,#2528,#2529,#2530));
#8587=EDGE_LOOP('',(#2531,#2532,#2533,#2534));
#8588=EDGE_LOOP('',(#2535,#2536,#2537,#2538));
#8589=EDGE_LOOP('',(#2539,#2540,#2541,#2542));
#8590=EDGE_LOOP('',(#2543,#2544,#2545,#2546));
#8591=EDGE_LOOP('',(#2547,#2548,#2549,#2550));
#8592=EDGE_LOOP('',(#2551,#2552,#2553,#2554));
#8593=EDGE_LOOP('',(#2555,#2556,#2557,#2558));
#8594=EDGE_LOOP('',(#2559,#2560,#2561,#2562));
#8595=EDGE_LOOP('',(#2563,#2564,#2565,#2566));
#8596=EDGE_LOOP('',(#2567,#2568,#2569,#2570));
#8597=EDGE_LOOP('',(#2571,#2572,#2573,#2574));
#8598=EDGE_LOOP('',(#2575,#2576,#2577,#2578));
#8599=EDGE_LOOP('',(#2579,#2580,#2581,#2582));
#8600=EDGE_LOOP('',(#2583,#2584,#2585,#2586));
#8601=EDGE_LOOP('',(#2587,#2588,#2589,#2590));
#8602=EDGE_LOOP('',(#2591,#2592,#2593,#2594));
#8603=EDGE_LOOP('',(#2595,#2596,#2597,#2598));
#8604=EDGE_LOOP('',(#2599,#2600,#2601,#2602));
#8605=EDGE_LOOP('',(#2603,#2604,#2605,#2606));
#8606=EDGE_LOOP('',(#2607,#2608,#2609,#2610));
#8607=EDGE_LOOP('',(#2611,#2612,#2613,#2614));
#8608=EDGE_LOOP('',(#2615,#2616,#2617,#2618));
#8609=EDGE_LOOP('',(#2619,#2620,#2621,#2622));
#8610=EDGE_LOOP('',(#2623,#2624,#2625,#2626));
#8611=EDGE_LOOP('',(#2627,#2628,#2629,#2630));
#8612=EDGE_LOOP('',(#2631,#2632,#2633,#2634));
#8613=EDGE_LOOP('',(#2635,#2636,#2637,#2638));
#8614=EDGE_LOOP('',(#2639,#2640,#2641,#2642));
#8615=EDGE_LOOP('',(#2643,#2644,#2645,#2646));
#8616=EDGE_LOOP('',(#2647,#2648,#2649,#2650));
#8617=EDGE_LOOP('',(#2651,#2652,#2653,#2654));
#8618=EDGE_LOOP('',(#2655,#2656,#2657,#2658));
#8619=EDGE_LOOP('',(#2659,#2660,#2661,#2662));
#8620=EDGE_LOOP('',(#2663,#2664,#2665,#2666));
#8621=EDGE_LOOP('',(#2667,#2668,#2669,#2670));
#8622=EDGE_LOOP('',(#2671,#2672,#2673,#2674));
#8623=EDGE_LOOP('',(#2675,#2676,#2677,#2678));
#8624=EDGE_LOOP('',(#2679,#2680,#2681,#2682));
#8625=EDGE_LOOP('',(#2683,#2684,#2685,#2686));
#8626=EDGE_LOOP('',(#2687,#2688,#2689,#2690));
#8627=EDGE_LOOP('',(#2691,#2692,#2693,#2694));
#8628=EDGE_LOOP('',(#2695,#2696,#2697,#2698));
#8629=EDGE_LOOP('',(#2699,#2700,#2701,#2702));
#8630=EDGE_LOOP('',(#2703,#2704,#2705,#2706));
#8631=EDGE_LOOP('',(#2707,#2708,#2709,#2710));
#8632=EDGE_LOOP('',(#2711,#2712,#2713,#2714));
#8633=EDGE_LOOP('',(#2715,#2716,#2717,#2718));
#8634=EDGE_LOOP('',(#2719,#2720,#2721,#2722));
#8635=EDGE_LOOP('',(#2723,#2724,#2725,#2726));
#8636=EDGE_LOOP('',(#2727,#2728,#2729,#2730));
#8637=EDGE_LOOP('',(#2731,#2732,#2733,#2734));
#8638=EDGE_LOOP('',(#2735,#2736,#2737,#2738));
#8639=EDGE_LOOP('',(#2739,#2740,#2741,#2742));
#8640=EDGE_LOOP('',(#2743,#2744,#2745,#2746));
#8641=EDGE_LOOP('',(#2747,#2748,#2749,#2750));
#8642=EDGE_LOOP('',(#2751,#2752,#2753,#2754));
#8643=EDGE_LOOP('',(#2755,#2756,#2757,#2758));
#8644=EDGE_LOOP('',(#2759,#2760,#2761,#2762));
#8645=EDGE_LOOP('',(#2763,#2764,#2765,#2766));
#8646=EDGE_LOOP('',(#2767,#2768,#2769,#2770));
#8647=EDGE_LOOP('',(#2771,#2772,#2773,#2774));
#8648=EDGE_LOOP('',(#2775,#2776,#2777,#2778));
#8649=EDGE_LOOP('',(#2779,#2780,#2781,#2782));
#8650=EDGE_LOOP('',(#2783,#2784,#2785,#2786));
#8651=EDGE_LOOP('',(#2787,#2788,#2789,#2790));
#8652=EDGE_LOOP('',(#2791,#2792,#2793,#2794));
#8653=EDGE_LOOP('',(#2795,#2796,#2797,#2798));
#8654=EDGE_LOOP('',(#2799,#2800,#2801,#2802));
#8655=EDGE_LOOP('',(#2803,#2804,#2805,#2806));
#8656=EDGE_LOOP('',(#2807,#2808,#2809,#2810));
#8657=EDGE_LOOP('',(#2811,#2812,#2813,#2814));
#8658=EDGE_LOOP('',(#2815,#2816,#2817,#2818));
#8659=EDGE_LOOP('',(#2819,#2820,#2821,#2822));
#8660=EDGE_LOOP('',(#2823,#2824,#2825,#2826));
#8661=EDGE_LOOP('',(#2827,#2828,#2829,#2830));
#8662=EDGE_LOOP('',(#2831,#2832,#2833,#2834));
#8663=EDGE_LOOP('',(#2835,#2836,#2837,#2838));
#8664=EDGE_LOOP('',(#2839,#2840,#2841,#2842));
#8665=EDGE_LOOP('',(#2843,#2844,#2845,#2846));
#8666=EDGE_LOOP('',(#2847,#2848,#2849,#2850));
#8667=EDGE_LOOP('',(#2851,#2852,#2853,#2854));
#8668=EDGE_LOOP('',(#2855,#2856,#2857,#2858));
#8669=EDGE_LOOP('',(#2859,#2860,#2861,#2862));
#8670=EDGE_LOOP('',(#2863,#2864,#2865,#2866));
#8671=EDGE_LOOP('',(#2867,#2868,#2869,#2870));
#8672=EDGE_LOOP('',(#2871,#2872,#2873,#2874));
#8673=EDGE_LOOP('',(#2875,#2876,#2877,#2878));
#8674=EDGE_LOOP('',(#2879,#2880,#2881,#2882,#2883,#2884,#2885,#2886,#2887,
#2888,#2889,#2890,#2891,#2892,#2893,#2894,#2895,#2896,#2897));
#8675=EDGE_LOOP('',(#2898,#2899,#2900,#2901));
#8676=EDGE_LOOP('',(#2902,#2903,#2904,#2905));
#8677=EDGE_LOOP('',(#2906,#2907,#2908,#2909));
#8678=EDGE_LOOP('',(#2910,#2911,#2912,#2913));
#8679=EDGE_LOOP('',(#2914,#2915,#2916,#2917));
#8680=EDGE_LOOP('',(#2918,#2919,#2920,#2921));
#8681=EDGE_LOOP('',(#2922,#2923,#2924,#2925));
#8682=EDGE_LOOP('',(#2926,#2927,#2928,#2929));
#8683=EDGE_LOOP('',(#2930,#2931,#2932,#2933));
#8684=EDGE_LOOP('',(#2934,#2935,#2936,#2937));
#8685=EDGE_LOOP('',(#2938,#2939,#2940,#2941));
#8686=EDGE_LOOP('',(#2942,#2943,#2944,#2945));
#8687=EDGE_LOOP('',(#2946,#2947,#2948,#2949));
#8688=EDGE_LOOP('',(#2950,#2951,#2952,#2953));
#8689=EDGE_LOOP('',(#2954,#2955,#2956,#2957));
#8690=EDGE_LOOP('',(#2958,#2959,#2960,#2961));
#8691=EDGE_LOOP('',(#2962,#2963,#2964,#2965));
#8692=EDGE_LOOP('',(#2966,#2967,#2968,#2969));
#8693=EDGE_LOOP('',(#2970,#2971,#2972,#2973));
#8694=EDGE_LOOP('',(#2974,#2975,#2976,#2977,#2978,#2979,#2980,#2981,#2982,
#2983,#2984,#2985,#2986,#2987,#2988,#2989,#2990,#2991,#2992));
#8695=EDGE_LOOP('',(#2993,#2994,#2995,#2996));
#8696=EDGE_LOOP('',(#2997,#2998,#2999,#3000));
#8697=EDGE_LOOP('',(#3001,#3002,#3003,#3004));
#8698=EDGE_LOOP('',(#3005,#3006,#3007,#3008));
#8699=EDGE_LOOP('',(#3009,#3010,#3011,#3012));
#8700=EDGE_LOOP('',(#3013,#3014,#3015,#3016));
#8701=EDGE_LOOP('',(#3017,#3018,#3019,#3020));
#8702=EDGE_LOOP('',(#3021,#3022,#3023,#3024));
#8703=EDGE_LOOP('',(#3025,#3026,#3027,#3028));
#8704=EDGE_LOOP('',(#3029,#3030,#3031,#3032));
#8705=EDGE_LOOP('',(#3033,#3034,#3035,#3036));
#8706=EDGE_LOOP('',(#3037,#3038,#3039,#3040));
#8707=EDGE_LOOP('',(#3041,#3042,#3043,#3044));
#8708=EDGE_LOOP('',(#3045,#3046,#3047,#3048));
#8709=EDGE_LOOP('',(#3049,#3050,#3051,#3052));
#8710=EDGE_LOOP('',(#3053,#3054,#3055,#3056));
#8711=EDGE_LOOP('',(#3057,#3058,#3059,#3060));
#8712=EDGE_LOOP('',(#3061,#3062,#3063,#3064));
#8713=EDGE_LOOP('',(#3065,#3066,#3067,#3068));
#8714=EDGE_LOOP('',(#3069,#3070,#3071,#3072,#3073,#3074,#3075,#3076,#3077,
#3078,#3079,#3080,#3081,#3082,#3083,#3084,#3085,#3086,#3087));
#8715=EDGE_LOOP('',(#3088,#3089,#3090,#3091));
#8716=EDGE_LOOP('',(#3092,#3093,#3094,#3095));
#8717=EDGE_LOOP('',(#3096,#3097,#3098,#3099));
#8718=EDGE_LOOP('',(#3100,#3101,#3102,#3103));
#8719=EDGE_LOOP('',(#3104,#3105,#3106,#3107));
#8720=EDGE_LOOP('',(#3108,#3109,#3110,#3111));
#8721=EDGE_LOOP('',(#3112,#3113,#3114,#3115));
#8722=EDGE_LOOP('',(#3116,#3117,#3118,#3119));
#8723=EDGE_LOOP('',(#3120,#3121,#3122,#3123));
#8724=EDGE_LOOP('',(#3124,#3125,#3126,#3127));
#8725=EDGE_LOOP('',(#3128,#3129,#3130,#3131));
#8726=EDGE_LOOP('',(#3132,#3133,#3134,#3135));
#8727=EDGE_LOOP('',(#3136,#3137,#3138,#3139));
#8728=EDGE_LOOP('',(#3140,#3141,#3142,#3143));
#8729=EDGE_LOOP('',(#3144,#3145,#3146,#3147));
#8730=EDGE_LOOP('',(#3148,#3149,#3150,#3151));
#8731=EDGE_LOOP('',(#3152,#3153,#3154,#3155));
#8732=EDGE_LOOP('',(#3156,#3157,#3158,#3159));
#8733=EDGE_LOOP('',(#3160,#3161,#3162,#3163));
#8734=EDGE_LOOP('',(#3164,#3165,#3166,#3167,#3168,#3169,#3170,#3171,#3172,
#3173,#3174,#3175,#3176,#3177,#3178,#3179,#3180,#3181,#3182));
#8735=EDGE_LOOP('',(#3183,#3184,#3185,#3186));
#8736=EDGE_LOOP('',(#3187,#3188,#3189,#3190));
#8737=EDGE_LOOP('',(#3191,#3192,#3193,#3194));
#8738=EDGE_LOOP('',(#3195,#3196,#3197,#3198));
#8739=EDGE_LOOP('',(#3199,#3200,#3201,#3202));
#8740=EDGE_LOOP('',(#3203,#3204,#3205,#3206));
#8741=EDGE_LOOP('',(#3207,#3208,#3209,#3210));
#8742=EDGE_LOOP('',(#3211,#3212,#3213,#3214));
#8743=EDGE_LOOP('',(#3215,#3216,#3217,#3218));
#8744=EDGE_LOOP('',(#3219,#3220,#3221,#3222));
#8745=EDGE_LOOP('',(#3223,#3224,#3225,#3226));
#8746=EDGE_LOOP('',(#3227,#3228,#3229,#3230));
#8747=EDGE_LOOP('',(#3231,#3232,#3233,#3234));
#8748=EDGE_LOOP('',(#3235,#3236,#3237,#3238));
#8749=EDGE_LOOP('',(#3239,#3240,#3241,#3242));
#8750=EDGE_LOOP('',(#3243,#3244,#3245,#3246));
#8751=EDGE_LOOP('',(#3247,#3248,#3249,#3250));
#8752=EDGE_LOOP('',(#3251,#3252,#3253,#3254));
#8753=EDGE_LOOP('',(#3255,#3256,#3257,#3258));
#8754=EDGE_LOOP('',(#3259,#3260,#3261,#3262,#3263));
#8755=EDGE_LOOP('',(#3264,#3265,#3266,#3267,#3268));
#8756=EDGE_LOOP('',(#3269,#3270,#3271,#3272));
#8757=EDGE_LOOP('',(#3273,#3274,#3275,#3276,#3277));
#8758=EDGE_LOOP('',(#3278,#3279,#3280,#3281));
#8759=EDGE_LOOP('',(#3282,#3283,#3284,#3285));
#8760=EDGE_LOOP('',(#3286,#3287,#3288,#3289,#3290));
#8761=EDGE_LOOP('',(#3291,#3292,#3293,#3294,#3295));
#8762=EDGE_LOOP('',(#3296,#3297,#3298,#3299));
#8763=EDGE_LOOP('',(#3300,#3301,#3302,#3303,#3304));
#8764=EDGE_LOOP('',(#3305,#3306,#3307,#3308));
#8765=EDGE_LOOP('',(#3309,#3310,#3311,#3312));
#8766=EDGE_LOOP('',(#3313,#3314,#3315,#3316,#3317));
#8767=EDGE_LOOP('',(#3318,#3319,#3320,#3321,#3322));
#8768=EDGE_LOOP('',(#3323,#3324,#3325,#3326));
#8769=EDGE_LOOP('',(#3327,#3328,#3329,#3330,#3331));
#8770=EDGE_LOOP('',(#3332,#3333,#3334,#3335));
#8771=EDGE_LOOP('',(#3336,#3337,#3338,#3339));
#8772=EDGE_LOOP('',(#3340,#3341,#3342,#3343,#3344));
#8773=EDGE_LOOP('',(#3345,#3346,#3347,#3348,#3349));
#8774=EDGE_LOOP('',(#3350,#3351,#3352,#3353));
#8775=EDGE_LOOP('',(#3354,#3355,#3356,#3357,#3358));
#8776=EDGE_LOOP('',(#3359,#3360,#3361,#3362));
#8777=EDGE_LOOP('',(#3363,#3364,#3365,#3366));
#8778=EDGE_LOOP('',(#3367,#3368,#3369,#3370,#3371));
#8779=EDGE_LOOP('',(#3372,#3373,#3374,#3375,#3376));
#8780=EDGE_LOOP('',(#3377,#3378,#3379,#3380));
#8781=EDGE_LOOP('',(#3381,#3382,#3383,#3384,#3385));
#8782=EDGE_LOOP('',(#3386,#3387,#3388,#3389));
#8783=EDGE_LOOP('',(#3390,#3391,#3392,#3393));
#8784=EDGE_LOOP('',(#3394,#3395,#3396,#3397));
#8785=EDGE_LOOP('',(#3398,#3399,#3400,#3401));
#8786=EDGE_LOOP('',(#3402,#3403,#3404));
#8787=EDGE_LOOP('',(#3405,#3406,#3407,#3408));
#8788=EDGE_LOOP('',(#3409,#3410,#3411,#3412));
#8789=EDGE_LOOP('',(#3413,#3414,#3415,#3416,#3417,#3418,#3419,#3420));
#8790=EDGE_LOOP('',(#3421,#3422,#3423,#3424));
#8791=EDGE_LOOP('',(#3425,#3426,#3427,#3428));
#8792=EDGE_LOOP('',(#3429,#3430,#3431,#3432));
#8793=EDGE_LOOP('',(#3433,#3434,#3435));
#8794=EDGE_LOOP('',(#3436,#3437,#3438,#3439));
#8795=EDGE_LOOP('',(#3440,#3441,#3442,#3443));
#8796=EDGE_LOOP('',(#3444,#3445,#3446,#3447,#3448,#3449,#3450,#3451));
#8797=EDGE_LOOP('',(#3452,#3453,#3454,#3455));
#8798=EDGE_LOOP('',(#3456,#3457,#3458,#3459));
#8799=EDGE_LOOP('',(#3460,#3461,#3462,#3463));
#8800=EDGE_LOOP('',(#3464,#3465,#3466));
#8801=EDGE_LOOP('',(#3467,#3468,#3469,#3470));
#8802=EDGE_LOOP('',(#3471,#3472,#3473,#3474));
#8803=EDGE_LOOP('',(#3475,#3476,#3477,#3478,#3479,#3480,#3481,#3482));
#8804=EDGE_LOOP('',(#3483,#3484,#3485,#3486));
#8805=EDGE_LOOP('',(#3487,#3488,#3489,#3490));
#8806=EDGE_LOOP('',(#3491,#3492,#3493,#3494));
#8807=EDGE_LOOP('',(#3495,#3496,#3497));
#8808=EDGE_LOOP('',(#3498,#3499,#3500,#3501));
#8809=EDGE_LOOP('',(#3502,#3503,#3504,#3505));
#8810=EDGE_LOOP('',(#3506,#3507,#3508,#3509,#3510,#3511,#3512,#3513));
#8811=EDGE_LOOP('',(#3514,#3515,#3516,#3517));
#8812=EDGE_LOOP('',(#3518,#3519,#3520,#3521));
#8813=EDGE_LOOP('',(#3522,#3523,#3524,#3525));
#8814=EDGE_LOOP('',(#3526,#3527,#3528));
#8815=EDGE_LOOP('',(#3529,#3530,#3531,#3532));
#8816=EDGE_LOOP('',(#3533,#3534,#3535,#3536));
#8817=EDGE_LOOP('',(#3537,#3538,#3539,#3540,#3541,#3542,#3543,#3544));
#8818=EDGE_LOOP('',(#3545,#3546,#3547,#3548));
#8819=EDGE_LOOP('',(#3549,#3550,#3551,#3552));
#8820=EDGE_LOOP('',(#3553,#3554,#3555,#3556));
#8821=EDGE_LOOP('',(#3557,#3558,#3559,#3560,#3561,#3562));
#8822=EDGE_LOOP('',(#3563,#3564,#3565,#3566));
#8823=EDGE_LOOP('',(#3567,#3568,#3569,#3570));
#8824=EDGE_LOOP('',(#3571,#3572,#3573,#3574,#3575,#3576));
#8825=EDGE_LOOP('',(#3577,#3578,#3579,#3580));
#8826=EDGE_LOOP('',(#3581,#3582,#3583,#3584));
#8827=EDGE_LOOP('',(#3585,#3586,#3587,#3588,#3589,#3590));
#8828=EDGE_LOOP('',(#3591,#3592,#3593,#3594));
#8829=EDGE_LOOP('',(#3595,#3596,#3597,#3598));
#8830=EDGE_LOOP('',(#3599,#3600,#3601,#3602,#3603,#3604));
#8831=EDGE_LOOP('',(#3605,#3606,#3607,#3608));
#8832=EDGE_LOOP('',(#3609,#3610,#3611,#3612));
#8833=EDGE_LOOP('',(#3613,#3614,#3615,#3616,#3617,#3618));
#8834=EDGE_LOOP('',(#3619,#3620,#3621,#3622));
#8835=EDGE_LOOP('',(#3623,#3624,#3625,#3626));
#8836=EDGE_LOOP('',(#3627,#3628,#3629,#3630,#3631));
#8837=EDGE_LOOP('',(#3632,#3633,#3634,#3635));
#8838=EDGE_LOOP('',(#3636,#3637,#3638,#3639,#3640));
#8839=EDGE_LOOP('',(#3641,#3642,#3643,#3644));
#8840=EDGE_LOOP('',(#3645,#3646,#3647,#3648));
#8841=EDGE_LOOP('',(#3649,#3650,#3651,#3652));
#8842=EDGE_LOOP('',(#3653,#3654,#3655,#3656,#3657));
#8843=EDGE_LOOP('',(#3658,#3659,#3660,#3661));
#8844=EDGE_LOOP('',(#3662,#3663,#3664,#3665,#3666));
#8845=EDGE_LOOP('',(#3667,#3668,#3669,#3670));
#8846=EDGE_LOOP('',(#3671,#3672,#3673,#3674));
#8847=EDGE_LOOP('',(#3675,#3676,#3677,#3678));
#8848=EDGE_LOOP('',(#3679,#3680,#3681,#3682,#3683));
#8849=EDGE_LOOP('',(#3684,#3685,#3686,#3687));
#8850=EDGE_LOOP('',(#3688,#3689,#3690,#3691,#3692));
#8851=EDGE_LOOP('',(#3693,#3694,#3695,#3696));
#8852=EDGE_LOOP('',(#3697,#3698,#3699,#3700));
#8853=EDGE_LOOP('',(#3701,#3702,#3703,#3704));
#8854=EDGE_LOOP('',(#3705,#3706,#3707,#3708,#3709));
#8855=EDGE_LOOP('',(#3710,#3711,#3712,#3713));
#8856=EDGE_LOOP('',(#3714,#3715,#3716,#3717,#3718));
#8857=EDGE_LOOP('',(#3719,#3720,#3721,#3722));
#8858=EDGE_LOOP('',(#3723,#3724,#3725,#3726));
#8859=EDGE_LOOP('',(#3727,#3728,#3729,#3730));
#8860=EDGE_LOOP('',(#3731,#3732,#3733,#3734,#3735));
#8861=EDGE_LOOP('',(#3736,#3737,#3738,#3739));
#8862=EDGE_LOOP('',(#3740,#3741,#3742,#3743,#3744));
#8863=EDGE_LOOP('',(#3745,#3746,#3747,#3748));
#8864=EDGE_LOOP('',(#3749,#3750,#3751,#3752));
#8865=EDGE_LOOP('',(#3753,#3754,#3755,#3756));
#8866=EDGE_LOOP('',(#3757,#3758,#3759,#3760));
#8867=EDGE_LOOP('',(#3761,#3762,#3763,#3764));
#8868=EDGE_LOOP('',(#3765,#3766,#3767,#3768));
#8869=EDGE_LOOP('',(#3769,#3770,#3771,#3772));
#8870=EDGE_LOOP('',(#3773,#3774,#3775,#3776));
#8871=EDGE_LOOP('',(#3777,#3778,#3779,#3780));
#8872=EDGE_LOOP('',(#3781,#3782,#3783,#3784));
#8873=EDGE_LOOP('',(#3785,#3786,#3787,#3788));
#8874=EDGE_LOOP('',(#3789,#3790,#3791,#3792));
#8875=EDGE_LOOP('',(#3793,#3794,#3795,#3796));
#8876=EDGE_LOOP('',(#3797,#3798,#3799,#3800));
#8877=EDGE_LOOP('',(#3801,#3802,#3803,#3804));
#8878=EDGE_LOOP('',(#3805,#3806,#3807,#3808));
#8879=EDGE_LOOP('',(#3809,#3810,#3811,#3812,#3813,#3814,#3815,#3816,#3817,
#3818));
#8880=EDGE_LOOP('',(#3819,#3820,#3821,#3822));
#8881=EDGE_LOOP('',(#3823,#3824,#3825,#3826));
#8882=EDGE_LOOP('',(#3827,#3828,#3829,#3830));
#8883=EDGE_LOOP('',(#3831,#3832,#3833,#3834));
#8884=EDGE_LOOP('',(#3835,#3836,#3837,#3838));
#8885=EDGE_LOOP('',(#3839,#3840,#3841,#3842));
#8886=EDGE_LOOP('',(#3843,#3844,#3845,#3846,#3847,#3848));
#8887=FACE_BOUND('',#8274,.T.);
#8888=FACE_BOUND('',#8275,.T.);
#8889=FACE_BOUND('',#8276,.T.);
#8890=FACE_BOUND('',#8277,.T.);
#8891=FACE_BOUND('',#8278,.T.);
#8892=FACE_BOUND('',#8279,.T.);
#8893=FACE_BOUND('',#8280,.T.);
#8894=FACE_BOUND('',#8281,.T.);
#8895=FACE_BOUND('',#8282,.T.);
#8896=FACE_BOUND('',#8283,.T.);
#8897=FACE_BOUND('',#8284,.T.);
#8898=FACE_BOUND('',#8285,.T.);
#8899=FACE_BOUND('',#8286,.T.);
#8900=FACE_BOUND('',#8287,.T.);
#8901=FACE_BOUND('',#8288,.T.);
#8902=FACE_BOUND('',#8289,.T.);
#8903=FACE_BOUND('',#8290,.T.);
#8904=FACE_BOUND('',#8291,.T.);
#8905=FACE_BOUND('',#8292,.T.);
#8906=FACE_BOUND('',#8293,.T.);
#8907=FACE_BOUND('',#8294,.T.);
#8908=FACE_BOUND('',#8295,.T.);
#8909=FACE_BOUND('',#8296,.T.);
#8910=FACE_BOUND('',#8297,.T.);
#8911=FACE_BOUND('',#8298,.T.);
#8912=FACE_BOUND('',#8299,.T.);
#8913=FACE_BOUND('',#8300,.T.);
#8914=FACE_BOUND('',#8301,.T.);
#8915=FACE_BOUND('',#8302,.T.);
#8916=FACE_BOUND('',#8303,.T.);
#8917=FACE_BOUND('',#8304,.T.);
#8918=FACE_BOUND('',#8305,.T.);
#8919=FACE_BOUND('',#8306,.T.);
#8920=FACE_BOUND('',#8307,.T.);
#8921=FACE_BOUND('',#8308,.T.);
#8922=FACE_BOUND('',#8309,.T.);
#8923=FACE_BOUND('',#8310,.T.);
#8924=FACE_BOUND('',#8311,.T.);
#8925=FACE_BOUND('',#8312,.T.);
#8926=FACE_BOUND('',#8313,.T.);
#8927=FACE_BOUND('',#8314,.T.);
#8928=FACE_BOUND('',#8315,.T.);
#8929=FACE_BOUND('',#8316,.T.);
#8930=FACE_BOUND('',#8317,.T.);
#8931=FACE_BOUND('',#8318,.T.);
#8932=FACE_BOUND('',#8319,.T.);
#8933=FACE_BOUND('',#8320,.T.);
#8934=FACE_BOUND('',#8321,.T.);
#8935=FACE_BOUND('',#8322,.T.);
#8936=FACE_BOUND('',#8323,.T.);
#8937=FACE_BOUND('',#8324,.T.);
#8938=FACE_BOUND('',#8325,.T.);
#8939=FACE_BOUND('',#8326,.T.);
#8940=FACE_BOUND('',#8327,.T.);
#8941=FACE_BOUND('',#8328,.T.);
#8942=FACE_BOUND('',#8329,.T.);
#8943=FACE_BOUND('',#8330,.T.);
#8944=FACE_BOUND('',#8331,.T.);
#8945=FACE_BOUND('',#8332,.T.);
#8946=FACE_BOUND('',#8333,.T.);
#8947=FACE_BOUND('',#8334,.T.);
#8948=FACE_BOUND('',#8335,.T.);
#8949=FACE_BOUND('',#8336,.T.);
#8950=FACE_BOUND('',#8337,.T.);
#8951=FACE_BOUND('',#8338,.T.);
#8952=FACE_BOUND('',#8339,.T.);
#8953=FACE_BOUND('',#8340,.T.);
#8954=FACE_BOUND('',#8341,.T.);
#8955=FACE_BOUND('',#8342,.T.);
#8956=FACE_BOUND('',#8343,.T.);
#8957=FACE_BOUND('',#8344,.T.);
#8958=FACE_BOUND('',#8345,.T.);
#8959=FACE_BOUND('',#8346,.T.);
#8960=FACE_BOUND('',#8347,.T.);
#8961=FACE_BOUND('',#8348,.T.);
#8962=FACE_BOUND('',#8349,.T.);
#8963=FACE_BOUND('',#8350,.T.);
#8964=FACE_BOUND('',#8351,.T.);
#8965=FACE_BOUND('',#8352,.T.);
#8966=FACE_BOUND('',#8353,.T.);
#8967=FACE_BOUND('',#8354,.T.);
#8968=FACE_BOUND('',#8355,.T.);
#8969=FACE_BOUND('',#8356,.T.);
#8970=FACE_BOUND('',#8357,.T.);
#8971=FACE_BOUND('',#8358,.T.);
#8972=FACE_BOUND('',#8359,.T.);
#8973=FACE_BOUND('',#8360,.T.);
#8974=FACE_BOUND('',#8361,.T.);
#8975=FACE_BOUND('',#8362,.T.);
#8976=FACE_BOUND('',#8363,.T.);
#8977=FACE_BOUND('',#8364,.T.);
#8978=FACE_BOUND('',#8365,.T.);
#8979=FACE_BOUND('',#8366,.T.);
#8980=FACE_BOUND('',#8367,.T.);
#8981=FACE_BOUND('',#8368,.T.);
#8982=FACE_BOUND('',#8369,.T.);
#8983=FACE_BOUND('',#8370,.T.);
#8984=FACE_BOUND('',#8371,.T.);
#8985=FACE_BOUND('',#8372,.T.);
#8986=FACE_BOUND('',#8373,.T.);
#8987=FACE_BOUND('',#8374,.T.);
#8988=FACE_BOUND('',#8375,.T.);
#8989=FACE_BOUND('',#8376,.T.);
#8990=FACE_BOUND('',#8377,.T.);
#8991=FACE_BOUND('',#8378,.T.);
#8992=FACE_BOUND('',#8379,.T.);
#8993=FACE_BOUND('',#8380,.T.);
#8994=FACE_BOUND('',#8381,.T.);
#8995=FACE_BOUND('',#8382,.T.);
#8996=FACE_BOUND('',#8383,.T.);
#8997=FACE_BOUND('',#8384,.T.);
#8998=FACE_BOUND('',#8385,.T.);
#8999=FACE_BOUND('',#8386,.T.);
#9000=FACE_BOUND('',#8387,.T.);
#9001=FACE_BOUND('',#8388,.T.);
#9002=FACE_BOUND('',#8389,.T.);
#9003=FACE_BOUND('',#8390,.T.);
#9004=FACE_BOUND('',#8391,.T.);
#9005=FACE_BOUND('',#8392,.T.);
#9006=FACE_BOUND('',#8393,.T.);
#9007=FACE_BOUND('',#8394,.T.);
#9008=FACE_BOUND('',#8395,.T.);
#9009=FACE_BOUND('',#8396,.T.);
#9010=FACE_BOUND('',#8397,.T.);
#9011=FACE_BOUND('',#8398,.T.);
#9012=FACE_BOUND('',#8399,.T.);
#9013=FACE_BOUND('',#8400,.T.);
#9014=FACE_BOUND('',#8401,.T.);
#9015=FACE_BOUND('',#8402,.T.);
#9016=FACE_BOUND('',#8403,.T.);
#9017=FACE_BOUND('',#8404,.T.);
#9018=FACE_BOUND('',#8405,.T.);
#9019=FACE_BOUND('',#8406,.T.);
#9020=FACE_BOUND('',#8407,.T.);
#9021=FACE_BOUND('',#8408,.T.);
#9022=FACE_BOUND('',#8409,.T.);
#9023=FACE_BOUND('',#8410,.T.);
#9024=FACE_BOUND('',#8411,.T.);
#9025=FACE_BOUND('',#8412,.T.);
#9026=FACE_BOUND('',#8413,.T.);
#9027=FACE_BOUND('',#8414,.T.);
#9028=FACE_BOUND('',#8415,.T.);
#9029=FACE_BOUND('',#8416,.T.);
#9030=FACE_BOUND('',#8417,.T.);
#9031=FACE_BOUND('',#8418,.T.);
#9032=FACE_BOUND('',#8419,.T.);
#9033=FACE_BOUND('',#8420,.T.);
#9034=FACE_BOUND('',#8421,.T.);
#9035=FACE_BOUND('',#8422,.T.);
#9036=FACE_BOUND('',#8423,.T.);
#9037=FACE_BOUND('',#8424,.T.);
#9038=FACE_BOUND('',#8425,.T.);
#9039=FACE_BOUND('',#8426,.T.);
#9040=FACE_BOUND('',#8427,.T.);
#9041=FACE_BOUND('',#8428,.T.);
#9042=FACE_BOUND('',#8429,.T.);
#9043=FACE_BOUND('',#8430,.T.);
#9044=FACE_BOUND('',#8431,.T.);
#9045=FACE_BOUND('',#8432,.T.);
#9046=FACE_BOUND('',#8433,.T.);
#9047=FACE_BOUND('',#8434,.T.);
#9048=FACE_BOUND('',#8435,.T.);
#9049=FACE_BOUND('',#8436,.T.);
#9050=FACE_BOUND('',#8437,.T.);
#9051=FACE_BOUND('',#8438,.T.);
#9052=FACE_BOUND('',#8439,.T.);
#9053=FACE_BOUND('',#8440,.T.);
#9054=FACE_BOUND('',#8441,.T.);
#9055=FACE_BOUND('',#8442,.T.);
#9056=FACE_BOUND('',#8443,.T.);
#9057=FACE_BOUND('',#8444,.T.);
#9058=FACE_BOUND('',#8445,.T.);
#9059=FACE_BOUND('',#8446,.T.);
#9060=FACE_BOUND('',#8447,.T.);
#9061=FACE_BOUND('',#8448,.T.);
#9062=FACE_BOUND('',#8449,.T.);
#9063=FACE_BOUND('',#8450,.T.);
#9064=FACE_BOUND('',#8451,.T.);
#9065=FACE_BOUND('',#8452,.T.);
#9066=FACE_BOUND('',#8453,.T.);
#9067=FACE_BOUND('',#8454,.T.);
#9068=FACE_BOUND('',#8455,.T.);
#9069=FACE_BOUND('',#8456,.T.);
#9070=FACE_BOUND('',#8457,.T.);
#9071=FACE_BOUND('',#8458,.T.);
#9072=FACE_BOUND('',#8459,.T.);
#9073=FACE_BOUND('',#8460,.T.);
#9074=FACE_BOUND('',#8461,.T.);
#9075=FACE_BOUND('',#8462,.T.);
#9076=FACE_BOUND('',#8463,.T.);
#9077=FACE_BOUND('',#8464,.T.);
#9078=FACE_BOUND('',#8465,.T.);
#9079=FACE_BOUND('',#8466,.T.);
#9080=FACE_BOUND('',#8467,.T.);
#9081=FACE_BOUND('',#8468,.T.);
#9082=FACE_BOUND('',#8469,.T.);
#9083=FACE_BOUND('',#8470,.T.);
#9084=FACE_BOUND('',#8471,.T.);
#9085=FACE_BOUND('',#8472,.T.);
#9086=FACE_BOUND('',#8473,.T.);
#9087=FACE_BOUND('',#8474,.T.);
#9088=FACE_BOUND('',#8475,.T.);
#9089=FACE_BOUND('',#8476,.T.);
#9090=FACE_BOUND('',#8477,.T.);
#9091=FACE_BOUND('',#8478,.T.);
#9092=FACE_BOUND('',#8479,.T.);
#9093=FACE_BOUND('',#8480,.T.);
#9094=FACE_BOUND('',#8481,.T.);
#9095=FACE_BOUND('',#8482,.T.);
#9096=FACE_BOUND('',#8483,.T.);
#9097=FACE_BOUND('',#8484,.T.);
#9098=FACE_BOUND('',#8485,.T.);
#9099=FACE_BOUND('',#8486,.T.);
#9100=FACE_BOUND('',#8487,.T.);
#9101=FACE_BOUND('',#8488,.T.);
#9102=FACE_BOUND('',#8489,.T.);
#9103=FACE_BOUND('',#8490,.T.);
#9104=FACE_BOUND('',#8491,.T.);
#9105=FACE_BOUND('',#8492,.T.);
#9106=FACE_BOUND('',#8493,.T.);
#9107=FACE_BOUND('',#8494,.T.);
#9108=FACE_BOUND('',#8495,.T.);
#9109=FACE_BOUND('',#8496,.T.);
#9110=FACE_BOUND('',#8497,.T.);
#9111=FACE_BOUND('',#8498,.T.);
#9112=FACE_BOUND('',#8499,.T.);
#9113=FACE_BOUND('',#8500,.T.);
#9114=FACE_BOUND('',#8501,.T.);
#9115=FACE_BOUND('',#8502,.T.);
#9116=FACE_BOUND('',#8503,.T.);
#9117=FACE_BOUND('',#8504,.T.);
#9118=FACE_BOUND('',#8505,.T.);
#9119=FACE_BOUND('',#8506,.T.);
#9120=FACE_BOUND('',#8507,.T.);
#9121=FACE_BOUND('',#8508,.T.);
#9122=FACE_BOUND('',#8509,.T.);
#9123=FACE_BOUND('',#8510,.T.);
#9124=FACE_BOUND('',#8511,.T.);
#9125=FACE_BOUND('',#8512,.T.);
#9126=FACE_BOUND('',#8513,.T.);
#9127=FACE_BOUND('',#8514,.T.);
#9128=FACE_BOUND('',#8515,.T.);
#9129=FACE_BOUND('',#8516,.T.);
#9130=FACE_BOUND('',#8517,.T.);
#9131=FACE_BOUND('',#8518,.T.);
#9132=FACE_BOUND('',#8519,.T.);
#9133=FACE_BOUND('',#8520,.T.);
#9134=FACE_BOUND('',#8521,.T.);
#9135=FACE_BOUND('',#8522,.T.);
#9136=FACE_BOUND('',#8523,.T.);
#9137=FACE_BOUND('',#8524,.T.);
#9138=FACE_BOUND('',#8525,.T.);
#9139=FACE_BOUND('',#8526,.T.);
#9140=FACE_BOUND('',#8527,.T.);
#9141=FACE_BOUND('',#8528,.T.);
#9142=FACE_BOUND('',#8529,.T.);
#9143=FACE_BOUND('',#8530,.T.);
#9144=FACE_BOUND('',#8531,.T.);
#9145=FACE_BOUND('',#8532,.T.);
#9146=FACE_BOUND('',#8533,.T.);
#9147=FACE_BOUND('',#8534,.T.);
#9148=FACE_BOUND('',#8535,.T.);
#9149=FACE_BOUND('',#8536,.T.);
#9150=FACE_BOUND('',#8537,.T.);
#9151=FACE_BOUND('',#8538,.T.);
#9152=FACE_BOUND('',#8539,.T.);
#9153=FACE_BOUND('',#8540,.T.);
#9154=FACE_BOUND('',#8541,.T.);
#9155=FACE_BOUND('',#8542,.T.);
#9156=FACE_BOUND('',#8543,.T.);
#9157=FACE_BOUND('',#8544,.T.);
#9158=FACE_BOUND('',#8545,.T.);
#9159=FACE_BOUND('',#8546,.T.);
#9160=FACE_BOUND('',#8547,.T.);
#9161=FACE_BOUND('',#8548,.T.);
#9162=FACE_BOUND('',#8549,.T.);
#9163=FACE_BOUND('',#8550,.T.);
#9164=FACE_BOUND('',#8551,.T.);
#9165=FACE_BOUND('',#8552,.T.);
#9166=FACE_BOUND('',#8553,.T.);
#9167=FACE_BOUND('',#8554,.T.);
#9168=FACE_BOUND('',#8555,.T.);
#9169=FACE_BOUND('',#8556,.T.);
#9170=FACE_BOUND('',#8557,.T.);
#9171=FACE_BOUND('',#8558,.T.);
#9172=FACE_BOUND('',#8559,.T.);
#9173=FACE_BOUND('',#8560,.T.);
#9174=FACE_BOUND('',#8561,.T.);
#9175=FACE_BOUND('',#8562,.T.);
#9176=FACE_BOUND('',#8563,.T.);
#9177=FACE_BOUND('',#8564,.T.);
#9178=FACE_BOUND('',#8565,.T.);
#9179=FACE_BOUND('',#8566,.T.);
#9180=FACE_BOUND('',#8567,.T.);
#9181=FACE_BOUND('',#8568,.T.);
#9182=FACE_BOUND('',#8569,.T.);
#9183=FACE_BOUND('',#8570,.T.);
#9184=FACE_BOUND('',#8571,.T.);
#9185=FACE_BOUND('',#8572,.T.);
#9186=FACE_BOUND('',#8573,.T.);
#9187=FACE_BOUND('',#8574,.T.);
#9188=FACE_BOUND('',#8575,.T.);
#9189=FACE_BOUND('',#8576,.T.);
#9190=FACE_BOUND('',#8577,.T.);
#9191=FACE_BOUND('',#8578,.T.);
#9192=FACE_BOUND('',#8579,.T.);
#9193=FACE_BOUND('',#8580,.T.);
#9194=FACE_BOUND('',#8581,.T.);
#9195=FACE_BOUND('',#8582,.T.);
#9196=FACE_BOUND('',#8583,.T.);
#9197=FACE_BOUND('',#8584,.T.);
#9198=FACE_BOUND('',#8585,.T.);
#9199=FACE_BOUND('',#8586,.T.);
#9200=FACE_BOUND('',#8587,.T.);
#9201=FACE_BOUND('',#8588,.T.);
#9202=FACE_BOUND('',#8589,.T.);
#9203=FACE_BOUND('',#8590,.T.);
#9204=FACE_BOUND('',#8591,.T.);
#9205=FACE_BOUND('',#8592,.T.);
#9206=FACE_BOUND('',#8593,.T.);
#9207=FACE_BOUND('',#8594,.T.);
#9208=FACE_BOUND('',#8595,.T.);
#9209=FACE_BOUND('',#8596,.T.);
#9210=FACE_BOUND('',#8597,.T.);
#9211=FACE_BOUND('',#8598,.T.);
#9212=FACE_BOUND('',#8599,.T.);
#9213=FACE_BOUND('',#8600,.T.);
#9214=FACE_BOUND('',#8601,.T.);
#9215=FACE_BOUND('',#8602,.T.);
#9216=FACE_BOUND('',#8603,.T.);
#9217=FACE_BOUND('',#8604,.T.);
#9218=FACE_BOUND('',#8605,.T.);
#9219=FACE_BOUND('',#8606,.T.);
#9220=FACE_BOUND('',#8607,.T.);
#9221=FACE_BOUND('',#8608,.T.);
#9222=FACE_BOUND('',#8609,.T.);
#9223=FACE_BOUND('',#8610,.T.);
#9224=FACE_BOUND('',#8611,.T.);
#9225=FACE_BOUND('',#8612,.T.);
#9226=FACE_BOUND('',#8613,.T.);
#9227=FACE_BOUND('',#8614,.T.);
#9228=FACE_BOUND('',#8615,.T.);
#9229=FACE_BOUND('',#8616,.T.);
#9230=FACE_BOUND('',#8617,.T.);
#9231=FACE_BOUND('',#8618,.T.);
#9232=FACE_BOUND('',#8619,.T.);
#9233=FACE_BOUND('',#8620,.T.);
#9234=FACE_BOUND('',#8621,.T.);
#9235=FACE_BOUND('',#8622,.T.);
#9236=FACE_BOUND('',#8623,.T.);
#9237=FACE_BOUND('',#8624,.T.);
#9238=FACE_BOUND('',#8625,.T.);
#9239=FACE_BOUND('',#8626,.T.);
#9240=FACE_BOUND('',#8627,.T.);
#9241=FACE_BOUND('',#8628,.T.);
#9242=FACE_BOUND('',#8629,.T.);
#9243=FACE_BOUND('',#8630,.T.);
#9244=FACE_BOUND('',#8631,.T.);
#9245=FACE_BOUND('',#8632,.T.);
#9246=FACE_BOUND('',#8633,.T.);
#9247=FACE_BOUND('',#8634,.T.);
#9248=FACE_BOUND('',#8635,.T.);
#9249=FACE_BOUND('',#8636,.T.);
#9250=FACE_BOUND('',#8637,.T.);
#9251=FACE_BOUND('',#8638,.T.);
#9252=FACE_BOUND('',#8639,.T.);
#9253=FACE_BOUND('',#8640,.T.);
#9254=FACE_BOUND('',#8641,.T.);
#9255=FACE_BOUND('',#8642,.T.);
#9256=FACE_BOUND('',#8643,.T.);
#9257=FACE_BOUND('',#8644,.T.);
#9258=FACE_BOUND('',#8645,.T.);
#9259=FACE_BOUND('',#8646,.T.);
#9260=FACE_BOUND('',#8647,.T.);
#9261=FACE_BOUND('',#8648,.T.);
#9262=FACE_BOUND('',#8649,.T.);
#9263=FACE_BOUND('',#8650,.T.);
#9264=FACE_BOUND('',#8651,.T.);
#9265=FACE_BOUND('',#8652,.T.);
#9266=FACE_BOUND('',#8653,.T.);
#9267=FACE_BOUND('',#8654,.T.);
#9268=FACE_BOUND('',#8655,.T.);
#9269=FACE_BOUND('',#8656,.T.);
#9270=FACE_BOUND('',#8657,.T.);
#9271=FACE_BOUND('',#8658,.T.);
#9272=FACE_BOUND('',#8659,.T.);
#9273=FACE_BOUND('',#8660,.T.);
#9274=FACE_BOUND('',#8661,.T.);
#9275=FACE_BOUND('',#8662,.T.);
#9276=FACE_BOUND('',#8663,.T.);
#9277=FACE_BOUND('',#8664,.T.);
#9278=FACE_BOUND('',#8665,.T.);
#9279=FACE_BOUND('',#8666,.T.);
#9280=FACE_BOUND('',#8667,.T.);
#9281=FACE_BOUND('',#8668,.T.);
#9282=FACE_BOUND('',#8669,.T.);
#9283=FACE_BOUND('',#8670,.T.);
#9284=FACE_BOUND('',#8671,.T.);
#9285=FACE_BOUND('',#8672,.T.);
#9286=FACE_BOUND('',#8673,.T.);
#9287=FACE_BOUND('',#8674,.T.);
#9288=FACE_BOUND('',#8675,.T.);
#9289=FACE_BOUND('',#8676,.T.);
#9290=FACE_BOUND('',#8677,.T.);
#9291=FACE_BOUND('',#8678,.T.);
#9292=FACE_BOUND('',#8679,.T.);
#9293=FACE_BOUND('',#8680,.T.);
#9294=FACE_BOUND('',#8681,.T.);
#9295=FACE_BOUND('',#8682,.T.);
#9296=FACE_BOUND('',#8683,.T.);
#9297=FACE_BOUND('',#8684,.T.);
#9298=FACE_BOUND('',#8685,.T.);
#9299=FACE_BOUND('',#8686,.T.);
#9300=FACE_BOUND('',#8687,.T.);
#9301=FACE_BOUND('',#8688,.T.);
#9302=FACE_BOUND('',#8689,.T.);
#9303=FACE_BOUND('',#8690,.T.);
#9304=FACE_BOUND('',#8691,.T.);
#9305=FACE_BOUND('',#8692,.T.);
#9306=FACE_BOUND('',#8693,.T.);
#9307=FACE_BOUND('',#8694,.T.);
#9308=FACE_BOUND('',#8695,.T.);
#9309=FACE_BOUND('',#8696,.T.);
#9310=FACE_BOUND('',#8697,.T.);
#9311=FACE_BOUND('',#8698,.T.);
#9312=FACE_BOUND('',#8699,.T.);
#9313=FACE_BOUND('',#8700,.T.);
#9314=FACE_BOUND('',#8701,.T.);
#9315=FACE_BOUND('',#8702,.T.);
#9316=FACE_BOUND('',#8703,.T.);
#9317=FACE_BOUND('',#8704,.T.);
#9318=FACE_BOUND('',#8705,.T.);
#9319=FACE_BOUND('',#8706,.T.);
#9320=FACE_BOUND('',#8707,.T.);
#9321=FACE_BOUND('',#8708,.T.);
#9322=FACE_BOUND('',#8709,.T.);
#9323=FACE_BOUND('',#8710,.T.);
#9324=FACE_BOUND('',#8711,.T.);
#9325=FACE_BOUND('',#8712,.T.);
#9326=FACE_BOUND('',#8713,.T.);
#9327=FACE_BOUND('',#8714,.T.);
#9328=FACE_BOUND('',#8715,.T.);
#9329=FACE_BOUND('',#8716,.T.);
#9330=FACE_BOUND('',#8717,.T.);
#9331=FACE_BOUND('',#8718,.T.);
#9332=FACE_BOUND('',#8719,.T.);
#9333=FACE_BOUND('',#8720,.T.);
#9334=FACE_BOUND('',#8721,.T.);
#9335=FACE_BOUND('',#8722,.T.);
#9336=FACE_BOUND('',#8723,.T.);
#9337=FACE_BOUND('',#8724,.T.);
#9338=FACE_BOUND('',#8725,.T.);
#9339=FACE_BOUND('',#8726,.T.);
#9340=FACE_BOUND('',#8727,.T.);
#9341=FACE_BOUND('',#8728,.T.);
#9342=FACE_BOUND('',#8729,.T.);
#9343=FACE_BOUND('',#8730,.T.);
#9344=FACE_BOUND('',#8731,.T.);
#9345=FACE_BOUND('',#8732,.T.);
#9346=FACE_BOUND('',#8733,.T.);
#9347=FACE_BOUND('',#8734,.T.);
#9348=FACE_BOUND('',#8735,.T.);
#9349=FACE_BOUND('',#8736,.T.);
#9350=FACE_BOUND('',#8737,.T.);
#9351=FACE_BOUND('',#8738,.T.);
#9352=FACE_BOUND('',#8739,.T.);
#9353=FACE_BOUND('',#8740,.T.);
#9354=FACE_BOUND('',#8741,.T.);
#9355=FACE_BOUND('',#8742,.T.);
#9356=FACE_BOUND('',#8743,.T.);
#9357=FACE_BOUND('',#8744,.T.);
#9358=FACE_BOUND('',#8745,.T.);
#9359=FACE_BOUND('',#8746,.T.);
#9360=FACE_BOUND('',#8747,.T.);
#9361=FACE_BOUND('',#8748,.T.);
#9362=FACE_BOUND('',#8749,.T.);
#9363=FACE_BOUND('',#8750,.T.);
#9364=FACE_BOUND('',#8751,.T.);
#9365=FACE_BOUND('',#8752,.T.);
#9366=FACE_BOUND('',#8753,.T.);
#9367=FACE_BOUND('',#8754,.T.);
#9368=FACE_BOUND('',#8755,.T.);
#9369=FACE_BOUND('',#8756,.T.);
#9370=FACE_BOUND('',#8757,.T.);
#9371=FACE_BOUND('',#8758,.T.);
#9372=FACE_BOUND('',#8759,.T.);
#9373=FACE_BOUND('',#8760,.T.);
#9374=FACE_BOUND('',#8761,.T.);
#9375=FACE_BOUND('',#8762,.T.);
#9376=FACE_BOUND('',#8763,.T.);
#9377=FACE_BOUND('',#8764,.T.);
#9378=FACE_BOUND('',#8765,.T.);
#9379=FACE_BOUND('',#8766,.T.);
#9380=FACE_BOUND('',#8767,.T.);
#9381=FACE_BOUND('',#8768,.T.);
#9382=FACE_BOUND('',#8769,.T.);
#9383=FACE_BOUND('',#8770,.T.);
#9384=FACE_BOUND('',#8771,.T.);
#9385=FACE_BOUND('',#8772,.T.);
#9386=FACE_BOUND('',#8773,.T.);
#9387=FACE_BOUND('',#8774,.T.);
#9388=FACE_BOUND('',#8775,.T.);
#9389=FACE_BOUND('',#8776,.T.);
#9390=FACE_BOUND('',#8777,.T.);
#9391=FACE_BOUND('',#8778,.T.);
#9392=FACE_BOUND('',#8779,.T.);
#9393=FACE_BOUND('',#8780,.T.);
#9394=FACE_BOUND('',#8781,.T.);
#9395=FACE_BOUND('',#8782,.T.);
#9396=FACE_BOUND('',#8783,.T.);
#9397=FACE_BOUND('',#8784,.T.);
#9398=FACE_BOUND('',#8785,.T.);
#9399=FACE_BOUND('',#8786,.T.);
#9400=FACE_BOUND('',#8787,.T.);
#9401=FACE_BOUND('',#8788,.T.);
#9402=FACE_BOUND('',#8789,.T.);
#9403=FACE_BOUND('',#8790,.T.);
#9404=FACE_BOUND('',#8791,.T.);
#9405=FACE_BOUND('',#8792,.T.);
#9406=FACE_BOUND('',#8793,.T.);
#9407=FACE_BOUND('',#8794,.T.);
#9408=FACE_BOUND('',#8795,.T.);
#9409=FACE_BOUND('',#8796,.T.);
#9410=FACE_BOUND('',#8797,.T.);
#9411=FACE_BOUND('',#8798,.T.);
#9412=FACE_BOUND('',#8799,.T.);
#9413=FACE_BOUND('',#8800,.T.);
#9414=FACE_BOUND('',#8801,.T.);
#9415=FACE_BOUND('',#8802,.T.);
#9416=FACE_BOUND('',#8803,.T.);
#9417=FACE_BOUND('',#8804,.T.);
#9418=FACE_BOUND('',#8805,.T.);
#9419=FACE_BOUND('',#8806,.T.);
#9420=FACE_BOUND('',#8807,.T.);
#9421=FACE_BOUND('',#8808,.T.);
#9422=FACE_BOUND('',#8809,.T.);
#9423=FACE_BOUND('',#8810,.T.);
#9424=FACE_BOUND('',#8811,.T.);
#9425=FACE_BOUND('',#8812,.T.);
#9426=FACE_BOUND('',#8813,.T.);
#9427=FACE_BOUND('',#8814,.T.);
#9428=FACE_BOUND('',#8815,.T.);
#9429=FACE_BOUND('',#8816,.T.);
#9430=FACE_BOUND('',#8817,.T.);
#9431=FACE_BOUND('',#8818,.T.);
#9432=FACE_BOUND('',#8819,.T.);
#9433=FACE_BOUND('',#8820,.T.);
#9434=FACE_BOUND('',#8821,.T.);
#9435=FACE_BOUND('',#8822,.T.);
#9436=FACE_BOUND('',#8823,.T.);
#9437=FACE_BOUND('',#8824,.T.);
#9438=FACE_BOUND('',#8825,.T.);
#9439=FACE_BOUND('',#8826,.T.);
#9440=FACE_BOUND('',#8827,.T.);
#9441=FACE_BOUND('',#8828,.T.);
#9442=FACE_BOUND('',#8829,.T.);
#9443=FACE_BOUND('',#8830,.T.);
#9444=FACE_BOUND('',#8831,.T.);
#9445=FACE_BOUND('',#8832,.T.);
#9446=FACE_BOUND('',#8833,.T.);
#9447=FACE_BOUND('',#8834,.T.);
#9448=FACE_BOUND('',#8835,.T.);
#9449=FACE_BOUND('',#8836,.T.);
#9450=FACE_BOUND('',#8837,.T.);
#9451=FACE_BOUND('',#8838,.T.);
#9452=FACE_BOUND('',#8839,.T.);
#9453=FACE_BOUND('',#8840,.T.);
#9454=FACE_BOUND('',#8841,.T.);
#9455=FACE_BOUND('',#8842,.T.);
#9456=FACE_BOUND('',#8843,.T.);
#9457=FACE_BOUND('',#8844,.T.);
#9458=FACE_BOUND('',#8845,.T.);
#9459=FACE_BOUND('',#8846,.T.);
#9460=FACE_BOUND('',#8847,.T.);
#9461=FACE_BOUND('',#8848,.T.);
#9462=FACE_BOUND('',#8849,.T.);
#9463=FACE_BOUND('',#8850,.T.);
#9464=FACE_BOUND('',#8851,.T.);
#9465=FACE_BOUND('',#8852,.T.);
#9466=FACE_BOUND('',#8853,.T.);
#9467=FACE_BOUND('',#8854,.T.);
#9468=FACE_BOUND('',#8855,.T.);
#9469=FACE_BOUND('',#8856,.T.);
#9470=FACE_BOUND('',#8857,.T.);
#9471=FACE_BOUND('',#8858,.T.);
#9472=FACE_BOUND('',#8859,.T.);
#9473=FACE_BOUND('',#8860,.T.);
#9474=FACE_BOUND('',#8861,.T.);
#9475=FACE_BOUND('',#8862,.T.);
#9476=FACE_BOUND('',#8863,.T.);
#9477=FACE_BOUND('',#8864,.T.);
#9478=FACE_BOUND('',#8865,.T.);
#9479=FACE_BOUND('',#8866,.T.);
#9480=FACE_BOUND('',#8867,.T.);
#9481=FACE_BOUND('',#8868,.T.);
#9482=FACE_BOUND('',#8869,.T.);
#9483=FACE_BOUND('',#8870,.T.);
#9484=FACE_BOUND('',#8871,.T.);
#9485=FACE_BOUND('',#8872,.T.);
#9486=FACE_BOUND('',#8873,.T.);
#9487=FACE_BOUND('',#8874,.T.);
#9488=FACE_BOUND('',#8875,.T.);
#9489=FACE_BOUND('',#8876,.T.);
#9490=FACE_BOUND('',#8877,.T.);
#9491=FACE_BOUND('',#8878,.T.);
#9492=FACE_BOUND('',#8879,.T.);
#9493=FACE_BOUND('',#8880,.T.);
#9494=FACE_BOUND('',#8881,.T.);
#9495=FACE_BOUND('',#8882,.T.);
#9496=FACE_BOUND('',#8883,.T.);
#9497=FACE_BOUND('',#8884,.T.);
#9498=FACE_BOUND('',#8885,.T.);
#9499=FACE_BOUND('',#8886,.T.);
#9500=CYLINDRICAL_SURFACE('',#14254,0.3);
#9501=CYLINDRICAL_SURFACE('',#14257,0.250000000000002);
#9502=CYLINDRICAL_SURFACE('',#14270,0.250000000000002);
#9503=CYLINDRICAL_SURFACE('',#14283,0.250000000000002);
#9504=CYLINDRICAL_SURFACE('',#14296,0.250000000000002);
#9505=CYLINDRICAL_SURFACE('',#14321,0.250000000000002);
#9506=CYLINDRICAL_SURFACE('',#14377,0.300000000000003);
#9507=CYLINDRICAL_SURFACE('',#14380,0.300000000000003);
#9508=CYLINDRICAL_SURFACE('',#14383,0.300000000000003);
#9509=CYLINDRICAL_SURFACE('',#14386,0.300000000000003);
#9510=CYLINDRICAL_SURFACE('',#14389,0.300000000000003);
#9511=CYLINDRICAL_SURFACE('',#14414,0.300000000000003);
#9512=CYLINDRICAL_SURFACE('',#14492,0.3);
#9513=CYLINDRICAL_SURFACE('',#14494,0.3);
#9514=CYLINDRICAL_SURFACE('',#14496,0.3);
#9515=CYLINDRICAL_SURFACE('',#14498,0.3);
#9516=CYLINDRICAL_SURFACE('',#14500,0.3);
#9517=CYLINDRICAL_SURFACE('',#14503,0.300000000000002);
#9518=CYLINDRICAL_SURFACE('',#14507,0.3);
#9519=CYLINDRICAL_SURFACE('',#14510,0.500000000000005);
#9520=CYLINDRICAL_SURFACE('',#14559,0.299999999999991);
#9521=CYLINDRICAL_SURFACE('',#14583,1.40000000000001);
#9522=CYLINDRICAL_SURFACE('',#14584,1.5);
#9523=CYLINDRICAL_SURFACE('',#14587,0.200000000000007);
#9524=CYLINDRICAL_SURFACE('',#14588,1.4);
#9525=CYLINDRICAL_SURFACE('',#14601,1.40000000000001);
#9526=CYLINDRICAL_SURFACE('',#14602,1.5);
#9527=CYLINDRICAL_SURFACE('',#14605,0.200000000000007);
#9528=CYLINDRICAL_SURFACE('',#14606,1.4);
#9529=CYLINDRICAL_SURFACE('',#14619,1.40000000000001);
#9530=CYLINDRICAL_SURFACE('',#14620,1.5);
#9531=CYLINDRICAL_SURFACE('',#14623,0.200000000000007);
#9532=CYLINDRICAL_SURFACE('',#14624,1.4);
#9533=CYLINDRICAL_SURFACE('',#14637,1.40000000000001);
#9534=CYLINDRICAL_SURFACE('',#14638,1.5);
#9535=CYLINDRICAL_SURFACE('',#14641,0.200000000000007);
#9536=CYLINDRICAL_SURFACE('',#14642,1.4);
#9537=CYLINDRICAL_SURFACE('',#14655,1.40000000000001);
#9538=CYLINDRICAL_SURFACE('',#14656,1.5);
#9539=CYLINDRICAL_SURFACE('',#14659,0.200000000000007);
#9540=CYLINDRICAL_SURFACE('',#14660,1.4);
#9541=CYLINDRICAL_SURFACE('',#14671,1.4);
#9542=CYLINDRICAL_SURFACE('',#14674,1.4);
#9543=CYLINDRICAL_SURFACE('',#14677,1.4);
#9544=CYLINDRICAL_SURFACE('',#14680,1.4);
#9545=CYLINDRICAL_SURFACE('',#14683,1.4);
#9546=CYLINDRICAL_SURFACE('',#14738,1.05);
#9547=CYLINDRICAL_SURFACE('',#14743,1.05);
#9548=CYLINDRICAL_SURFACE('',#14748,1.05);
#9549=CYLINDRICAL_SURFACE('',#14753,1.05);
#9550=CYLINDRICAL_SURFACE('',#14758,1.05);
#9551=CYLINDRICAL_SURFACE('',#14764,0.299999999999999);
#9552=CYLINDRICAL_SURFACE('',#14767,0.299999999999999);
#9553=CYLINDRICAL_SURFACE('',#14773,0.299999999999999);
#9554=CYLINDRICAL_SURFACE('',#14776,0.299999999999999);
#9555=CYLINDRICAL_SURFACE('',#14782,0.299999999999999);
#9556=CYLINDRICAL_SURFACE('',#14785,0.299999999999999);
#9557=CYLINDRICAL_SURFACE('',#14791,0.299999999999999);
#9558=CYLINDRICAL_SURFACE('',#14794,0.299999999999999);
#9559=CYLINDRICAL_SURFACE('',#14800,0.299999999999999);
#9560=CYLINDRICAL_SURFACE('',#14803,0.299999999999999);
#9561=CYLINDRICAL_SURFACE('',#14844,0.3);
#9562=CYLINDRICAL_SURFACE('',#14846,0.2);
#9563=CYLINDRICAL_SURFACE('',#14848,0.499999999999998);
#9564=CYLINDRICAL_SURFACE('',#14852,0.5);
#9565=CYLINDRICAL_SURFACE('',#14854,0.500000000000001);
#9566=CYLINDRICAL_SURFACE('',#14856,0.499999999999993);
#9567=CYLINDRICAL_SURFACE('',#14858,0.500000000000002);
#9568=CYLINDRICAL_SURFACE('',#14859,0.200000000000003);
#9569=CYLINDRICAL_SURFACE('',#14861,0.299999999999999);
#9570=CYLINDRICAL_SURFACE('',#14985,0.3);
#9571=CYLINDRICAL_SURFACE('',#14987,0.2);
#9572=CYLINDRICAL_SURFACE('',#14989,0.499999999999998);
#9573=CYLINDRICAL_SURFACE('',#14993,0.5);
#9574=CYLINDRICAL_SURFACE('',#14995,0.500000000000001);
#9575=CYLINDRICAL_SURFACE('',#14997,0.499999999999993);
#9576=CYLINDRICAL_SURFACE('',#14999,0.500000000000002);
#9577=CYLINDRICAL_SURFACE('',#15000,0.200000000000003);
#9578=CYLINDRICAL_SURFACE('',#15002,0.299999999999999);
#9579=CYLINDRICAL_SURFACE('',#15014,0.3);
#9580=CYLINDRICAL_SURFACE('',#15016,0.2);
#9581=CYLINDRICAL_SURFACE('',#15018,0.499999999999998);
#9582=CYLINDRICAL_SURFACE('',#15022,0.5);
#9583=CYLINDRICAL_SURFACE('',#15024,0.500000000000001);
#9584=CYLINDRICAL_SURFACE('',#15026,0.499999999999993);
#9585=CYLINDRICAL_SURFACE('',#15028,0.500000000000002);
#9586=CYLINDRICAL_SURFACE('',#15029,0.200000000000003);
#9587=CYLINDRICAL_SURFACE('',#15031,0.299999999999999);
#9588=CYLINDRICAL_SURFACE('',#15043,0.3);
#9589=CYLINDRICAL_SURFACE('',#15045,0.2);
#9590=CYLINDRICAL_SURFACE('',#15047,0.499999999999998);
#9591=CYLINDRICAL_SURFACE('',#15051,0.5);
#9592=CYLINDRICAL_SURFACE('',#15053,0.500000000000001);
#9593=CYLINDRICAL_SURFACE('',#15055,0.499999999999993);
#9594=CYLINDRICAL_SURFACE('',#15057,0.500000000000002);
#9595=CYLINDRICAL_SURFACE('',#15058,0.200000000000003);
#9596=CYLINDRICAL_SURFACE('',#15060,0.299999999999999);
#9597=CYLINDRICAL_SURFACE('',#15072,0.3);
#9598=CYLINDRICAL_SURFACE('',#15074,0.2);
#9599=CYLINDRICAL_SURFACE('',#15076,0.499999999999998);
#9600=CYLINDRICAL_SURFACE('',#15080,0.5);
#9601=CYLINDRICAL_SURFACE('',#15082,0.500000000000001);
#9602=CYLINDRICAL_SURFACE('',#15084,0.499999999999993);
#9603=CYLINDRICAL_SURFACE('',#15086,0.500000000000002);
#9604=CYLINDRICAL_SURFACE('',#15087,0.200000000000003);
#9605=CYLINDRICAL_SURFACE('',#15089,0.299999999999999);
#9606=CYLINDRICAL_SURFACE('',#15095,0.200000000000001);
#9607=CYLINDRICAL_SURFACE('',#15101,0.200000000000001);
#9608=CYLINDRICAL_SURFACE('',#15107,0.200000000000001);
#9609=CYLINDRICAL_SURFACE('',#15113,0.200000000000001);
#9610=CYLINDRICAL_SURFACE('',#15119,0.200000000000001);
#9611=CYLINDRICAL_SURFACE('',#15122,1.6);
#9612=CYLINDRICAL_SURFACE('',#15123,0.250000000000002);
#9613=CYLINDRICAL_SURFACE('',#15124,6.);
#9614=CYLINDRICAL_SURFACE('',#15127,0.4);
#9615=CYLINDRICAL_SURFACE('',#15130,1.6);
#9616=CYLINDRICAL_SURFACE('',#15131,0.250000000000002);
#9617=CYLINDRICAL_SURFACE('',#15132,6.);
#9618=CYLINDRICAL_SURFACE('',#15135,0.4);
#9619=CYLINDRICAL_SURFACE('',#15138,1.6);
#9620=CYLINDRICAL_SURFACE('',#15139,0.250000000000002);
#9621=CYLINDRICAL_SURFACE('',#15140,6.);
#9622=CYLINDRICAL_SURFACE('',#15143,0.4);
#9623=CYLINDRICAL_SURFACE('',#15146,1.6);
#9624=CYLINDRICAL_SURFACE('',#15147,0.250000000000002);
#9625=CYLINDRICAL_SURFACE('',#15148,6.);
#9626=CYLINDRICAL_SURFACE('',#15151,0.4);
#9627=CYLINDRICAL_SURFACE('',#15154,1.6);
#9628=CYLINDRICAL_SURFACE('',#15155,0.250000000000002);
#9629=CYLINDRICAL_SURFACE('',#15156,6.);
#9630=CYLINDRICAL_SURFACE('',#15159,0.4);
#9631=CYLINDRICAL_SURFACE('',#15161,0.399999999999999);
#9632=CYLINDRICAL_SURFACE('',#15162,0.399999999999999);
#9633=CYLINDRICAL_SURFACE('',#15165,0.399999999999999);
#9634=CYLINDRICAL_SURFACE('',#15166,0.399999999999999);
#9635=CYLINDRICAL_SURFACE('',#15169,0.399999999999999);
#9636=CYLINDRICAL_SURFACE('',#15170,0.399999999999999);
#9637=CYLINDRICAL_SURFACE('',#15173,0.399999999999999);
#9638=CYLINDRICAL_SURFACE('',#15174,0.399999999999999);
#9639=CYLINDRICAL_SURFACE('',#15177,0.399999999999999);
#9640=CYLINDRICAL_SURFACE('',#15178,0.399999999999999);
#9641=CYLINDRICAL_SURFACE('',#15181,4.);
#9642=CYLINDRICAL_SURFACE('',#15182,5.00000000000003);
#9643=CYLINDRICAL_SURFACE('',#15183,1.00000000000001);
#9644=CYLINDRICAL_SURFACE('',#15184,5.00000000000003);
#9645=CYLINDRICAL_SURFACE('',#15185,1.00000000000002);
#9646=CYLINDRICAL_SURFACE('',#15186,3.9999999999999);
#9647=CYLINDRICAL_SURFACE('',#15187,4.);
#9648=CYLINDRICAL_SURFACE('',#15188,5.00000000000003);
#9649=CYLINDRICAL_SURFACE('',#15189,1.00000000000001);
#9650=CYLINDRICAL_SURFACE('',#15190,5.00000000000003);
#9651=CYLINDRICAL_SURFACE('',#15191,1.00000000000002);
#9652=CYLINDRICAL_SURFACE('',#15192,3.9999999999999);
#9653=CYLINDRICAL_SURFACE('',#15193,4.);
#9654=CYLINDRICAL_SURFACE('',#15194,5.00000000000003);
#9655=CYLINDRICAL_SURFACE('',#15195,1.00000000000001);
#9656=CYLINDRICAL_SURFACE('',#15196,5.00000000000003);
#9657=CYLINDRICAL_SURFACE('',#15197,1.00000000000002);
#9658=CYLINDRICAL_SURFACE('',#15198,3.9999999999999);
#9659=CYLINDRICAL_SURFACE('',#15199,4.);
#9660=CYLINDRICAL_SURFACE('',#15200,5.00000000000003);
#9661=CYLINDRICAL_SURFACE('',#15201,1.00000000000001);
#9662=CYLINDRICAL_SURFACE('',#15202,5.00000000000003);
#9663=CYLINDRICAL_SURFACE('',#15203,1.00000000000002);
#9664=CYLINDRICAL_SURFACE('',#15204,3.9999999999999);
#9665=CYLINDRICAL_SURFACE('',#15205,4.);
#9666=CYLINDRICAL_SURFACE('',#15206,5.00000000000003);
#9667=CYLINDRICAL_SURFACE('',#15207,1.00000000000001);
#9668=CYLINDRICAL_SURFACE('',#15208,5.00000000000003);
#9669=CYLINDRICAL_SURFACE('',#15209,1.00000000000002);
#9670=CYLINDRICAL_SURFACE('',#15210,3.9999999999999);
#9671=CYLINDRICAL_SURFACE('',#15212,0.8);
#9672=CYLINDRICAL_SURFACE('',#15215,0.4);
#9673=CYLINDRICAL_SURFACE('',#15218,1.);
#9674=CYLINDRICAL_SURFACE('',#15221,0.199999999999998);
#9675=CYLINDRICAL_SURFACE('',#15224,0.199999999999994);
#9676=CYLINDRICAL_SURFACE('',#15227,0.300000000000002);
#9677=CYLINDRICAL_SURFACE('',#15230,0.3);
#9678=STYLED_ITEM('',(#10249),#13678);
#9679=STYLED_ITEM('',(#10250),#13679);
#9680=STYLED_ITEM('',(#10251),#13680);
#9681=STYLED_ITEM('',(#10252),#13681);
#9682=STYLED_ITEM('',(#10253),#13682);
#9683=STYLED_ITEM('',(#10254),#13683);
#9684=STYLED_ITEM('',(#10255),#13684);
#9685=STYLED_ITEM('',(#10256),#13685);
#9686=STYLED_ITEM('',(#10257),#13686);
#9687=STYLED_ITEM('',(#10258),#13687);
#9688=STYLED_ITEM('',(#10259),#13688);
#9689=STYLED_ITEM('',(#10260),#13689);
#9690=STYLED_ITEM('',(#10261),#13690);
#9691=STYLED_ITEM('',(#10262),#13691);
#9692=STYLED_ITEM('',(#10263),#13692);
#9693=STYLED_ITEM('',(#10264),#13693);
#9694=STYLED_ITEM('',(#10265),#13694);
#9695=STYLED_ITEM('',(#10266),#13695);
#9696=STYLED_ITEM('',(#10267),#13696);
#9697=STYLED_ITEM('',(#10268),#13697);
#9698=STYLED_ITEM('',(#10269),#13698);
#9699=STYLED_ITEM('',(#10270),#13699);
#9700=STYLED_ITEM('',(#10271),#13700);
#9701=STYLED_ITEM('',(#10272),#13701);
#9702=STYLED_ITEM('',(#10273),#13702);
#9703=STYLED_ITEM('',(#10274),#13703);
#9704=STYLED_ITEM('',(#10275),#13704);
#9705=STYLED_ITEM('',(#10276),#13705);
#9706=STYLED_ITEM('',(#10277),#13706);
#9707=STYLED_ITEM('',(#10278),#13707);
#9708=STYLED_ITEM('',(#10279),#13708);
#9709=STYLED_ITEM('',(#10280),#13709);
#9710=STYLED_ITEM('',(#10281),#13710);
#9711=STYLED_ITEM('',(#10282),#13711);
#9712=STYLED_ITEM('',(#10283),#13712);
#9713=STYLED_ITEM('',(#10284),#13713);
#9714=STYLED_ITEM('',(#10285),#13714);
#9715=STYLED_ITEM('',(#10286),#13715);
#9716=STYLED_ITEM('',(#10287),#13716);
#9717=STYLED_ITEM('',(#10288),#13717);
#9718=STYLED_ITEM('',(#10289),#13718);
#9719=STYLED_ITEM('',(#10290),#13719);
#9720=STYLED_ITEM('',(#10291),#13720);
#9721=STYLED_ITEM('',(#10292),#13721);
#9722=STYLED_ITEM('',(#10293),#13722);
#9723=STYLED_ITEM('',(#10294),#13723);
#9724=STYLED_ITEM('',(#10295),#13724);
#9725=STYLED_ITEM('',(#10296),#13725);
#9726=STYLED_ITEM('',(#10297),#13726);
#9727=STYLED_ITEM('',(#10298),#13727);
#9728=STYLED_ITEM('',(#10299),#13728);
#9729=STYLED_ITEM('',(#10300),#13729);
#9730=STYLED_ITEM('',(#10301),#13730);
#9731=STYLED_ITEM('',(#10302),#13731);
#9732=STYLED_ITEM('',(#10303),#13732);
#9733=STYLED_ITEM('',(#10304),#13733);
#9734=STYLED_ITEM('',(#10305),#13734);
#9735=STYLED_ITEM('',(#10306),#13735);
#9736=STYLED_ITEM('',(#10307),#13736);
#9737=STYLED_ITEM('',(#10308),#13737);
#9738=STYLED_ITEM('',(#10309),#13738);
#9739=STYLED_ITEM('',(#10310),#13739);
#9740=STYLED_ITEM('',(#10311),#13740);
#9741=STYLED_ITEM('',(#10312),#13741);
#9742=STYLED_ITEM('',(#10313),#13742);
#9743=STYLED_ITEM('',(#10314),#13743);
#9744=STYLED_ITEM('',(#10315),#13744);
#9745=STYLED_ITEM('',(#10316),#13745);
#9746=STYLED_ITEM('',(#10317),#13746);
#9747=STYLED_ITEM('',(#10318),#13747);
#9748=STYLED_ITEM('',(#10319),#13748);
#9749=STYLED_ITEM('',(#10320),#13749);
#9750=STYLED_ITEM('',(#10321),#13750);
#9751=STYLED_ITEM('',(#10322),#13751);
#9752=STYLED_ITEM('',(#10323),#13752);
#9753=STYLED_ITEM('',(#10324),#13753);
#9754=STYLED_ITEM('',(#10325),#13754);
#9755=STYLED_ITEM('',(#10326),#13755);
#9756=STYLED_ITEM('',(#10327),#13756);
#9757=STYLED_ITEM('',(#10328),#13757);
#9758=STYLED_ITEM('',(#10329),#13758);
#9759=STYLED_ITEM('',(#10330),#13759);
#9760=STYLED_ITEM('',(#10331),#13760);
#9761=STYLED_ITEM('',(#10332),#13761);
#9762=STYLED_ITEM('',(#10333),#13762);
#9763=STYLED_ITEM('',(#10334),#13763);
#9764=STYLED_ITEM('',(#10335),#13764);
#9765=STYLED_ITEM('',(#10336),#13765);
#9766=STYLED_ITEM('',(#10337),#13766);
#9767=STYLED_ITEM('',(#10338),#13767);
#9768=STYLED_ITEM('',(#10339),#13768);
#9769=STYLED_ITEM('',(#10340),#13769);
#9770=STYLED_ITEM('',(#10341),#13770);
#9771=STYLED_ITEM('',(#10342),#13771);
#9772=STYLED_ITEM('',(#10343),#13772);
#9773=STYLED_ITEM('',(#10344),#13773);
#9774=STYLED_ITEM('',(#10345),#13774);
#9775=STYLED_ITEM('',(#10346),#13775);
#9776=STYLED_ITEM('',(#10347),#13776);
#9777=STYLED_ITEM('',(#10348),#13777);
#9778=STYLED_ITEM('',(#10349),#13778);
#9779=STYLED_ITEM('',(#10350),#13779);
#9780=STYLED_ITEM('',(#10351),#13780);
#9781=STYLED_ITEM('',(#10352),#13781);
#9782=STYLED_ITEM('',(#10353),#13782);
#9783=STYLED_ITEM('',(#10354),#13783);
#9784=STYLED_ITEM('',(#10355),#13784);
#9785=STYLED_ITEM('',(#10356),#13785);
#9786=STYLED_ITEM('',(#10357),#13786);
#9787=STYLED_ITEM('',(#10358),#13787);
#9788=STYLED_ITEM('',(#10359),#13788);
#9789=STYLED_ITEM('',(#10360),#13789);
#9790=STYLED_ITEM('',(#10361),#13790);
#9791=STYLED_ITEM('',(#10362),#13791);
#9792=STYLED_ITEM('',(#10363),#13792);
#9793=STYLED_ITEM('',(#10364),#13793);
#9794=STYLED_ITEM('',(#10365),#13794);
#9795=STYLED_ITEM('',(#10366),#13795);
#9796=STYLED_ITEM('',(#10367),#13796);
#9797=STYLED_ITEM('',(#10368),#13797);
#9798=STYLED_ITEM('',(#10369),#13798);
#9799=STYLED_ITEM('',(#10370),#13799);
#9800=STYLED_ITEM('',(#10371),#13800);
#9801=STYLED_ITEM('',(#10372),#13801);
#9802=STYLED_ITEM('',(#10373),#13802);
#9803=STYLED_ITEM('',(#10374),#13803);
#9804=STYLED_ITEM('',(#10375),#13804);
#9805=STYLED_ITEM('',(#10376),#13805);
#9806=STYLED_ITEM('',(#10377),#13806);
#9807=STYLED_ITEM('',(#10378),#13807);
#9808=STYLED_ITEM('',(#10379),#13808);
#9809=STYLED_ITEM('',(#10380),#13809);
#9810=STYLED_ITEM('',(#10381),#13810);
#9811=STYLED_ITEM('',(#10382),#13811);
#9812=STYLED_ITEM('',(#10383),#13812);
#9813=STYLED_ITEM('',(#10384),#13813);
#9814=STYLED_ITEM('',(#10385),#13814);
#9815=STYLED_ITEM('',(#10386),#13815);
#9816=STYLED_ITEM('',(#10387),#13816);
#9817=STYLED_ITEM('',(#10388),#13817);
#9818=STYLED_ITEM('',(#10389),#13818);
#9819=STYLED_ITEM('',(#10390),#13819);
#9820=STYLED_ITEM('',(#10391),#13820);
#9821=STYLED_ITEM('',(#10392),#13821);
#9822=STYLED_ITEM('',(#10393),#13822);
#9823=STYLED_ITEM('',(#10394),#13823);
#9824=STYLED_ITEM('',(#10395),#13824);
#9825=STYLED_ITEM('',(#10396),#13825);
#9826=STYLED_ITEM('',(#10397),#13826);
#9827=STYLED_ITEM('',(#10398),#13827);
#9828=STYLED_ITEM('',(#10399),#13828);
#9829=STYLED_ITEM('',(#10400),#13829);
#9830=STYLED_ITEM('',(#10401),#13830);
#9831=STYLED_ITEM('',(#10402),#13831);
#9832=STYLED_ITEM('',(#10403),#13832);
#9833=STYLED_ITEM('',(#10404),#13833);
#9834=STYLED_ITEM('',(#10405),#13834);
#9835=STYLED_ITEM('',(#10406),#13835);
#9836=STYLED_ITEM('',(#10407),#13836);
#9837=STYLED_ITEM('',(#10408),#13837);
#9838=STYLED_ITEM('',(#10409),#13838);
#9839=STYLED_ITEM('',(#10410),#13839);
#9840=STYLED_ITEM('',(#10411),#13840);
#9841=STYLED_ITEM('',(#10412),#13841);
#9842=STYLED_ITEM('',(#10413),#13842);
#9843=STYLED_ITEM('',(#10414),#13843);
#9844=STYLED_ITEM('',(#10415),#13844);
#9845=STYLED_ITEM('',(#10416),#13845);
#9846=STYLED_ITEM('',(#10417),#13846);
#9847=STYLED_ITEM('',(#10418),#13847);
#9848=STYLED_ITEM('',(#10419),#13848);
#9849=STYLED_ITEM('',(#10420),#13849);
#9850=STYLED_ITEM('',(#10421),#13850);
#9851=STYLED_ITEM('',(#10422),#13851);
#9852=STYLED_ITEM('',(#10423),#13852);
#9853=STYLED_ITEM('',(#10424),#13853);
#9854=STYLED_ITEM('',(#10425),#13854);
#9855=STYLED_ITEM('',(#10426),#13855);
#9856=STYLED_ITEM('',(#10427),#13856);
#9857=STYLED_ITEM('',(#10428),#13857);
#9858=STYLED_ITEM('',(#10429),#13858);
#9859=STYLED_ITEM('',(#10430),#13859);
#9860=STYLED_ITEM('',(#10431),#13860);
#9861=STYLED_ITEM('',(#10432),#13861);
#9862=STYLED_ITEM('',(#10433),#13862);
#9863=STYLED_ITEM('',(#10434),#13863);
#9864=STYLED_ITEM('',(#10435),#13864);
#9865=STYLED_ITEM('',(#10436),#13865);
#9866=STYLED_ITEM('',(#10437),#13866);
#9867=STYLED_ITEM('',(#10438),#13867);
#9868=STYLED_ITEM('',(#10439),#13868);
#9869=STYLED_ITEM('',(#10440),#13869);
#9870=STYLED_ITEM('',(#10441),#13870);
#9871=STYLED_ITEM('',(#10442),#13871);
#9872=STYLED_ITEM('',(#10443),#13872);
#9873=STYLED_ITEM('',(#10444),#13873);
#9874=STYLED_ITEM('',(#10445),#13874);
#9875=STYLED_ITEM('',(#10446),#13875);
#9876=STYLED_ITEM('',(#10447),#13876);
#9877=STYLED_ITEM('',(#10448),#13877);
#9878=STYLED_ITEM('',(#10449),#13878);
#9879=STYLED_ITEM('',(#10450),#13879);
#9880=STYLED_ITEM('',(#10451),#13880);
#9881=STYLED_ITEM('',(#10452),#13881);
#9882=STYLED_ITEM('',(#10453),#13882);
#9883=STYLED_ITEM('',(#10454),#13883);
#9884=STYLED_ITEM('',(#10455),#13884);
#9885=STYLED_ITEM('',(#10456),#13885);
#9886=STYLED_ITEM('',(#10457),#13886);
#9887=STYLED_ITEM('',(#10458),#13887);
#9888=STYLED_ITEM('',(#10459),#13888);
#9889=STYLED_ITEM('',(#10460),#13889);
#9890=STYLED_ITEM('',(#10461),#13890);
#9891=STYLED_ITEM('',(#10462),#13891);
#9892=STYLED_ITEM('',(#10463),#13892);
#9893=STYLED_ITEM('',(#10464),#13893);
#9894=STYLED_ITEM('',(#10465),#13894);
#9895=STYLED_ITEM('',(#10466),#13895);
#9896=STYLED_ITEM('',(#10467),#13896);
#9897=STYLED_ITEM('',(#10468),#13897);
#9898=STYLED_ITEM('',(#10469),#13898);
#9899=STYLED_ITEM('',(#10470),#13899);
#9900=STYLED_ITEM('',(#10471),#13900);
#9901=STYLED_ITEM('',(#10472),#13901);
#9902=STYLED_ITEM('',(#10473),#13902);
#9903=STYLED_ITEM('',(#10474),#13903);
#9904=STYLED_ITEM('',(#10475),#13904);
#9905=STYLED_ITEM('',(#10476),#13905);
#9906=STYLED_ITEM('',(#10477),#13906);
#9907=STYLED_ITEM('',(#10478),#13907);
#9908=STYLED_ITEM('',(#10479),#13908);
#9909=STYLED_ITEM('',(#10480),#13909);
#9910=STYLED_ITEM('',(#10481),#13910);
#9911=STYLED_ITEM('',(#10482),#13911);
#9912=STYLED_ITEM('',(#10483),#13912);
#9913=STYLED_ITEM('',(#10484),#13913);
#9914=STYLED_ITEM('',(#10485),#13914);
#9915=STYLED_ITEM('',(#10486),#13915);
#9916=STYLED_ITEM('',(#10487),#13916);
#9917=STYLED_ITEM('',(#10488),#13917);
#9918=STYLED_ITEM('',(#10489),#13918);
#9919=STYLED_ITEM('',(#10490),#13919);
#9920=STYLED_ITEM('',(#10491),#13920);
#9921=STYLED_ITEM('',(#10492),#13921);
#9922=STYLED_ITEM('',(#10493),#13922);
#9923=STYLED_ITEM('',(#10494),#13923);
#9924=STYLED_ITEM('',(#10495),#13924);
#9925=STYLED_ITEM('',(#10496),#13925);
#9926=STYLED_ITEM('',(#10497),#13926);
#9927=STYLED_ITEM('',(#10498),#13927);
#9928=STYLED_ITEM('',(#10499),#13928);
#9929=STYLED_ITEM('',(#10500),#13929);
#9930=STYLED_ITEM('',(#10501),#13930);
#9931=STYLED_ITEM('',(#10502),#13931);
#9932=STYLED_ITEM('',(#10503),#13932);
#9933=STYLED_ITEM('',(#10504),#13933);
#9934=STYLED_ITEM('',(#10505),#13934);
#9935=STYLED_ITEM('',(#10506),#13935);
#9936=STYLED_ITEM('',(#10507),#13936);
#9937=STYLED_ITEM('',(#10508),#13937);
#9938=STYLED_ITEM('',(#10509),#13938);
#9939=STYLED_ITEM('',(#10510),#13939);
#9940=STYLED_ITEM('',(#10511),#13940);
#9941=STYLED_ITEM('',(#10512),#13941);
#9942=STYLED_ITEM('',(#10513),#13942);
#9943=STYLED_ITEM('',(#10514),#13943);
#9944=STYLED_ITEM('',(#10515),#13944);
#9945=STYLED_ITEM('',(#10516),#13945);
#9946=STYLED_ITEM('',(#10517),#13946);
#9947=STYLED_ITEM('',(#10518),#13947);
#9948=STYLED_ITEM('',(#10519),#13948);
#9949=STYLED_ITEM('',(#10520),#13949);
#9950=STYLED_ITEM('',(#10521),#13950);
#9951=STYLED_ITEM('',(#10522),#13951);
#9952=STYLED_ITEM('',(#10523),#13952);
#9953=STYLED_ITEM('',(#10524),#13953);
#9954=STYLED_ITEM('',(#10525),#13954);
#9955=STYLED_ITEM('',(#10526),#13955);
#9956=STYLED_ITEM('',(#10527),#13956);
#9957=STYLED_ITEM('',(#10528),#13957);
#9958=STYLED_ITEM('',(#10529),#13958);
#9959=STYLED_ITEM('',(#10530),#13959);
#9960=STYLED_ITEM('',(#10531),#13960);
#9961=STYLED_ITEM('',(#10532),#13961);
#9962=STYLED_ITEM('',(#10533),#13962);
#9963=STYLED_ITEM('',(#10534),#13963);
#9964=STYLED_ITEM('',(#10535),#13964);
#9965=STYLED_ITEM('',(#10536),#13965);
#9966=STYLED_ITEM('',(#10537),#13966);
#9967=STYLED_ITEM('',(#10538),#13967);
#9968=STYLED_ITEM('',(#10539),#13968);
#9969=STYLED_ITEM('',(#10540),#13969);
#9970=STYLED_ITEM('',(#10541),#13970);
#9971=STYLED_ITEM('',(#10542),#13971);
#9972=STYLED_ITEM('',(#10543),#13972);
#9973=STYLED_ITEM('',(#10544),#13973);
#9974=STYLED_ITEM('',(#10545),#13974);
#9975=STYLED_ITEM('',(#10546),#13975);
#9976=STYLED_ITEM('',(#10547),#13976);
#9977=STYLED_ITEM('',(#10548),#13977);
#9978=STYLED_ITEM('',(#10549),#13978);
#9979=STYLED_ITEM('',(#10550),#13979);
#9980=STYLED_ITEM('',(#10551),#13980);
#9981=STYLED_ITEM('',(#10552),#13981);
#9982=STYLED_ITEM('',(#10553),#13982);
#9983=STYLED_ITEM('',(#10554),#13983);
#9984=STYLED_ITEM('',(#10555),#13984);
#9985=STYLED_ITEM('',(#10556),#13985);
#9986=STYLED_ITEM('',(#10557),#13986);
#9987=STYLED_ITEM('',(#10558),#13987);
#9988=STYLED_ITEM('',(#10559),#13988);
#9989=STYLED_ITEM('',(#10560),#13989);
#9990=STYLED_ITEM('',(#10561),#13990);
#9991=STYLED_ITEM('',(#10562),#13991);
#9992=STYLED_ITEM('',(#10563),#13992);
#9993=STYLED_ITEM('',(#10564),#13993);
#9994=STYLED_ITEM('',(#10565),#13994);
#9995=STYLED_ITEM('',(#10566),#13995);
#9996=STYLED_ITEM('',(#10567),#13996);
#9997=STYLED_ITEM('',(#10568),#13997);
#9998=STYLED_ITEM('',(#10569),#13998);
#9999=STYLED_ITEM('',(#10570),#13999);
#10000=STYLED_ITEM('',(#10571),#14000);
#10001=STYLED_ITEM('',(#10572),#14001);
#10002=STYLED_ITEM('',(#10573),#14002);
#10003=STYLED_ITEM('',(#10574),#14003);
#10004=STYLED_ITEM('',(#10575),#14004);
#10005=STYLED_ITEM('',(#10576),#14005);
#10006=STYLED_ITEM('',(#10577),#14006);
#10007=STYLED_ITEM('',(#10578),#14007);
#10008=STYLED_ITEM('',(#10579),#14008);
#10009=STYLED_ITEM('',(#10580),#14009);
#10010=STYLED_ITEM('',(#10581),#14010);
#10011=STYLED_ITEM('',(#10582),#14011);
#10012=STYLED_ITEM('',(#10583),#14012);
#10013=STYLED_ITEM('',(#10584),#14013);
#10014=STYLED_ITEM('',(#10585),#14014);
#10015=STYLED_ITEM('',(#10586),#14015);
#10016=STYLED_ITEM('',(#10587),#14016);
#10017=STYLED_ITEM('',(#10588),#14017);
#10018=STYLED_ITEM('',(#10589),#14018);
#10019=STYLED_ITEM('',(#10590),#14019);
#10020=STYLED_ITEM('',(#10591),#14020);
#10021=STYLED_ITEM('',(#10592),#14021);
#10022=STYLED_ITEM('',(#10593),#14022);
#10023=STYLED_ITEM('',(#10594),#14023);
#10024=STYLED_ITEM('',(#10595),#14024);
#10025=STYLED_ITEM('',(#10596),#14025);
#10026=STYLED_ITEM('',(#10597),#14026);
#10027=STYLED_ITEM('',(#10598),#14027);
#10028=STYLED_ITEM('',(#10599),#14028);
#10029=STYLED_ITEM('',(#10600),#14029);
#10030=STYLED_ITEM('',(#10601),#14030);
#10031=STYLED_ITEM('',(#10602),#14031);
#10032=STYLED_ITEM('',(#10603),#14032);
#10033=STYLED_ITEM('',(#10604),#14033);
#10034=STYLED_ITEM('',(#10605),#14034);
#10035=STYLED_ITEM('',(#10606),#14035);
#10036=STYLED_ITEM('',(#10607),#14036);
#10037=STYLED_ITEM('',(#10608),#14037);
#10038=STYLED_ITEM('',(#10609),#14038);
#10039=STYLED_ITEM('',(#10610),#14039);
#10040=STYLED_ITEM('',(#10611),#14040);
#10041=STYLED_ITEM('',(#10612),#14041);
#10042=STYLED_ITEM('',(#10613),#14042);
#10043=STYLED_ITEM('',(#10614),#14043);
#10044=STYLED_ITEM('',(#10615),#14044);
#10045=STYLED_ITEM('',(#10616),#14045);
#10046=STYLED_ITEM('',(#10617),#14046);
#10047=STYLED_ITEM('',(#10618),#14047);
#10048=STYLED_ITEM('',(#10619),#14048);
#10049=STYLED_ITEM('',(#10620),#14049);
#10050=STYLED_ITEM('',(#10621),#14050);
#10051=STYLED_ITEM('',(#10622),#14051);
#10052=STYLED_ITEM('',(#10623),#14052);
#10053=STYLED_ITEM('',(#10624),#14053);
#10054=STYLED_ITEM('',(#10625),#14054);
#10055=STYLED_ITEM('',(#10626),#14055);
#10056=STYLED_ITEM('',(#10627),#14056);
#10057=STYLED_ITEM('',(#10628),#14057);
#10058=STYLED_ITEM('',(#10629),#14058);
#10059=STYLED_ITEM('',(#10630),#14059);
#10060=STYLED_ITEM('',(#10631),#14060);
#10061=STYLED_ITEM('',(#10632),#14061);
#10062=STYLED_ITEM('',(#10633),#14062);
#10063=STYLED_ITEM('',(#10634),#14063);
#10064=STYLED_ITEM('',(#10635),#14064);
#10065=STYLED_ITEM('',(#10636),#14065);
#10066=STYLED_ITEM('',(#10637),#14066);
#10067=STYLED_ITEM('',(#10638),#14067);
#10068=STYLED_ITEM('',(#10639),#14068);
#10069=STYLED_ITEM('',(#10640),#14069);
#10070=STYLED_ITEM('',(#10641),#14070);
#10071=STYLED_ITEM('',(#10642),#14071);
#10072=STYLED_ITEM('',(#10643),#14072);
#10073=STYLED_ITEM('',(#10644),#14073);
#10074=STYLED_ITEM('',(#10645),#14074);
#10075=STYLED_ITEM('',(#10646),#14075);
#10076=STYLED_ITEM('',(#10647),#14076);
#10077=STYLED_ITEM('',(#10648),#14077);
#10078=STYLED_ITEM('',(#10649),#14078);
#10079=STYLED_ITEM('',(#10650),#14079);
#10080=STYLED_ITEM('',(#10651),#14080);
#10081=STYLED_ITEM('',(#10652),#14081);
#10082=STYLED_ITEM('',(#10653),#14082);
#10083=STYLED_ITEM('',(#10654),#14083);
#10084=STYLED_ITEM('',(#10655),#14084);
#10085=STYLED_ITEM('',(#10656),#14085);
#10086=STYLED_ITEM('',(#10657),#14086);
#10087=STYLED_ITEM('',(#10658),#14087);
#10088=STYLED_ITEM('',(#10659),#14088);
#10089=STYLED_ITEM('',(#10660),#14089);
#10090=STYLED_ITEM('',(#10661),#14090);
#10091=STYLED_ITEM('',(#10662),#14091);
#10092=STYLED_ITEM('',(#10663),#14092);
#10093=STYLED_ITEM('',(#10664),#14093);
#10094=STYLED_ITEM('',(#10665),#14094);
#10095=STYLED_ITEM('',(#10666),#14095);
#10096=STYLED_ITEM('',(#10667),#14096);
#10097=STYLED_ITEM('',(#10668),#14097);
#10098=STYLED_ITEM('',(#10669),#14098);
#10099=STYLED_ITEM('',(#10670),#14099);
#10100=STYLED_ITEM('',(#10671),#14100);
#10101=STYLED_ITEM('',(#10672),#14101);
#10102=STYLED_ITEM('',(#10673),#14102);
#10103=STYLED_ITEM('',(#10674),#14103);
#10104=STYLED_ITEM('',(#10675),#14104);
#10105=STYLED_ITEM('',(#10676),#14105);
#10106=STYLED_ITEM('',(#10677),#14106);
#10107=STYLED_ITEM('',(#10678),#14107);
#10108=STYLED_ITEM('',(#10679),#14108);
#10109=STYLED_ITEM('',(#10680),#14109);
#10110=STYLED_ITEM('',(#10681),#14110);
#10111=STYLED_ITEM('',(#10682),#14111);
#10112=STYLED_ITEM('',(#10683),#14112);
#10113=STYLED_ITEM('',(#10684),#14113);
#10114=STYLED_ITEM('',(#10685),#14114);
#10115=STYLED_ITEM('',(#10686),#14115);
#10116=STYLED_ITEM('',(#10687),#14116);
#10117=STYLED_ITEM('',(#10688),#14117);
#10118=STYLED_ITEM('',(#10689),#14118);
#10119=STYLED_ITEM('',(#10690),#14119);
#10120=STYLED_ITEM('',(#10691),#14120);
#10121=STYLED_ITEM('',(#10692),#14121);
#10122=STYLED_ITEM('',(#10693),#14122);
#10123=STYLED_ITEM('',(#10694),#14123);
#10124=STYLED_ITEM('',(#10695),#14124);
#10125=STYLED_ITEM('',(#10696),#14125);
#10126=STYLED_ITEM('',(#10697),#14126);
#10127=STYLED_ITEM('',(#10698),#14127);
#10128=STYLED_ITEM('',(#10699),#14128);
#10129=STYLED_ITEM('',(#10700),#14129);
#10130=STYLED_ITEM('',(#10701),#14130);
#10131=STYLED_ITEM('',(#10702),#14131);
#10132=STYLED_ITEM('',(#10703),#14132);
#10133=STYLED_ITEM('',(#10704),#14133);
#10134=STYLED_ITEM('',(#10705),#14134);
#10135=STYLED_ITEM('',(#10706),#14135);
#10136=STYLED_ITEM('',(#10707),#14136);
#10137=STYLED_ITEM('',(#10708),#14137);
#10138=STYLED_ITEM('',(#10709),#14138);
#10139=STYLED_ITEM('',(#10710),#14139);
#10140=STYLED_ITEM('',(#10711),#14140);
#10141=STYLED_ITEM('',(#10712),#14141);
#10142=STYLED_ITEM('',(#10713),#14142);
#10143=STYLED_ITEM('',(#10714),#14143);
#10144=STYLED_ITEM('',(#10715),#14144);
#10145=STYLED_ITEM('',(#10716),#14145);
#10146=STYLED_ITEM('',(#10717),#14146);
#10147=STYLED_ITEM('',(#10718),#14147);
#10148=STYLED_ITEM('',(#10719),#14148);
#10149=STYLED_ITEM('',(#10720),#14149);
#10150=STYLED_ITEM('',(#10721),#14150);
#10151=STYLED_ITEM('',(#10722),#14151);
#10152=STYLED_ITEM('',(#10723),#14152);
#10153=STYLED_ITEM('',(#10724),#14153);
#10154=STYLED_ITEM('',(#10725),#14154);
#10155=STYLED_ITEM('',(#10726),#14155);
#10156=STYLED_ITEM('',(#10727),#14156);
#10157=STYLED_ITEM('',(#10728),#14157);
#10158=STYLED_ITEM('',(#10729),#14158);
#10159=STYLED_ITEM('',(#10730),#14159);
#10160=STYLED_ITEM('',(#10731),#14160);
#10161=STYLED_ITEM('',(#10732),#14161);
#10162=STYLED_ITEM('',(#10733),#14162);
#10163=STYLED_ITEM('',(#10734),#14163);
#10164=STYLED_ITEM('',(#10735),#14164);
#10165=STYLED_ITEM('',(#10736),#14165);
#10166=STYLED_ITEM('',(#10737),#14166);
#10167=STYLED_ITEM('',(#10738),#14167);
#10168=STYLED_ITEM('',(#10739),#14168);
#10169=STYLED_ITEM('',(#10740),#14169);
#10170=STYLED_ITEM('',(#10741),#14170);
#10171=STYLED_ITEM('',(#10742),#14171);
#10172=STYLED_ITEM('',(#10743),#14172);
#10173=STYLED_ITEM('',(#10744),#14173);
#10174=STYLED_ITEM('',(#10745),#14174);
#10175=STYLED_ITEM('',(#10746),#14175);
#10176=STYLED_ITEM('',(#10747),#14176);
#10177=STYLED_ITEM('',(#10748),#14177);
#10178=STYLED_ITEM('',(#10749),#14178);
#10179=STYLED_ITEM('',(#10750),#14179);
#10180=STYLED_ITEM('',(#10751),#14180);
#10181=STYLED_ITEM('',(#10752),#14181);
#10182=STYLED_ITEM('',(#10753),#14182);
#10183=STYLED_ITEM('',(#10754),#14183);
#10184=STYLED_ITEM('',(#10755),#14184);
#10185=STYLED_ITEM('',(#10756),#14185);
#10186=STYLED_ITEM('',(#10757),#14186);
#10187=STYLED_ITEM('',(#10758),#14187);
#10188=STYLED_ITEM('',(#10759),#14188);
#10189=STYLED_ITEM('',(#10760),#14189);
#10190=STYLED_ITEM('',(#10761),#14190);
#10191=STYLED_ITEM('',(#10762),#14191);
#10192=STYLED_ITEM('',(#10763),#14192);
#10193=STYLED_ITEM('',(#10764),#14193);
#10194=STYLED_ITEM('',(#10765),#14194);
#10195=STYLED_ITEM('',(#10766),#14195);
#10196=STYLED_ITEM('',(#10767),#14196);
#10197=STYLED_ITEM('',(#10768),#14197);
#10198=STYLED_ITEM('',(#10769),#14198);
#10199=STYLED_ITEM('',(#10770),#14199);
#10200=STYLED_ITEM('',(#10771),#14200);
#10201=STYLED_ITEM('',(#10772),#14201);
#10202=STYLED_ITEM('',(#10773),#14202);
#10203=STYLED_ITEM('',(#10774),#14203);
#10204=STYLED_ITEM('',(#10775),#14204);
#10205=STYLED_ITEM('',(#10776),#14205);
#10206=STYLED_ITEM('',(#10777),#14206);
#10207=STYLED_ITEM('',(#10778),#14207);
#10208=STYLED_ITEM('',(#10779),#14208);
#10209=STYLED_ITEM('',(#10780),#14209);
#10210=STYLED_ITEM('',(#10781),#14210);
#10211=STYLED_ITEM('',(#10782),#14211);
#10212=STYLED_ITEM('',(#10783),#14212);
#10213=STYLED_ITEM('',(#10784),#14213);
#10214=STYLED_ITEM('',(#10785),#14214);
#10215=STYLED_ITEM('',(#10786),#14215);
#10216=STYLED_ITEM('',(#10787),#14216);
#10217=STYLED_ITEM('',(#10788),#14217);
#10218=STYLED_ITEM('',(#10789),#14218);
#10219=STYLED_ITEM('',(#10790),#14219);
#10220=STYLED_ITEM('',(#10791),#14220);
#10221=STYLED_ITEM('',(#10792),#14221);
#10222=STYLED_ITEM('',(#10793),#14222);
#10223=STYLED_ITEM('',(#10794),#14223);
#10224=STYLED_ITEM('',(#10795),#14224);
#10225=STYLED_ITEM('',(#10796),#14225);
#10226=STYLED_ITEM('',(#10797),#14226);
#10227=STYLED_ITEM('',(#10798),#14227);
#10228=STYLED_ITEM('',(#10799),#14228);
#10229=STYLED_ITEM('',(#10800),#14229);
#10230=STYLED_ITEM('',(#10801),#14230);
#10231=STYLED_ITEM('',(#10802),#14231);
#10232=STYLED_ITEM('',(#10803),#14232);
#10233=STYLED_ITEM('',(#10804),#14233);
#10234=STYLED_ITEM('',(#10805),#14234);
#10235=STYLED_ITEM('',(#10806),#14235);
#10236=STYLED_ITEM('',(#10807),#14236);
#10237=STYLED_ITEM('',(#10808),#14237);
#10238=STYLED_ITEM('',(#10809),#14238);
#10239=STYLED_ITEM('',(#10810),#14239);
#10240=STYLED_ITEM('',(#10811),#14240);
#10241=STYLED_ITEM('',(#10812),#14241);
#10242=STYLED_ITEM('',(#10813),#14242);
#10243=STYLED_ITEM('',(#10814),#14243);
#10244=STYLED_ITEM('',(#10815),#14244);
#10245=STYLED_ITEM('',(#10816),#14245);
#10246=STYLED_ITEM('',(#10817),#14246);
#10247=STYLED_ITEM('',(#10818),#14247);
#10248=STYLED_ITEM('',(#10819),#14248);
#10249=PRESENTATION_STYLE_ASSIGNMENT((#10820));
#10250=PRESENTATION_STYLE_ASSIGNMENT((#10821));
#10251=PRESENTATION_STYLE_ASSIGNMENT((#10822));
#10252=PRESENTATION_STYLE_ASSIGNMENT((#10823));
#10253=PRESENTATION_STYLE_ASSIGNMENT((#10824));
#10254=PRESENTATION_STYLE_ASSIGNMENT((#10825));
#10255=PRESENTATION_STYLE_ASSIGNMENT((#10826));
#10256=PRESENTATION_STYLE_ASSIGNMENT((#10827));
#10257=PRESENTATION_STYLE_ASSIGNMENT((#10828));
#10258=PRESENTATION_STYLE_ASSIGNMENT((#10829));
#10259=PRESENTATION_STYLE_ASSIGNMENT((#10830));
#10260=PRESENTATION_STYLE_ASSIGNMENT((#10831));
#10261=PRESENTATION_STYLE_ASSIGNMENT((#10832));
#10262=PRESENTATION_STYLE_ASSIGNMENT((#10833));
#10263=PRESENTATION_STYLE_ASSIGNMENT((#10834));
#10264=PRESENTATION_STYLE_ASSIGNMENT((#10835));
#10265=PRESENTATION_STYLE_ASSIGNMENT((#10836));
#10266=PRESENTATION_STYLE_ASSIGNMENT((#10837));
#10267=PRESENTATION_STYLE_ASSIGNMENT((#10838));
#10268=PRESENTATION_STYLE_ASSIGNMENT((#10839));
#10269=PRESENTATION_STYLE_ASSIGNMENT((#10840));
#10270=PRESENTATION_STYLE_ASSIGNMENT((#10841));
#10271=PRESENTATION_STYLE_ASSIGNMENT((#10842));
#10272=PRESENTATION_STYLE_ASSIGNMENT((#10843));
#10273=PRESENTATION_STYLE_ASSIGNMENT((#10844));
#10274=PRESENTATION_STYLE_ASSIGNMENT((#10845));
#10275=PRESENTATION_STYLE_ASSIGNMENT((#10846));
#10276=PRESENTATION_STYLE_ASSIGNMENT((#10847));
#10277=PRESENTATION_STYLE_ASSIGNMENT((#10848));
#10278=PRESENTATION_STYLE_ASSIGNMENT((#10849));
#10279=PRESENTATION_STYLE_ASSIGNMENT((#10850));
#10280=PRESENTATION_STYLE_ASSIGNMENT((#10851));
#10281=PRESENTATION_STYLE_ASSIGNMENT((#10852));
#10282=PRESENTATION_STYLE_ASSIGNMENT((#10853));
#10283=PRESENTATION_STYLE_ASSIGNMENT((#10854));
#10284=PRESENTATION_STYLE_ASSIGNMENT((#10855));
#10285=PRESENTATION_STYLE_ASSIGNMENT((#10856));
#10286=PRESENTATION_STYLE_ASSIGNMENT((#10857));
#10287=PRESENTATION_STYLE_ASSIGNMENT((#10858));
#10288=PRESENTATION_STYLE_ASSIGNMENT((#10859));
#10289=PRESENTATION_STYLE_ASSIGNMENT((#10860));
#10290=PRESENTATION_STYLE_ASSIGNMENT((#10861));
#10291=PRESENTATION_STYLE_ASSIGNMENT((#10862));
#10292=PRESENTATION_STYLE_ASSIGNMENT((#10863));
#10293=PRESENTATION_STYLE_ASSIGNMENT((#10864));
#10294=PRESENTATION_STYLE_ASSIGNMENT((#10865));
#10295=PRESENTATION_STYLE_ASSIGNMENT((#10866));
#10296=PRESENTATION_STYLE_ASSIGNMENT((#10867));
#10297=PRESENTATION_STYLE_ASSIGNMENT((#10868));
#10298=PRESENTATION_STYLE_ASSIGNMENT((#10869));
#10299=PRESENTATION_STYLE_ASSIGNMENT((#10870));
#10300=PRESENTATION_STYLE_ASSIGNMENT((#10871));
#10301=PRESENTATION_STYLE_ASSIGNMENT((#10872));
#10302=PRESENTATION_STYLE_ASSIGNMENT((#10873));
#10303=PRESENTATION_STYLE_ASSIGNMENT((#10874));
#10304=PRESENTATION_STYLE_ASSIGNMENT((#10875));
#10305=PRESENTATION_STYLE_ASSIGNMENT((#10876));
#10306=PRESENTATION_STYLE_ASSIGNMENT((#10877));
#10307=PRESENTATION_STYLE_ASSIGNMENT((#10878));
#10308=PRESENTATION_STYLE_ASSIGNMENT((#10879));
#10309=PRESENTATION_STYLE_ASSIGNMENT((#10880));
#10310=PRESENTATION_STYLE_ASSIGNMENT((#10881));
#10311=PRESENTATION_STYLE_ASSIGNMENT((#10882));
#10312=PRESENTATION_STYLE_ASSIGNMENT((#10883));
#10313=PRESENTATION_STYLE_ASSIGNMENT((#10884));
#10314=PRESENTATION_STYLE_ASSIGNMENT((#10885));
#10315=PRESENTATION_STYLE_ASSIGNMENT((#10886));
#10316=PRESENTATION_STYLE_ASSIGNMENT((#10887));
#10317=PRESENTATION_STYLE_ASSIGNMENT((#10888));
#10318=PRESENTATION_STYLE_ASSIGNMENT((#10889));
#10319=PRESENTATION_STYLE_ASSIGNMENT((#10890));
#10320=PRESENTATION_STYLE_ASSIGNMENT((#10891));
#10321=PRESENTATION_STYLE_ASSIGNMENT((#10892));
#10322=PRESENTATION_STYLE_ASSIGNMENT((#10893));
#10323=PRESENTATION_STYLE_ASSIGNMENT((#10894));
#10324=PRESENTATION_STYLE_ASSIGNMENT((#10895));
#10325=PRESENTATION_STYLE_ASSIGNMENT((#10896));
#10326=PRESENTATION_STYLE_ASSIGNMENT((#10897));
#10327=PRESENTATION_STYLE_ASSIGNMENT((#10898));
#10328=PRESENTATION_STYLE_ASSIGNMENT((#10899));
#10329=PRESENTATION_STYLE_ASSIGNMENT((#10900));
#10330=PRESENTATION_STYLE_ASSIGNMENT((#10901));
#10331=PRESENTATION_STYLE_ASSIGNMENT((#10902));
#10332=PRESENTATION_STYLE_ASSIGNMENT((#10903));
#10333=PRESENTATION_STYLE_ASSIGNMENT((#10904));
#10334=PRESENTATION_STYLE_ASSIGNMENT((#10905));
#10335=PRESENTATION_STYLE_ASSIGNMENT((#10906));
#10336=PRESENTATION_STYLE_ASSIGNMENT((#10907));
#10337=PRESENTATION_STYLE_ASSIGNMENT((#10908));
#10338=PRESENTATION_STYLE_ASSIGNMENT((#10909));
#10339=PRESENTATION_STYLE_ASSIGNMENT((#10910));
#10340=PRESENTATION_STYLE_ASSIGNMENT((#10911));
#10341=PRESENTATION_STYLE_ASSIGNMENT((#10912));
#10342=PRESENTATION_STYLE_ASSIGNMENT((#10913));
#10343=PRESENTATION_STYLE_ASSIGNMENT((#10914));
#10344=PRESENTATION_STYLE_ASSIGNMENT((#10915));
#10345=PRESENTATION_STYLE_ASSIGNMENT((#10916));
#10346=PRESENTATION_STYLE_ASSIGNMENT((#10917));
#10347=PRESENTATION_STYLE_ASSIGNMENT((#10918));
#10348=PRESENTATION_STYLE_ASSIGNMENT((#10919));
#10349=PRESENTATION_STYLE_ASSIGNMENT((#10920));
#10350=PRESENTATION_STYLE_ASSIGNMENT((#10921));
#10351=PRESENTATION_STYLE_ASSIGNMENT((#10922));
#10352=PRESENTATION_STYLE_ASSIGNMENT((#10923));
#10353=PRESENTATION_STYLE_ASSIGNMENT((#10924));
#10354=PRESENTATION_STYLE_ASSIGNMENT((#10925));
#10355=PRESENTATION_STYLE_ASSIGNMENT((#10926));
#10356=PRESENTATION_STYLE_ASSIGNMENT((#10927));
#10357=PRESENTATION_STYLE_ASSIGNMENT((#10928));
#10358=PRESENTATION_STYLE_ASSIGNMENT((#10929));
#10359=PRESENTATION_STYLE_ASSIGNMENT((#10930));
#10360=PRESENTATION_STYLE_ASSIGNMENT((#10931));
#10361=PRESENTATION_STYLE_ASSIGNMENT((#10932));
#10362=PRESENTATION_STYLE_ASSIGNMENT((#10933));
#10363=PRESENTATION_STYLE_ASSIGNMENT((#10934));
#10364=PRESENTATION_STYLE_ASSIGNMENT((#10935));
#10365=PRESENTATION_STYLE_ASSIGNMENT((#10936));
#10366=PRESENTATION_STYLE_ASSIGNMENT((#10937));
#10367=PRESENTATION_STYLE_ASSIGNMENT((#10938));
#10368=PRESENTATION_STYLE_ASSIGNMENT((#10939));
#10369=PRESENTATION_STYLE_ASSIGNMENT((#10940));
#10370=PRESENTATION_STYLE_ASSIGNMENT((#10941));
#10371=PRESENTATION_STYLE_ASSIGNMENT((#10942));
#10372=PRESENTATION_STYLE_ASSIGNMENT((#10943));
#10373=PRESENTATION_STYLE_ASSIGNMENT((#10944));
#10374=PRESENTATION_STYLE_ASSIGNMENT((#10945));
#10375=PRESENTATION_STYLE_ASSIGNMENT((#10946));
#10376=PRESENTATION_STYLE_ASSIGNMENT((#10947));
#10377=PRESENTATION_STYLE_ASSIGNMENT((#10948));
#10378=PRESENTATION_STYLE_ASSIGNMENT((#10949));
#10379=PRESENTATION_STYLE_ASSIGNMENT((#10950));
#10380=PRESENTATION_STYLE_ASSIGNMENT((#10951));
#10381=PRESENTATION_STYLE_ASSIGNMENT((#10952));
#10382=PRESENTATION_STYLE_ASSIGNMENT((#10953));
#10383=PRESENTATION_STYLE_ASSIGNMENT((#10954));
#10384=PRESENTATION_STYLE_ASSIGNMENT((#10955));
#10385=PRESENTATION_STYLE_ASSIGNMENT((#10956));
#10386=PRESENTATION_STYLE_ASSIGNMENT((#10957));
#10387=PRESENTATION_STYLE_ASSIGNMENT((#10958));
#10388=PRESENTATION_STYLE_ASSIGNMENT((#10959));
#10389=PRESENTATION_STYLE_ASSIGNMENT((#10960));
#10390=PRESENTATION_STYLE_ASSIGNMENT((#10961));
#10391=PRESENTATION_STYLE_ASSIGNMENT((#10962));
#10392=PRESENTATION_STYLE_ASSIGNMENT((#10963));
#10393=PRESENTATION_STYLE_ASSIGNMENT((#10964));
#10394=PRESENTATION_STYLE_ASSIGNMENT((#10965));
#10395=PRESENTATION_STYLE_ASSIGNMENT((#10966));
#10396=PRESENTATION_STYLE_ASSIGNMENT((#10967));
#10397=PRESENTATION_STYLE_ASSIGNMENT((#10968));
#10398=PRESENTATION_STYLE_ASSIGNMENT((#10969));
#10399=PRESENTATION_STYLE_ASSIGNMENT((#10970));
#10400=PRESENTATION_STYLE_ASSIGNMENT((#10971));
#10401=PRESENTATION_STYLE_ASSIGNMENT((#10972));
#10402=PRESENTATION_STYLE_ASSIGNMENT((#10973));
#10403=PRESENTATION_STYLE_ASSIGNMENT((#10974));
#10404=PRESENTATION_STYLE_ASSIGNMENT((#10975));
#10405=PRESENTATION_STYLE_ASSIGNMENT((#10976));
#10406=PRESENTATION_STYLE_ASSIGNMENT((#10977));
#10407=PRESENTATION_STYLE_ASSIGNMENT((#10978));
#10408=PRESENTATION_STYLE_ASSIGNMENT((#10979));
#10409=PRESENTATION_STYLE_ASSIGNMENT((#10980));
#10410=PRESENTATION_STYLE_ASSIGNMENT((#10981));
#10411=PRESENTATION_STYLE_ASSIGNMENT((#10982));
#10412=PRESENTATION_STYLE_ASSIGNMENT((#10983));
#10413=PRESENTATION_STYLE_ASSIGNMENT((#10984));
#10414=PRESENTATION_STYLE_ASSIGNMENT((#10985));
#10415=PRESENTATION_STYLE_ASSIGNMENT((#10986));
#10416=PRESENTATION_STYLE_ASSIGNMENT((#10987));
#10417=PRESENTATION_STYLE_ASSIGNMENT((#10988));
#10418=PRESENTATION_STYLE_ASSIGNMENT((#10989));
#10419=PRESENTATION_STYLE_ASSIGNMENT((#10990));
#10420=PRESENTATION_STYLE_ASSIGNMENT((#10991));
#10421=PRESENTATION_STYLE_ASSIGNMENT((#10992));
#10422=PRESENTATION_STYLE_ASSIGNMENT((#10993));
#10423=PRESENTATION_STYLE_ASSIGNMENT((#10994));
#10424=PRESENTATION_STYLE_ASSIGNMENT((#10995));
#10425=PRESENTATION_STYLE_ASSIGNMENT((#10996));
#10426=PRESENTATION_STYLE_ASSIGNMENT((#10997));
#10427=PRESENTATION_STYLE_ASSIGNMENT((#10998));
#10428=PRESENTATION_STYLE_ASSIGNMENT((#10999));
#10429=PRESENTATION_STYLE_ASSIGNMENT((#11000));
#10430=PRESENTATION_STYLE_ASSIGNMENT((#11001));
#10431=PRESENTATION_STYLE_ASSIGNMENT((#11002));
#10432=PRESENTATION_STYLE_ASSIGNMENT((#11003));
#10433=PRESENTATION_STYLE_ASSIGNMENT((#11004));
#10434=PRESENTATION_STYLE_ASSIGNMENT((#11005));
#10435=PRESENTATION_STYLE_ASSIGNMENT((#11006));
#10436=PRESENTATION_STYLE_ASSIGNMENT((#11007));
#10437=PRESENTATION_STYLE_ASSIGNMENT((#11008));
#10438=PRESENTATION_STYLE_ASSIGNMENT((#11009));
#10439=PRESENTATION_STYLE_ASSIGNMENT((#11010));
#10440=PRESENTATION_STYLE_ASSIGNMENT((#11011));
#10441=PRESENTATION_STYLE_ASSIGNMENT((#11012));
#10442=PRESENTATION_STYLE_ASSIGNMENT((#11013));
#10443=PRESENTATION_STYLE_ASSIGNMENT((#11014));
#10444=PRESENTATION_STYLE_ASSIGNMENT((#11015));
#10445=PRESENTATION_STYLE_ASSIGNMENT((#11016));
#10446=PRESENTATION_STYLE_ASSIGNMENT((#11017));
#10447=PRESENTATION_STYLE_ASSIGNMENT((#11018));
#10448=PRESENTATION_STYLE_ASSIGNMENT((#11019));
#10449=PRESENTATION_STYLE_ASSIGNMENT((#11020));
#10450=PRESENTATION_STYLE_ASSIGNMENT((#11021));
#10451=PRESENTATION_STYLE_ASSIGNMENT((#11022));
#10452=PRESENTATION_STYLE_ASSIGNMENT((#11023));
#10453=PRESENTATION_STYLE_ASSIGNMENT((#11024));
#10454=PRESENTATION_STYLE_ASSIGNMENT((#11025));
#10455=PRESENTATION_STYLE_ASSIGNMENT((#11026));
#10456=PRESENTATION_STYLE_ASSIGNMENT((#11027));
#10457=PRESENTATION_STYLE_ASSIGNMENT((#11028));
#10458=PRESENTATION_STYLE_ASSIGNMENT((#11029));
#10459=PRESENTATION_STYLE_ASSIGNMENT((#11030));
#10460=PRESENTATION_STYLE_ASSIGNMENT((#11031));
#10461=PRESENTATION_STYLE_ASSIGNMENT((#11032));
#10462=PRESENTATION_STYLE_ASSIGNMENT((#11033));
#10463=PRESENTATION_STYLE_ASSIGNMENT((#11034));
#10464=PRESENTATION_STYLE_ASSIGNMENT((#11035));
#10465=PRESENTATION_STYLE_ASSIGNMENT((#11036));
#10466=PRESENTATION_STYLE_ASSIGNMENT((#11037));
#10467=PRESENTATION_STYLE_ASSIGNMENT((#11038));
#10468=PRESENTATION_STYLE_ASSIGNMENT((#11039));
#10469=PRESENTATION_STYLE_ASSIGNMENT((#11040));
#10470=PRESENTATION_STYLE_ASSIGNMENT((#11041));
#10471=PRESENTATION_STYLE_ASSIGNMENT((#11042));
#10472=PRESENTATION_STYLE_ASSIGNMENT((#11043));
#10473=PRESENTATION_STYLE_ASSIGNMENT((#11044));
#10474=PRESENTATION_STYLE_ASSIGNMENT((#11045));
#10475=PRESENTATION_STYLE_ASSIGNMENT((#11046));
#10476=PRESENTATION_STYLE_ASSIGNMENT((#11047));
#10477=PRESENTATION_STYLE_ASSIGNMENT((#11048));
#10478=PRESENTATION_STYLE_ASSIGNMENT((#11049));
#10479=PRESENTATION_STYLE_ASSIGNMENT((#11050));
#10480=PRESENTATION_STYLE_ASSIGNMENT((#11051));
#10481=PRESENTATION_STYLE_ASSIGNMENT((#11052));
#10482=PRESENTATION_STYLE_ASSIGNMENT((#11053));
#10483=PRESENTATION_STYLE_ASSIGNMENT((#11054));
#10484=PRESENTATION_STYLE_ASSIGNMENT((#11055));
#10485=PRESENTATION_STYLE_ASSIGNMENT((#11056));
#10486=PRESENTATION_STYLE_ASSIGNMENT((#11057));
#10487=PRESENTATION_STYLE_ASSIGNMENT((#11058));
#10488=PRESENTATION_STYLE_ASSIGNMENT((#11059));
#10489=PRESENTATION_STYLE_ASSIGNMENT((#11060));
#10490=PRESENTATION_STYLE_ASSIGNMENT((#11061));
#10491=PRESENTATION_STYLE_ASSIGNMENT((#11062));
#10492=PRESENTATION_STYLE_ASSIGNMENT((#11063));
#10493=PRESENTATION_STYLE_ASSIGNMENT((#11064));
#10494=PRESENTATION_STYLE_ASSIGNMENT((#11065));
#10495=PRESENTATION_STYLE_ASSIGNMENT((#11066));
#10496=PRESENTATION_STYLE_ASSIGNMENT((#11067));
#10497=PRESENTATION_STYLE_ASSIGNMENT((#11068));
#10498=PRESENTATION_STYLE_ASSIGNMENT((#11069));
#10499=PRESENTATION_STYLE_ASSIGNMENT((#11070));
#10500=PRESENTATION_STYLE_ASSIGNMENT((#11071));
#10501=PRESENTATION_STYLE_ASSIGNMENT((#11072));
#10502=PRESENTATION_STYLE_ASSIGNMENT((#11073));
#10503=PRESENTATION_STYLE_ASSIGNMENT((#11074));
#10504=PRESENTATION_STYLE_ASSIGNMENT((#11075));
#10505=PRESENTATION_STYLE_ASSIGNMENT((#11076));
#10506=PRESENTATION_STYLE_ASSIGNMENT((#11077));
#10507=PRESENTATION_STYLE_ASSIGNMENT((#11078));
#10508=PRESENTATION_STYLE_ASSIGNMENT((#11079));
#10509=PRESENTATION_STYLE_ASSIGNMENT((#11080));
#10510=PRESENTATION_STYLE_ASSIGNMENT((#11081));
#10511=PRESENTATION_STYLE_ASSIGNMENT((#11082));
#10512=PRESENTATION_STYLE_ASSIGNMENT((#11083));
#10513=PRESENTATION_STYLE_ASSIGNMENT((#11084));
#10514=PRESENTATION_STYLE_ASSIGNMENT((#11085));
#10515=PRESENTATION_STYLE_ASSIGNMENT((#11086));
#10516=PRESENTATION_STYLE_ASSIGNMENT((#11087));
#10517=PRESENTATION_STYLE_ASSIGNMENT((#11088));
#10518=PRESENTATION_STYLE_ASSIGNMENT((#11089));
#10519=PRESENTATION_STYLE_ASSIGNMENT((#11090));
#10520=PRESENTATION_STYLE_ASSIGNMENT((#11091));
#10521=PRESENTATION_STYLE_ASSIGNMENT((#11092));
#10522=PRESENTATION_STYLE_ASSIGNMENT((#11093));
#10523=PRESENTATION_STYLE_ASSIGNMENT((#11094));
#10524=PRESENTATION_STYLE_ASSIGNMENT((#11095));
#10525=PRESENTATION_STYLE_ASSIGNMENT((#11096));
#10526=PRESENTATION_STYLE_ASSIGNMENT((#11097));
#10527=PRESENTATION_STYLE_ASSIGNMENT((#11098));
#10528=PRESENTATION_STYLE_ASSIGNMENT((#11099));
#10529=PRESENTATION_STYLE_ASSIGNMENT((#11100));
#10530=PRESENTATION_STYLE_ASSIGNMENT((#11101));
#10531=PRESENTATION_STYLE_ASSIGNMENT((#11102));
#10532=PRESENTATION_STYLE_ASSIGNMENT((#11103));
#10533=PRESENTATION_STYLE_ASSIGNMENT((#11104));
#10534=PRESENTATION_STYLE_ASSIGNMENT((#11105));
#10535=PRESENTATION_STYLE_ASSIGNMENT((#11106));
#10536=PRESENTATION_STYLE_ASSIGNMENT((#11107));
#10537=PRESENTATION_STYLE_ASSIGNMENT((#11108));
#10538=PRESENTATION_STYLE_ASSIGNMENT((#11109));
#10539=PRESENTATION_STYLE_ASSIGNMENT((#11110));
#10540=PRESENTATION_STYLE_ASSIGNMENT((#11111));
#10541=PRESENTATION_STYLE_ASSIGNMENT((#11112));
#10542=PRESENTATION_STYLE_ASSIGNMENT((#11113));
#10543=PRESENTATION_STYLE_ASSIGNMENT((#11114));
#10544=PRESENTATION_STYLE_ASSIGNMENT((#11115));
#10545=PRESENTATION_STYLE_ASSIGNMENT((#11116));
#10546=PRESENTATION_STYLE_ASSIGNMENT((#11117));
#10547=PRESENTATION_STYLE_ASSIGNMENT((#11118));
#10548=PRESENTATION_STYLE_ASSIGNMENT((#11119));
#10549=PRESENTATION_STYLE_ASSIGNMENT((#11120));
#10550=PRESENTATION_STYLE_ASSIGNMENT((#11121));
#10551=PRESENTATION_STYLE_ASSIGNMENT((#11122));
#10552=PRESENTATION_STYLE_ASSIGNMENT((#11123));
#10553=PRESENTATION_STYLE_ASSIGNMENT((#11124));
#10554=PRESENTATION_STYLE_ASSIGNMENT((#11125));
#10555=PRESENTATION_STYLE_ASSIGNMENT((#11126));
#10556=PRESENTATION_STYLE_ASSIGNMENT((#11127));
#10557=PRESENTATION_STYLE_ASSIGNMENT((#11128));
#10558=PRESENTATION_STYLE_ASSIGNMENT((#11129));
#10559=PRESENTATION_STYLE_ASSIGNMENT((#11130));
#10560=PRESENTATION_STYLE_ASSIGNMENT((#11131));
#10561=PRESENTATION_STYLE_ASSIGNMENT((#11132));
#10562=PRESENTATION_STYLE_ASSIGNMENT((#11133));
#10563=PRESENTATION_STYLE_ASSIGNMENT((#11134));
#10564=PRESENTATION_STYLE_ASSIGNMENT((#11135));
#10565=PRESENTATION_STYLE_ASSIGNMENT((#11136));
#10566=PRESENTATION_STYLE_ASSIGNMENT((#11137));
#10567=PRESENTATION_STYLE_ASSIGNMENT((#11138));
#10568=PRESENTATION_STYLE_ASSIGNMENT((#11139));
#10569=PRESENTATION_STYLE_ASSIGNMENT((#11140));
#10570=PRESENTATION_STYLE_ASSIGNMENT((#11141));
#10571=PRESENTATION_STYLE_ASSIGNMENT((#11142));
#10572=PRESENTATION_STYLE_ASSIGNMENT((#11143));
#10573=PRESENTATION_STYLE_ASSIGNMENT((#11144));
#10574=PRESENTATION_STYLE_ASSIGNMENT((#11145));
#10575=PRESENTATION_STYLE_ASSIGNMENT((#11146));
#10576=PRESENTATION_STYLE_ASSIGNMENT((#11147));
#10577=PRESENTATION_STYLE_ASSIGNMENT((#11148));
#10578=PRESENTATION_STYLE_ASSIGNMENT((#11149));
#10579=PRESENTATION_STYLE_ASSIGNMENT((#11150));
#10580=PRESENTATION_STYLE_ASSIGNMENT((#11151));
#10581=PRESENTATION_STYLE_ASSIGNMENT((#11152));
#10582=PRESENTATION_STYLE_ASSIGNMENT((#11153));
#10583=PRESENTATION_STYLE_ASSIGNMENT((#11154));
#10584=PRESENTATION_STYLE_ASSIGNMENT((#11155));
#10585=PRESENTATION_STYLE_ASSIGNMENT((#11156));
#10586=PRESENTATION_STYLE_ASSIGNMENT((#11157));
#10587=PRESENTATION_STYLE_ASSIGNMENT((#11158));
#10588=PRESENTATION_STYLE_ASSIGNMENT((#11159));
#10589=PRESENTATION_STYLE_ASSIGNMENT((#11160));
#10590=PRESENTATION_STYLE_ASSIGNMENT((#11161));
#10591=PRESENTATION_STYLE_ASSIGNMENT((#11162));
#10592=PRESENTATION_STYLE_ASSIGNMENT((#11163));
#10593=PRESENTATION_STYLE_ASSIGNMENT((#11164));
#10594=PRESENTATION_STYLE_ASSIGNMENT((#11165));
#10595=PRESENTATION_STYLE_ASSIGNMENT((#11166));
#10596=PRESENTATION_STYLE_ASSIGNMENT((#11167));
#10597=PRESENTATION_STYLE_ASSIGNMENT((#11168));
#10598=PRESENTATION_STYLE_ASSIGNMENT((#11169));
#10599=PRESENTATION_STYLE_ASSIGNMENT((#11170));
#10600=PRESENTATION_STYLE_ASSIGNMENT((#11171));
#10601=PRESENTATION_STYLE_ASSIGNMENT((#11172));
#10602=PRESENTATION_STYLE_ASSIGNMENT((#11173));
#10603=PRESENTATION_STYLE_ASSIGNMENT((#11174));
#10604=PRESENTATION_STYLE_ASSIGNMENT((#11175));
#10605=PRESENTATION_STYLE_ASSIGNMENT((#11176));
#10606=PRESENTATION_STYLE_ASSIGNMENT((#11177));
#10607=PRESENTATION_STYLE_ASSIGNMENT((#11178));
#10608=PRESENTATION_STYLE_ASSIGNMENT((#11179));
#10609=PRESENTATION_STYLE_ASSIGNMENT((#11180));
#10610=PRESENTATION_STYLE_ASSIGNMENT((#11181));
#10611=PRESENTATION_STYLE_ASSIGNMENT((#11182));
#10612=PRESENTATION_STYLE_ASSIGNMENT((#11183));
#10613=PRESENTATION_STYLE_ASSIGNMENT((#11184));
#10614=PRESENTATION_STYLE_ASSIGNMENT((#11185));
#10615=PRESENTATION_STYLE_ASSIGNMENT((#11186));
#10616=PRESENTATION_STYLE_ASSIGNMENT((#11187));
#10617=PRESENTATION_STYLE_ASSIGNMENT((#11188));
#10618=PRESENTATION_STYLE_ASSIGNMENT((#11189));
#10619=PRESENTATION_STYLE_ASSIGNMENT((#11190));
#10620=PRESENTATION_STYLE_ASSIGNMENT((#11191));
#10621=PRESENTATION_STYLE_ASSIGNMENT((#11192));
#10622=PRESENTATION_STYLE_ASSIGNMENT((#11193));
#10623=PRESENTATION_STYLE_ASSIGNMENT((#11194));
#10624=PRESENTATION_STYLE_ASSIGNMENT((#11195));
#10625=PRESENTATION_STYLE_ASSIGNMENT((#11196));
#10626=PRESENTATION_STYLE_ASSIGNMENT((#11197));
#10627=PRESENTATION_STYLE_ASSIGNMENT((#11198));
#10628=PRESENTATION_STYLE_ASSIGNMENT((#11199));
#10629=PRESENTATION_STYLE_ASSIGNMENT((#11200));
#10630=PRESENTATION_STYLE_ASSIGNMENT((#11201));
#10631=PRESENTATION_STYLE_ASSIGNMENT((#11202));
#10632=PRESENTATION_STYLE_ASSIGNMENT((#11203));
#10633=PRESENTATION_STYLE_ASSIGNMENT((#11204));
#10634=PRESENTATION_STYLE_ASSIGNMENT((#11205));
#10635=PRESENTATION_STYLE_ASSIGNMENT((#11206));
#10636=PRESENTATION_STYLE_ASSIGNMENT((#11207));
#10637=PRESENTATION_STYLE_ASSIGNMENT((#11208));
#10638=PRESENTATION_STYLE_ASSIGNMENT((#11209));
#10639=PRESENTATION_STYLE_ASSIGNMENT((#11210));
#10640=PRESENTATION_STYLE_ASSIGNMENT((#11211));
#10641=PRESENTATION_STYLE_ASSIGNMENT((#11212));
#10642=PRESENTATION_STYLE_ASSIGNMENT((#11213));
#10643=PRESENTATION_STYLE_ASSIGNMENT((#11214));
#10644=PRESENTATION_STYLE_ASSIGNMENT((#11215));
#10645=PRESENTATION_STYLE_ASSIGNMENT((#11216));
#10646=PRESENTATION_STYLE_ASSIGNMENT((#11217));
#10647=PRESENTATION_STYLE_ASSIGNMENT((#11218));
#10648=PRESENTATION_STYLE_ASSIGNMENT((#11219));
#10649=PRESENTATION_STYLE_ASSIGNMENT((#11220));
#10650=PRESENTATION_STYLE_ASSIGNMENT((#11221));
#10651=PRESENTATION_STYLE_ASSIGNMENT((#11222));
#10652=PRESENTATION_STYLE_ASSIGNMENT((#11223));
#10653=PRESENTATION_STYLE_ASSIGNMENT((#11224));
#10654=PRESENTATION_STYLE_ASSIGNMENT((#11225));
#10655=PRESENTATION_STYLE_ASSIGNMENT((#11226));
#10656=PRESENTATION_STYLE_ASSIGNMENT((#11227));
#10657=PRESENTATION_STYLE_ASSIGNMENT((#11228));
#10658=PRESENTATION_STYLE_ASSIGNMENT((#11229));
#10659=PRESENTATION_STYLE_ASSIGNMENT((#11230));
#10660=PRESENTATION_STYLE_ASSIGNMENT((#11231));
#10661=PRESENTATION_STYLE_ASSIGNMENT((#11232));
#10662=PRESENTATION_STYLE_ASSIGNMENT((#11233));
#10663=PRESENTATION_STYLE_ASSIGNMENT((#11234));
#10664=PRESENTATION_STYLE_ASSIGNMENT((#11235));
#10665=PRESENTATION_STYLE_ASSIGNMENT((#11236));
#10666=PRESENTATION_STYLE_ASSIGNMENT((#11237));
#10667=PRESENTATION_STYLE_ASSIGNMENT((#11238));
#10668=PRESENTATION_STYLE_ASSIGNMENT((#11239));
#10669=PRESENTATION_STYLE_ASSIGNMENT((#11240));
#10670=PRESENTATION_STYLE_ASSIGNMENT((#11241));
#10671=PRESENTATION_STYLE_ASSIGNMENT((#11242));
#10672=PRESENTATION_STYLE_ASSIGNMENT((#11243));
#10673=PRESENTATION_STYLE_ASSIGNMENT((#11244));
#10674=PRESENTATION_STYLE_ASSIGNMENT((#11245));
#10675=PRESENTATION_STYLE_ASSIGNMENT((#11246));
#10676=PRESENTATION_STYLE_ASSIGNMENT((#11247));
#10677=PRESENTATION_STYLE_ASSIGNMENT((#11248));
#10678=PRESENTATION_STYLE_ASSIGNMENT((#11249));
#10679=PRESENTATION_STYLE_ASSIGNMENT((#11250));
#10680=PRESENTATION_STYLE_ASSIGNMENT((#11251));
#10681=PRESENTATION_STYLE_ASSIGNMENT((#11252));
#10682=PRESENTATION_STYLE_ASSIGNMENT((#11253));
#10683=PRESENTATION_STYLE_ASSIGNMENT((#11254));
#10684=PRESENTATION_STYLE_ASSIGNMENT((#11255));
#10685=PRESENTATION_STYLE_ASSIGNMENT((#11256));
#10686=PRESENTATION_STYLE_ASSIGNMENT((#11257));
#10687=PRESENTATION_STYLE_ASSIGNMENT((#11258));
#10688=PRESENTATION_STYLE_ASSIGNMENT((#11259));
#10689=PRESENTATION_STYLE_ASSIGNMENT((#11260));
#10690=PRESENTATION_STYLE_ASSIGNMENT((#11261));
#10691=PRESENTATION_STYLE_ASSIGNMENT((#11262));
#10692=PRESENTATION_STYLE_ASSIGNMENT((#11263));
#10693=PRESENTATION_STYLE_ASSIGNMENT((#11264));
#10694=PRESENTATION_STYLE_ASSIGNMENT((#11265));
#10695=PRESENTATION_STYLE_ASSIGNMENT((#11266));
#10696=PRESENTATION_STYLE_ASSIGNMENT((#11267));
#10697=PRESENTATION_STYLE_ASSIGNMENT((#11268));
#10698=PRESENTATION_STYLE_ASSIGNMENT((#11269));
#10699=PRESENTATION_STYLE_ASSIGNMENT((#11270));
#10700=PRESENTATION_STYLE_ASSIGNMENT((#11271));
#10701=PRESENTATION_STYLE_ASSIGNMENT((#11272));
#10702=PRESENTATION_STYLE_ASSIGNMENT((#11273));
#10703=PRESENTATION_STYLE_ASSIGNMENT((#11274));
#10704=PRESENTATION_STYLE_ASSIGNMENT((#11275));
#10705=PRESENTATION_STYLE_ASSIGNMENT((#11276));
#10706=PRESENTATION_STYLE_ASSIGNMENT((#11277));
#10707=PRESENTATION_STYLE_ASSIGNMENT((#11278));
#10708=PRESENTATION_STYLE_ASSIGNMENT((#11279));
#10709=PRESENTATION_STYLE_ASSIGNMENT((#11280));
#10710=PRESENTATION_STYLE_ASSIGNMENT((#11281));
#10711=PRESENTATION_STYLE_ASSIGNMENT((#11282));
#10712=PRESENTATION_STYLE_ASSIGNMENT((#11283));
#10713=PRESENTATION_STYLE_ASSIGNMENT((#11284));
#10714=PRESENTATION_STYLE_ASSIGNMENT((#11285));
#10715=PRESENTATION_STYLE_ASSIGNMENT((#11286));
#10716=PRESENTATION_STYLE_ASSIGNMENT((#11287));
#10717=PRESENTATION_STYLE_ASSIGNMENT((#11288));
#10718=PRESENTATION_STYLE_ASSIGNMENT((#11289));
#10719=PRESENTATION_STYLE_ASSIGNMENT((#11290));
#10720=PRESENTATION_STYLE_ASSIGNMENT((#11291));
#10721=PRESENTATION_STYLE_ASSIGNMENT((#11292));
#10722=PRESENTATION_STYLE_ASSIGNMENT((#11293));
#10723=PRESENTATION_STYLE_ASSIGNMENT((#11294));
#10724=PRESENTATION_STYLE_ASSIGNMENT((#11295));
#10725=PRESENTATION_STYLE_ASSIGNMENT((#11296));
#10726=PRESENTATION_STYLE_ASSIGNMENT((#11297));
#10727=PRESENTATION_STYLE_ASSIGNMENT((#11298));
#10728=PRESENTATION_STYLE_ASSIGNMENT((#11299));
#10729=PRESENTATION_STYLE_ASSIGNMENT((#11300));
#10730=PRESENTATION_STYLE_ASSIGNMENT((#11301));
#10731=PRESENTATION_STYLE_ASSIGNMENT((#11302));
#10732=PRESENTATION_STYLE_ASSIGNMENT((#11303));
#10733=PRESENTATION_STYLE_ASSIGNMENT((#11304));
#10734=PRESENTATION_STYLE_ASSIGNMENT((#11305));
#10735=PRESENTATION_STYLE_ASSIGNMENT((#11306));
#10736=PRESENTATION_STYLE_ASSIGNMENT((#11307));
#10737=PRESENTATION_STYLE_ASSIGNMENT((#11308));
#10738=PRESENTATION_STYLE_ASSIGNMENT((#11309));
#10739=PRESENTATION_STYLE_ASSIGNMENT((#11310));
#10740=PRESENTATION_STYLE_ASSIGNMENT((#11311));
#10741=PRESENTATION_STYLE_ASSIGNMENT((#11312));
#10742=PRESENTATION_STYLE_ASSIGNMENT((#11313));
#10743=PRESENTATION_STYLE_ASSIGNMENT((#11314));
#10744=PRESENTATION_STYLE_ASSIGNMENT((#11315));
#10745=PRESENTATION_STYLE_ASSIGNMENT((#11316));
#10746=PRESENTATION_STYLE_ASSIGNMENT((#11317));
#10747=PRESENTATION_STYLE_ASSIGNMENT((#11318));
#10748=PRESENTATION_STYLE_ASSIGNMENT((#11319));
#10749=PRESENTATION_STYLE_ASSIGNMENT((#11320));
#10750=PRESENTATION_STYLE_ASSIGNMENT((#11321));
#10751=PRESENTATION_STYLE_ASSIGNMENT((#11322));
#10752=PRESENTATION_STYLE_ASSIGNMENT((#11323));
#10753=PRESENTATION_STYLE_ASSIGNMENT((#11324));
#10754=PRESENTATION_STYLE_ASSIGNMENT((#11325));
#10755=PRESENTATION_STYLE_ASSIGNMENT((#11326));
#10756=PRESENTATION_STYLE_ASSIGNMENT((#11327));
#10757=PRESENTATION_STYLE_ASSIGNMENT((#11328));
#10758=PRESENTATION_STYLE_ASSIGNMENT((#11329));
#10759=PRESENTATION_STYLE_ASSIGNMENT((#11330));
#10760=PRESENTATION_STYLE_ASSIGNMENT((#11331));
#10761=PRESENTATION_STYLE_ASSIGNMENT((#11332));
#10762=PRESENTATION_STYLE_ASSIGNMENT((#11333));
#10763=PRESENTATION_STYLE_ASSIGNMENT((#11334));
#10764=PRESENTATION_STYLE_ASSIGNMENT((#11335));
#10765=PRESENTATION_STYLE_ASSIGNMENT((#11336));
#10766=PRESENTATION_STYLE_ASSIGNMENT((#11337));
#10767=PRESENTATION_STYLE_ASSIGNMENT((#11338));
#10768=PRESENTATION_STYLE_ASSIGNMENT((#11339));
#10769=PRESENTATION_STYLE_ASSIGNMENT((#11340));
#10770=PRESENTATION_STYLE_ASSIGNMENT((#11341));
#10771=PRESENTATION_STYLE_ASSIGNMENT((#11342));
#10772=PRESENTATION_STYLE_ASSIGNMENT((#11343));
#10773=PRESENTATION_STYLE_ASSIGNMENT((#11344));
#10774=PRESENTATION_STYLE_ASSIGNMENT((#11345));
#10775=PRESENTATION_STYLE_ASSIGNMENT((#11346));
#10776=PRESENTATION_STYLE_ASSIGNMENT((#11347));
#10777=PRESENTATION_STYLE_ASSIGNMENT((#11348));
#10778=PRESENTATION_STYLE_ASSIGNMENT((#11349));
#10779=PRESENTATION_STYLE_ASSIGNMENT((#11350));
#10780=PRESENTATION_STYLE_ASSIGNMENT((#11351));
#10781=PRESENTATION_STYLE_ASSIGNMENT((#11352));
#10782=PRESENTATION_STYLE_ASSIGNMENT((#11353));
#10783=PRESENTATION_STYLE_ASSIGNMENT((#11354));
#10784=PRESENTATION_STYLE_ASSIGNMENT((#11355));
#10785=PRESENTATION_STYLE_ASSIGNMENT((#11356));
#10786=PRESENTATION_STYLE_ASSIGNMENT((#11357));
#10787=PRESENTATION_STYLE_ASSIGNMENT((#11358));
#10788=PRESENTATION_STYLE_ASSIGNMENT((#11359));
#10789=PRESENTATION_STYLE_ASSIGNMENT((#11360));
#10790=PRESENTATION_STYLE_ASSIGNMENT((#11361));
#10791=PRESENTATION_STYLE_ASSIGNMENT((#11362));
#10792=PRESENTATION_STYLE_ASSIGNMENT((#11363));
#10793=PRESENTATION_STYLE_ASSIGNMENT((#11364));
#10794=PRESENTATION_STYLE_ASSIGNMENT((#11365));
#10795=PRESENTATION_STYLE_ASSIGNMENT((#11366));
#10796=PRESENTATION_STYLE_ASSIGNMENT((#11367));
#10797=PRESENTATION_STYLE_ASSIGNMENT((#11368));
#10798=PRESENTATION_STYLE_ASSIGNMENT((#11369));
#10799=PRESENTATION_STYLE_ASSIGNMENT((#11370));
#10800=PRESENTATION_STYLE_ASSIGNMENT((#11371));
#10801=PRESENTATION_STYLE_ASSIGNMENT((#11372));
#10802=PRESENTATION_STYLE_ASSIGNMENT((#11373));
#10803=PRESENTATION_STYLE_ASSIGNMENT((#11374));
#10804=PRESENTATION_STYLE_ASSIGNMENT((#11375));
#10805=PRESENTATION_STYLE_ASSIGNMENT((#11376));
#10806=PRESENTATION_STYLE_ASSIGNMENT((#11377));
#10807=PRESENTATION_STYLE_ASSIGNMENT((#11378));
#10808=PRESENTATION_STYLE_ASSIGNMENT((#11379));
#10809=PRESENTATION_STYLE_ASSIGNMENT((#11380));
#10810=PRESENTATION_STYLE_ASSIGNMENT((#11381));
#10811=PRESENTATION_STYLE_ASSIGNMENT((#11382));
#10812=PRESENTATION_STYLE_ASSIGNMENT((#11383));
#10813=PRESENTATION_STYLE_ASSIGNMENT((#11384));
#10814=PRESENTATION_STYLE_ASSIGNMENT((#11385));
#10815=PRESENTATION_STYLE_ASSIGNMENT((#11386));
#10816=PRESENTATION_STYLE_ASSIGNMENT((#11387));
#10817=PRESENTATION_STYLE_ASSIGNMENT((#11388));
#10818=PRESENTATION_STYLE_ASSIGNMENT((#11389));
#10819=PRESENTATION_STYLE_ASSIGNMENT((#11390));
#10820=SURFACE_STYLE_USAGE(.BOTH.,#11391);
#10821=SURFACE_STYLE_USAGE(.BOTH.,#11392);
#10822=SURFACE_STYLE_USAGE(.BOTH.,#11393);
#10823=SURFACE_STYLE_USAGE(.BOTH.,#11394);
#10824=SURFACE_STYLE_USAGE(.BOTH.,#11395);
#10825=SURFACE_STYLE_USAGE(.BOTH.,#11396);
#10826=SURFACE_STYLE_USAGE(.BOTH.,#11397);
#10827=SURFACE_STYLE_USAGE(.BOTH.,#11398);
#10828=SURFACE_STYLE_USAGE(.BOTH.,#11399);
#10829=SURFACE_STYLE_USAGE(.BOTH.,#11400);
#10830=SURFACE_STYLE_USAGE(.BOTH.,#11401);
#10831=SURFACE_STYLE_USAGE(.BOTH.,#11402);
#10832=SURFACE_STYLE_USAGE(.BOTH.,#11403);
#10833=SURFACE_STYLE_USAGE(.BOTH.,#11404);
#10834=SURFACE_STYLE_USAGE(.BOTH.,#11405);
#10835=SURFACE_STYLE_USAGE(.BOTH.,#11406);
#10836=SURFACE_STYLE_USAGE(.BOTH.,#11407);
#10837=SURFACE_STYLE_USAGE(.BOTH.,#11408);
#10838=SURFACE_STYLE_USAGE(.BOTH.,#11409);
#10839=SURFACE_STYLE_USAGE(.BOTH.,#11410);
#10840=SURFACE_STYLE_USAGE(.BOTH.,#11411);
#10841=SURFACE_STYLE_USAGE(.BOTH.,#11412);
#10842=SURFACE_STYLE_USAGE(.BOTH.,#11413);
#10843=SURFACE_STYLE_USAGE(.BOTH.,#11414);
#10844=SURFACE_STYLE_USAGE(.BOTH.,#11415);
#10845=SURFACE_STYLE_USAGE(.BOTH.,#11416);
#10846=SURFACE_STYLE_USAGE(.BOTH.,#11417);
#10847=SURFACE_STYLE_USAGE(.BOTH.,#11418);
#10848=SURFACE_STYLE_USAGE(.BOTH.,#11419);
#10849=SURFACE_STYLE_USAGE(.BOTH.,#11420);
#10850=SURFACE_STYLE_USAGE(.BOTH.,#11421);
#10851=SURFACE_STYLE_USAGE(.BOTH.,#11422);
#10852=SURFACE_STYLE_USAGE(.BOTH.,#11423);
#10853=SURFACE_STYLE_USAGE(.BOTH.,#11424);
#10854=SURFACE_STYLE_USAGE(.BOTH.,#11425);
#10855=SURFACE_STYLE_USAGE(.BOTH.,#11426);
#10856=SURFACE_STYLE_USAGE(.BOTH.,#11427);
#10857=SURFACE_STYLE_USAGE(.BOTH.,#11428);
#10858=SURFACE_STYLE_USAGE(.BOTH.,#11429);
#10859=SURFACE_STYLE_USAGE(.BOTH.,#11430);
#10860=SURFACE_STYLE_USAGE(.BOTH.,#11431);
#10861=SURFACE_STYLE_USAGE(.BOTH.,#11432);
#10862=SURFACE_STYLE_USAGE(.BOTH.,#11433);
#10863=SURFACE_STYLE_USAGE(.BOTH.,#11434);
#10864=SURFACE_STYLE_USAGE(.BOTH.,#11435);
#10865=SURFACE_STYLE_USAGE(.BOTH.,#11436);
#10866=SURFACE_STYLE_USAGE(.BOTH.,#11437);
#10867=SURFACE_STYLE_USAGE(.BOTH.,#11438);
#10868=SURFACE_STYLE_USAGE(.BOTH.,#11439);
#10869=SURFACE_STYLE_USAGE(.BOTH.,#11440);
#10870=SURFACE_STYLE_USAGE(.BOTH.,#11441);
#10871=SURFACE_STYLE_USAGE(.BOTH.,#11442);
#10872=SURFACE_STYLE_USAGE(.BOTH.,#11443);
#10873=SURFACE_STYLE_USAGE(.BOTH.,#11444);
#10874=SURFACE_STYLE_USAGE(.BOTH.,#11445);
#10875=SURFACE_STYLE_USAGE(.BOTH.,#11446);
#10876=SURFACE_STYLE_USAGE(.BOTH.,#11447);
#10877=SURFACE_STYLE_USAGE(.BOTH.,#11448);
#10878=SURFACE_STYLE_USAGE(.BOTH.,#11449);
#10879=SURFACE_STYLE_USAGE(.BOTH.,#11450);
#10880=SURFACE_STYLE_USAGE(.BOTH.,#11451);
#10881=SURFACE_STYLE_USAGE(.BOTH.,#11452);
#10882=SURFACE_STYLE_USAGE(.BOTH.,#11453);
#10883=SURFACE_STYLE_USAGE(.BOTH.,#11454);
#10884=SURFACE_STYLE_USAGE(.BOTH.,#11455);
#10885=SURFACE_STYLE_USAGE(.BOTH.,#11456);
#10886=SURFACE_STYLE_USAGE(.BOTH.,#11457);
#10887=SURFACE_STYLE_USAGE(.BOTH.,#11458);
#10888=SURFACE_STYLE_USAGE(.BOTH.,#11459);
#10889=SURFACE_STYLE_USAGE(.BOTH.,#11460);
#10890=SURFACE_STYLE_USAGE(.BOTH.,#11461);
#10891=SURFACE_STYLE_USAGE(.BOTH.,#11462);
#10892=SURFACE_STYLE_USAGE(.BOTH.,#11463);
#10893=SURFACE_STYLE_USAGE(.BOTH.,#11464);
#10894=SURFACE_STYLE_USAGE(.BOTH.,#11465);
#10895=SURFACE_STYLE_USAGE(.BOTH.,#11466);
#10896=SURFACE_STYLE_USAGE(.BOTH.,#11467);
#10897=SURFACE_STYLE_USAGE(.BOTH.,#11468);
#10898=SURFACE_STYLE_USAGE(.BOTH.,#11469);
#10899=SURFACE_STYLE_USAGE(.BOTH.,#11470);
#10900=SURFACE_STYLE_USAGE(.BOTH.,#11471);
#10901=SURFACE_STYLE_USAGE(.BOTH.,#11472);
#10902=SURFACE_STYLE_USAGE(.BOTH.,#11473);
#10903=SURFACE_STYLE_USAGE(.BOTH.,#11474);
#10904=SURFACE_STYLE_USAGE(.BOTH.,#11475);
#10905=SURFACE_STYLE_USAGE(.BOTH.,#11476);
#10906=SURFACE_STYLE_USAGE(.BOTH.,#11477);
#10907=SURFACE_STYLE_USAGE(.BOTH.,#11478);
#10908=SURFACE_STYLE_USAGE(.BOTH.,#11479);
#10909=SURFACE_STYLE_USAGE(.BOTH.,#11480);
#10910=SURFACE_STYLE_USAGE(.BOTH.,#11481);
#10911=SURFACE_STYLE_USAGE(.BOTH.,#11482);
#10912=SURFACE_STYLE_USAGE(.BOTH.,#11483);
#10913=SURFACE_STYLE_USAGE(.BOTH.,#11484);
#10914=SURFACE_STYLE_USAGE(.BOTH.,#11485);
#10915=SURFACE_STYLE_USAGE(.BOTH.,#11486);
#10916=SURFACE_STYLE_USAGE(.BOTH.,#11487);
#10917=SURFACE_STYLE_USAGE(.BOTH.,#11488);
#10918=SURFACE_STYLE_USAGE(.BOTH.,#11489);
#10919=SURFACE_STYLE_USAGE(.BOTH.,#11490);
#10920=SURFACE_STYLE_USAGE(.BOTH.,#11491);
#10921=SURFACE_STYLE_USAGE(.BOTH.,#11492);
#10922=SURFACE_STYLE_USAGE(.BOTH.,#11493);
#10923=SURFACE_STYLE_USAGE(.BOTH.,#11494);
#10924=SURFACE_STYLE_USAGE(.BOTH.,#11495);
#10925=SURFACE_STYLE_USAGE(.BOTH.,#11496);
#10926=SURFACE_STYLE_USAGE(.BOTH.,#11497);
#10927=SURFACE_STYLE_USAGE(.BOTH.,#11498);
#10928=SURFACE_STYLE_USAGE(.BOTH.,#11499);
#10929=SURFACE_STYLE_USAGE(.BOTH.,#11500);
#10930=SURFACE_STYLE_USAGE(.BOTH.,#11501);
#10931=SURFACE_STYLE_USAGE(.BOTH.,#11502);
#10932=SURFACE_STYLE_USAGE(.BOTH.,#11503);
#10933=SURFACE_STYLE_USAGE(.BOTH.,#11504);
#10934=SURFACE_STYLE_USAGE(.BOTH.,#11505);
#10935=SURFACE_STYLE_USAGE(.BOTH.,#11506);
#10936=SURFACE_STYLE_USAGE(.BOTH.,#11507);
#10937=SURFACE_STYLE_USAGE(.BOTH.,#11508);
#10938=SURFACE_STYLE_USAGE(.BOTH.,#11509);
#10939=SURFACE_STYLE_USAGE(.BOTH.,#11510);
#10940=SURFACE_STYLE_USAGE(.BOTH.,#11511);
#10941=SURFACE_STYLE_USAGE(.BOTH.,#11512);
#10942=SURFACE_STYLE_USAGE(.BOTH.,#11513);
#10943=SURFACE_STYLE_USAGE(.BOTH.,#11514);
#10944=SURFACE_STYLE_USAGE(.BOTH.,#11515);
#10945=SURFACE_STYLE_USAGE(.BOTH.,#11516);
#10946=SURFACE_STYLE_USAGE(.BOTH.,#11517);
#10947=SURFACE_STYLE_USAGE(.BOTH.,#11518);
#10948=SURFACE_STYLE_USAGE(.BOTH.,#11519);
#10949=SURFACE_STYLE_USAGE(.BOTH.,#11520);
#10950=SURFACE_STYLE_USAGE(.BOTH.,#11521);
#10951=SURFACE_STYLE_USAGE(.BOTH.,#11522);
#10952=SURFACE_STYLE_USAGE(.BOTH.,#11523);
#10953=SURFACE_STYLE_USAGE(.BOTH.,#11524);
#10954=SURFACE_STYLE_USAGE(.BOTH.,#11525);
#10955=SURFACE_STYLE_USAGE(.BOTH.,#11526);
#10956=SURFACE_STYLE_USAGE(.BOTH.,#11527);
#10957=SURFACE_STYLE_USAGE(.BOTH.,#11528);
#10958=SURFACE_STYLE_USAGE(.BOTH.,#11529);
#10959=SURFACE_STYLE_USAGE(.BOTH.,#11530);
#10960=SURFACE_STYLE_USAGE(.BOTH.,#11531);
#10961=SURFACE_STYLE_USAGE(.BOTH.,#11532);
#10962=SURFACE_STYLE_USAGE(.BOTH.,#11533);
#10963=SURFACE_STYLE_USAGE(.BOTH.,#11534);
#10964=SURFACE_STYLE_USAGE(.BOTH.,#11535);
#10965=SURFACE_STYLE_USAGE(.BOTH.,#11536);
#10966=SURFACE_STYLE_USAGE(.BOTH.,#11537);
#10967=SURFACE_STYLE_USAGE(.BOTH.,#11538);
#10968=SURFACE_STYLE_USAGE(.BOTH.,#11539);
#10969=SURFACE_STYLE_USAGE(.BOTH.,#11540);
#10970=SURFACE_STYLE_USAGE(.BOTH.,#11541);
#10971=SURFACE_STYLE_USAGE(.BOTH.,#11542);
#10972=SURFACE_STYLE_USAGE(.BOTH.,#11543);
#10973=SURFACE_STYLE_USAGE(.BOTH.,#11544);
#10974=SURFACE_STYLE_USAGE(.BOTH.,#11545);
#10975=SURFACE_STYLE_USAGE(.BOTH.,#11546);
#10976=SURFACE_STYLE_USAGE(.BOTH.,#11547);
#10977=SURFACE_STYLE_USAGE(.BOTH.,#11548);
#10978=SURFACE_STYLE_USAGE(.BOTH.,#11549);
#10979=SURFACE_STYLE_USAGE(.BOTH.,#11550);
#10980=SURFACE_STYLE_USAGE(.BOTH.,#11551);
#10981=SURFACE_STYLE_USAGE(.BOTH.,#11552);
#10982=SURFACE_STYLE_USAGE(.BOTH.,#11553);
#10983=SURFACE_STYLE_USAGE(.BOTH.,#11554);
#10984=SURFACE_STYLE_USAGE(.BOTH.,#11555);
#10985=SURFACE_STYLE_USAGE(.BOTH.,#11556);
#10986=SURFACE_STYLE_USAGE(.BOTH.,#11557);
#10987=SURFACE_STYLE_USAGE(.BOTH.,#11558);
#10988=SURFACE_STYLE_USAGE(.BOTH.,#11559);
#10989=SURFACE_STYLE_USAGE(.BOTH.,#11560);
#10990=SURFACE_STYLE_USAGE(.BOTH.,#11561);
#10991=SURFACE_STYLE_USAGE(.BOTH.,#11562);
#10992=SURFACE_STYLE_USAGE(.BOTH.,#11563);
#10993=SURFACE_STYLE_USAGE(.BOTH.,#11564);
#10994=SURFACE_STYLE_USAGE(.BOTH.,#11565);
#10995=SURFACE_STYLE_USAGE(.BOTH.,#11566);
#10996=SURFACE_STYLE_USAGE(.BOTH.,#11567);
#10997=SURFACE_STYLE_USAGE(.BOTH.,#11568);
#10998=SURFACE_STYLE_USAGE(.BOTH.,#11569);
#10999=SURFACE_STYLE_USAGE(.BOTH.,#11570);
#11000=SURFACE_STYLE_USAGE(.BOTH.,#11571);
#11001=SURFACE_STYLE_USAGE(.BOTH.,#11572);
#11002=SURFACE_STYLE_USAGE(.BOTH.,#11573);
#11003=SURFACE_STYLE_USAGE(.BOTH.,#11574);
#11004=SURFACE_STYLE_USAGE(.BOTH.,#11575);
#11005=SURFACE_STYLE_USAGE(.BOTH.,#11576);
#11006=SURFACE_STYLE_USAGE(.BOTH.,#11577);
#11007=SURFACE_STYLE_USAGE(.BOTH.,#11578);
#11008=SURFACE_STYLE_USAGE(.BOTH.,#11579);
#11009=SURFACE_STYLE_USAGE(.BOTH.,#11580);
#11010=SURFACE_STYLE_USAGE(.BOTH.,#11581);
#11011=SURFACE_STYLE_USAGE(.BOTH.,#11582);
#11012=SURFACE_STYLE_USAGE(.BOTH.,#11583);
#11013=SURFACE_STYLE_USAGE(.BOTH.,#11584);
#11014=SURFACE_STYLE_USAGE(.BOTH.,#11585);
#11015=SURFACE_STYLE_USAGE(.BOTH.,#11586);
#11016=SURFACE_STYLE_USAGE(.BOTH.,#11587);
#11017=SURFACE_STYLE_USAGE(.BOTH.,#11588);
#11018=SURFACE_STYLE_USAGE(.BOTH.,#11589);
#11019=SURFACE_STYLE_USAGE(.BOTH.,#11590);
#11020=SURFACE_STYLE_USAGE(.BOTH.,#11591);
#11021=SURFACE_STYLE_USAGE(.BOTH.,#11592);
#11022=SURFACE_STYLE_USAGE(.BOTH.,#11593);
#11023=SURFACE_STYLE_USAGE(.BOTH.,#11594);
#11024=SURFACE_STYLE_USAGE(.BOTH.,#11595);
#11025=SURFACE_STYLE_USAGE(.BOTH.,#11596);
#11026=SURFACE_STYLE_USAGE(.BOTH.,#11597);
#11027=SURFACE_STYLE_USAGE(.BOTH.,#11598);
#11028=SURFACE_STYLE_USAGE(.BOTH.,#11599);
#11029=SURFACE_STYLE_USAGE(.BOTH.,#11600);
#11030=SURFACE_STYLE_USAGE(.BOTH.,#11601);
#11031=SURFACE_STYLE_USAGE(.BOTH.,#11602);
#11032=SURFACE_STYLE_USAGE(.BOTH.,#11603);
#11033=SURFACE_STYLE_USAGE(.BOTH.,#11604);
#11034=SURFACE_STYLE_USAGE(.BOTH.,#11605);
#11035=SURFACE_STYLE_USAGE(.BOTH.,#11606);
#11036=SURFACE_STYLE_USAGE(.BOTH.,#11607);
#11037=SURFACE_STYLE_USAGE(.BOTH.,#11608);
#11038=SURFACE_STYLE_USAGE(.BOTH.,#11609);
#11039=SURFACE_STYLE_USAGE(.BOTH.,#11610);
#11040=SURFACE_STYLE_USAGE(.BOTH.,#11611);
#11041=SURFACE_STYLE_USAGE(.BOTH.,#11612);
#11042=SURFACE_STYLE_USAGE(.BOTH.,#11613);
#11043=SURFACE_STYLE_USAGE(.BOTH.,#11614);
#11044=SURFACE_STYLE_USAGE(.BOTH.,#11615);
#11045=SURFACE_STYLE_USAGE(.BOTH.,#11616);
#11046=SURFACE_STYLE_USAGE(.BOTH.,#11617);
#11047=SURFACE_STYLE_USAGE(.BOTH.,#11618);
#11048=SURFACE_STYLE_USAGE(.BOTH.,#11619);
#11049=SURFACE_STYLE_USAGE(.BOTH.,#11620);
#11050=SURFACE_STYLE_USAGE(.BOTH.,#11621);
#11051=SURFACE_STYLE_USAGE(.BOTH.,#11622);
#11052=SURFACE_STYLE_USAGE(.BOTH.,#11623);
#11053=SURFACE_STYLE_USAGE(.BOTH.,#11624);
#11054=SURFACE_STYLE_USAGE(.BOTH.,#11625);
#11055=SURFACE_STYLE_USAGE(.BOTH.,#11626);
#11056=SURFACE_STYLE_USAGE(.BOTH.,#11627);
#11057=SURFACE_STYLE_USAGE(.BOTH.,#11628);
#11058=SURFACE_STYLE_USAGE(.BOTH.,#11629);
#11059=SURFACE_STYLE_USAGE(.BOTH.,#11630);
#11060=SURFACE_STYLE_USAGE(.BOTH.,#11631);
#11061=SURFACE_STYLE_USAGE(.BOTH.,#11632);
#11062=SURFACE_STYLE_USAGE(.BOTH.,#11633);
#11063=SURFACE_STYLE_USAGE(.BOTH.,#11634);
#11064=SURFACE_STYLE_USAGE(.BOTH.,#11635);
#11065=SURFACE_STYLE_USAGE(.BOTH.,#11636);
#11066=SURFACE_STYLE_USAGE(.BOTH.,#11637);
#11067=SURFACE_STYLE_USAGE(.BOTH.,#11638);
#11068=SURFACE_STYLE_USAGE(.BOTH.,#11639);
#11069=SURFACE_STYLE_USAGE(.BOTH.,#11640);
#11070=SURFACE_STYLE_USAGE(.BOTH.,#11641);
#11071=SURFACE_STYLE_USAGE(.BOTH.,#11642);
#11072=SURFACE_STYLE_USAGE(.BOTH.,#11643);
#11073=SURFACE_STYLE_USAGE(.BOTH.,#11644);
#11074=SURFACE_STYLE_USAGE(.BOTH.,#11645);
#11075=SURFACE_STYLE_USAGE(.BOTH.,#11646);
#11076=SURFACE_STYLE_USAGE(.BOTH.,#11647);
#11077=SURFACE_STYLE_USAGE(.BOTH.,#11648);
#11078=SURFACE_STYLE_USAGE(.BOTH.,#11649);
#11079=SURFACE_STYLE_USAGE(.BOTH.,#11650);
#11080=SURFACE_STYLE_USAGE(.BOTH.,#11651);
#11081=SURFACE_STYLE_USAGE(.BOTH.,#11652);
#11082=SURFACE_STYLE_USAGE(.BOTH.,#11653);
#11083=SURFACE_STYLE_USAGE(.BOTH.,#11654);
#11084=SURFACE_STYLE_USAGE(.BOTH.,#11655);
#11085=SURFACE_STYLE_USAGE(.BOTH.,#11656);
#11086=SURFACE_STYLE_USAGE(.BOTH.,#11657);
#11087=SURFACE_STYLE_USAGE(.BOTH.,#11658);
#11088=SURFACE_STYLE_USAGE(.BOTH.,#11659);
#11089=SURFACE_STYLE_USAGE(.BOTH.,#11660);
#11090=SURFACE_STYLE_USAGE(.BOTH.,#11661);
#11091=SURFACE_STYLE_USAGE(.BOTH.,#11662);
#11092=SURFACE_STYLE_USAGE(.BOTH.,#11663);
#11093=SURFACE_STYLE_USAGE(.BOTH.,#11664);
#11094=SURFACE_STYLE_USAGE(.BOTH.,#11665);
#11095=SURFACE_STYLE_USAGE(.BOTH.,#11666);
#11096=SURFACE_STYLE_USAGE(.BOTH.,#11667);
#11097=SURFACE_STYLE_USAGE(.BOTH.,#11668);
#11098=SURFACE_STYLE_USAGE(.BOTH.,#11669);
#11099=SURFACE_STYLE_USAGE(.BOTH.,#11670);
#11100=SURFACE_STYLE_USAGE(.BOTH.,#11671);
#11101=SURFACE_STYLE_USAGE(.BOTH.,#11672);
#11102=SURFACE_STYLE_USAGE(.BOTH.,#11673);
#11103=SURFACE_STYLE_USAGE(.BOTH.,#11674);
#11104=SURFACE_STYLE_USAGE(.BOTH.,#11675);
#11105=SURFACE_STYLE_USAGE(.BOTH.,#11676);
#11106=SURFACE_STYLE_USAGE(.BOTH.,#11677);
#11107=SURFACE_STYLE_USAGE(.BOTH.,#11678);
#11108=SURFACE_STYLE_USAGE(.BOTH.,#11679);
#11109=SURFACE_STYLE_USAGE(.BOTH.,#11680);
#11110=SURFACE_STYLE_USAGE(.BOTH.,#11681);
#11111=SURFACE_STYLE_USAGE(.BOTH.,#11682);
#11112=SURFACE_STYLE_USAGE(.BOTH.,#11683);
#11113=SURFACE_STYLE_USAGE(.BOTH.,#11684);
#11114=SURFACE_STYLE_USAGE(.BOTH.,#11685);
#11115=SURFACE_STYLE_USAGE(.BOTH.,#11686);
#11116=SURFACE_STYLE_USAGE(.BOTH.,#11687);
#11117=SURFACE_STYLE_USAGE(.BOTH.,#11688);
#11118=SURFACE_STYLE_USAGE(.BOTH.,#11689);
#11119=SURFACE_STYLE_USAGE(.BOTH.,#11690);
#11120=SURFACE_STYLE_USAGE(.BOTH.,#11691);
#11121=SURFACE_STYLE_USAGE(.BOTH.,#11692);
#11122=SURFACE_STYLE_USAGE(.BOTH.,#11693);
#11123=SURFACE_STYLE_USAGE(.BOTH.,#11694);
#11124=SURFACE_STYLE_USAGE(.BOTH.,#11695);
#11125=SURFACE_STYLE_USAGE(.BOTH.,#11696);
#11126=SURFACE_STYLE_USAGE(.BOTH.,#11697);
#11127=SURFACE_STYLE_USAGE(.BOTH.,#11698);
#11128=SURFACE_STYLE_USAGE(.BOTH.,#11699);
#11129=SURFACE_STYLE_USAGE(.BOTH.,#11700);
#11130=SURFACE_STYLE_USAGE(.BOTH.,#11701);
#11131=SURFACE_STYLE_USAGE(.BOTH.,#11702);
#11132=SURFACE_STYLE_USAGE(.BOTH.,#11703);
#11133=SURFACE_STYLE_USAGE(.BOTH.,#11704);
#11134=SURFACE_STYLE_USAGE(.BOTH.,#11705);
#11135=SURFACE_STYLE_USAGE(.BOTH.,#11706);
#11136=SURFACE_STYLE_USAGE(.BOTH.,#11707);
#11137=SURFACE_STYLE_USAGE(.BOTH.,#11708);
#11138=SURFACE_STYLE_USAGE(.BOTH.,#11709);
#11139=SURFACE_STYLE_USAGE(.BOTH.,#11710);
#11140=SURFACE_STYLE_USAGE(.BOTH.,#11711);
#11141=SURFACE_STYLE_USAGE(.BOTH.,#11712);
#11142=SURFACE_STYLE_USAGE(.BOTH.,#11713);
#11143=SURFACE_STYLE_USAGE(.BOTH.,#11714);
#11144=SURFACE_STYLE_USAGE(.BOTH.,#11715);
#11145=SURFACE_STYLE_USAGE(.BOTH.,#11716);
#11146=SURFACE_STYLE_USAGE(.BOTH.,#11717);
#11147=SURFACE_STYLE_USAGE(.BOTH.,#11718);
#11148=SURFACE_STYLE_USAGE(.BOTH.,#11719);
#11149=SURFACE_STYLE_USAGE(.BOTH.,#11720);
#11150=SURFACE_STYLE_USAGE(.BOTH.,#11721);
#11151=SURFACE_STYLE_USAGE(.BOTH.,#11722);
#11152=SURFACE_STYLE_USAGE(.BOTH.,#11723);
#11153=SURFACE_STYLE_USAGE(.BOTH.,#11724);
#11154=SURFACE_STYLE_USAGE(.BOTH.,#11725);
#11155=SURFACE_STYLE_USAGE(.BOTH.,#11726);
#11156=SURFACE_STYLE_USAGE(.BOTH.,#11727);
#11157=SURFACE_STYLE_USAGE(.BOTH.,#11728);
#11158=SURFACE_STYLE_USAGE(.BOTH.,#11729);
#11159=SURFACE_STYLE_USAGE(.BOTH.,#11730);
#11160=SURFACE_STYLE_USAGE(.BOTH.,#11731);
#11161=SURFACE_STYLE_USAGE(.BOTH.,#11732);
#11162=SURFACE_STYLE_USAGE(.BOTH.,#11733);
#11163=SURFACE_STYLE_USAGE(.BOTH.,#11734);
#11164=SURFACE_STYLE_USAGE(.BOTH.,#11735);
#11165=SURFACE_STYLE_USAGE(.BOTH.,#11736);
#11166=SURFACE_STYLE_USAGE(.BOTH.,#11737);
#11167=SURFACE_STYLE_USAGE(.BOTH.,#11738);
#11168=SURFACE_STYLE_USAGE(.BOTH.,#11739);
#11169=SURFACE_STYLE_USAGE(.BOTH.,#11740);
#11170=SURFACE_STYLE_USAGE(.BOTH.,#11741);
#11171=SURFACE_STYLE_USAGE(.BOTH.,#11742);
#11172=SURFACE_STYLE_USAGE(.BOTH.,#11743);
#11173=SURFACE_STYLE_USAGE(.BOTH.,#11744);
#11174=SURFACE_STYLE_USAGE(.BOTH.,#11745);
#11175=SURFACE_STYLE_USAGE(.BOTH.,#11746);
#11176=SURFACE_STYLE_USAGE(.BOTH.,#11747);
#11177=SURFACE_STYLE_USAGE(.BOTH.,#11748);
#11178=SURFACE_STYLE_USAGE(.BOTH.,#11749);
#11179=SURFACE_STYLE_USAGE(.BOTH.,#11750);
#11180=SURFACE_STYLE_USAGE(.BOTH.,#11751);
#11181=SURFACE_STYLE_USAGE(.BOTH.,#11752);
#11182=SURFACE_STYLE_USAGE(.BOTH.,#11753);
#11183=SURFACE_STYLE_USAGE(.BOTH.,#11754);
#11184=SURFACE_STYLE_USAGE(.BOTH.,#11755);
#11185=SURFACE_STYLE_USAGE(.BOTH.,#11756);
#11186=SURFACE_STYLE_USAGE(.BOTH.,#11757);
#11187=SURFACE_STYLE_USAGE(.BOTH.,#11758);
#11188=SURFACE_STYLE_USAGE(.BOTH.,#11759);
#11189=SURFACE_STYLE_USAGE(.BOTH.,#11760);
#11190=SURFACE_STYLE_USAGE(.BOTH.,#11761);
#11191=SURFACE_STYLE_USAGE(.BOTH.,#11762);
#11192=SURFACE_STYLE_USAGE(.BOTH.,#11763);
#11193=SURFACE_STYLE_USAGE(.BOTH.,#11764);
#11194=SURFACE_STYLE_USAGE(.BOTH.,#11765);
#11195=SURFACE_STYLE_USAGE(.BOTH.,#11766);
#11196=SURFACE_STYLE_USAGE(.BOTH.,#11767);
#11197=SURFACE_STYLE_USAGE(.BOTH.,#11768);
#11198=SURFACE_STYLE_USAGE(.BOTH.,#11769);
#11199=SURFACE_STYLE_USAGE(.BOTH.,#11770);
#11200=SURFACE_STYLE_USAGE(.BOTH.,#11771);
#11201=SURFACE_STYLE_USAGE(.BOTH.,#11772);
#11202=SURFACE_STYLE_USAGE(.BOTH.,#11773);
#11203=SURFACE_STYLE_USAGE(.BOTH.,#11774);
#11204=SURFACE_STYLE_USAGE(.BOTH.,#11775);
#11205=SURFACE_STYLE_USAGE(.BOTH.,#11776);
#11206=SURFACE_STYLE_USAGE(.BOTH.,#11777);
#11207=SURFACE_STYLE_USAGE(.BOTH.,#11778);
#11208=SURFACE_STYLE_USAGE(.BOTH.,#11779);
#11209=SURFACE_STYLE_USAGE(.BOTH.,#11780);
#11210=SURFACE_STYLE_USAGE(.BOTH.,#11781);
#11211=SURFACE_STYLE_USAGE(.BOTH.,#11782);
#11212=SURFACE_STYLE_USAGE(.BOTH.,#11783);
#11213=SURFACE_STYLE_USAGE(.BOTH.,#11784);
#11214=SURFACE_STYLE_USAGE(.BOTH.,#11785);
#11215=SURFACE_STYLE_USAGE(.BOTH.,#11786);
#11216=SURFACE_STYLE_USAGE(.BOTH.,#11787);
#11217=SURFACE_STYLE_USAGE(.BOTH.,#11788);
#11218=SURFACE_STYLE_USAGE(.BOTH.,#11789);
#11219=SURFACE_STYLE_USAGE(.BOTH.,#11790);
#11220=SURFACE_STYLE_USAGE(.BOTH.,#11791);
#11221=SURFACE_STYLE_USAGE(.BOTH.,#11792);
#11222=SURFACE_STYLE_USAGE(.BOTH.,#11793);
#11223=SURFACE_STYLE_USAGE(.BOTH.,#11794);
#11224=SURFACE_STYLE_USAGE(.BOTH.,#11795);
#11225=SURFACE_STYLE_USAGE(.BOTH.,#11796);
#11226=SURFACE_STYLE_USAGE(.BOTH.,#11797);
#11227=SURFACE_STYLE_USAGE(.BOTH.,#11798);
#11228=SURFACE_STYLE_USAGE(.BOTH.,#11799);
#11229=SURFACE_STYLE_USAGE(.BOTH.,#11800);
#11230=SURFACE_STYLE_USAGE(.BOTH.,#11801);
#11231=SURFACE_STYLE_USAGE(.BOTH.,#11802);
#11232=SURFACE_STYLE_USAGE(.BOTH.,#11803);
#11233=SURFACE_STYLE_USAGE(.BOTH.,#11804);
#11234=SURFACE_STYLE_USAGE(.BOTH.,#11805);
#11235=SURFACE_STYLE_USAGE(.BOTH.,#11806);
#11236=SURFACE_STYLE_USAGE(.BOTH.,#11807);
#11237=SURFACE_STYLE_USAGE(.BOTH.,#11808);
#11238=SURFACE_STYLE_USAGE(.BOTH.,#11809);
#11239=SURFACE_STYLE_USAGE(.BOTH.,#11810);
#11240=SURFACE_STYLE_USAGE(.BOTH.,#11811);
#11241=SURFACE_STYLE_USAGE(.BOTH.,#11812);
#11242=SURFACE_STYLE_USAGE(.BOTH.,#11813);
#11243=SURFACE_STYLE_USAGE(.BOTH.,#11814);
#11244=SURFACE_STYLE_USAGE(.BOTH.,#11815);
#11245=SURFACE_STYLE_USAGE(.BOTH.,#11816);
#11246=SURFACE_STYLE_USAGE(.BOTH.,#11817);
#11247=SURFACE_STYLE_USAGE(.BOTH.,#11818);
#11248=SURFACE_STYLE_USAGE(.BOTH.,#11819);
#11249=SURFACE_STYLE_USAGE(.BOTH.,#11820);
#11250=SURFACE_STYLE_USAGE(.BOTH.,#11821);
#11251=SURFACE_STYLE_USAGE(.BOTH.,#11822);
#11252=SURFACE_STYLE_USAGE(.BOTH.,#11823);
#11253=SURFACE_STYLE_USAGE(.BOTH.,#11824);
#11254=SURFACE_STYLE_USAGE(.BOTH.,#11825);
#11255=SURFACE_STYLE_USAGE(.BOTH.,#11826);
#11256=SURFACE_STYLE_USAGE(.BOTH.,#11827);
#11257=SURFACE_STYLE_USAGE(.BOTH.,#11828);
#11258=SURFACE_STYLE_USAGE(.BOTH.,#11829);
#11259=SURFACE_STYLE_USAGE(.BOTH.,#11830);
#11260=SURFACE_STYLE_USAGE(.BOTH.,#11831);
#11261=SURFACE_STYLE_USAGE(.BOTH.,#11832);
#11262=SURFACE_STYLE_USAGE(.BOTH.,#11833);
#11263=SURFACE_STYLE_USAGE(.BOTH.,#11834);
#11264=SURFACE_STYLE_USAGE(.BOTH.,#11835);
#11265=SURFACE_STYLE_USAGE(.BOTH.,#11836);
#11266=SURFACE_STYLE_USAGE(.BOTH.,#11837);
#11267=SURFACE_STYLE_USAGE(.BOTH.,#11838);
#11268=SURFACE_STYLE_USAGE(.BOTH.,#11839);
#11269=SURFACE_STYLE_USAGE(.BOTH.,#11840);
#11270=SURFACE_STYLE_USAGE(.BOTH.,#11841);
#11271=SURFACE_STYLE_USAGE(.BOTH.,#11842);
#11272=SURFACE_STYLE_USAGE(.BOTH.,#11843);
#11273=SURFACE_STYLE_USAGE(.BOTH.,#11844);
#11274=SURFACE_STYLE_USAGE(.BOTH.,#11845);
#11275=SURFACE_STYLE_USAGE(.BOTH.,#11846);
#11276=SURFACE_STYLE_USAGE(.BOTH.,#11847);
#11277=SURFACE_STYLE_USAGE(.BOTH.,#11848);
#11278=SURFACE_STYLE_USAGE(.BOTH.,#11849);
#11279=SURFACE_STYLE_USAGE(.BOTH.,#11850);
#11280=SURFACE_STYLE_USAGE(.BOTH.,#11851);
#11281=SURFACE_STYLE_USAGE(.BOTH.,#11852);
#11282=SURFACE_STYLE_USAGE(.BOTH.,#11853);
#11283=SURFACE_STYLE_USAGE(.BOTH.,#11854);
#11284=SURFACE_STYLE_USAGE(.BOTH.,#11855);
#11285=SURFACE_STYLE_USAGE(.BOTH.,#11856);
#11286=SURFACE_STYLE_USAGE(.BOTH.,#11857);
#11287=SURFACE_STYLE_USAGE(.BOTH.,#11858);
#11288=SURFACE_STYLE_USAGE(.BOTH.,#11859);
#11289=SURFACE_STYLE_USAGE(.BOTH.,#11860);
#11290=SURFACE_STYLE_USAGE(.BOTH.,#11861);
#11291=SURFACE_STYLE_USAGE(.BOTH.,#11862);
#11292=SURFACE_STYLE_USAGE(.BOTH.,#11863);
#11293=SURFACE_STYLE_USAGE(.BOTH.,#11864);
#11294=SURFACE_STYLE_USAGE(.BOTH.,#11865);
#11295=SURFACE_STYLE_USAGE(.BOTH.,#11866);
#11296=SURFACE_STYLE_USAGE(.BOTH.,#11867);
#11297=SURFACE_STYLE_USAGE(.BOTH.,#11868);
#11298=SURFACE_STYLE_USAGE(.BOTH.,#11869);
#11299=SURFACE_STYLE_USAGE(.BOTH.,#11870);
#11300=SURFACE_STYLE_USAGE(.BOTH.,#11871);
#11301=SURFACE_STYLE_USAGE(.BOTH.,#11872);
#11302=SURFACE_STYLE_USAGE(.BOTH.,#11873);
#11303=SURFACE_STYLE_USAGE(.BOTH.,#11874);
#11304=SURFACE_STYLE_USAGE(.BOTH.,#11875);
#11305=SURFACE_STYLE_USAGE(.BOTH.,#11876);
#11306=SURFACE_STYLE_USAGE(.BOTH.,#11877);
#11307=SURFACE_STYLE_USAGE(.BOTH.,#11878);
#11308=SURFACE_STYLE_USAGE(.BOTH.,#11879);
#11309=SURFACE_STYLE_USAGE(.BOTH.,#11880);
#11310=SURFACE_STYLE_USAGE(.BOTH.,#11881);
#11311=SURFACE_STYLE_USAGE(.BOTH.,#11882);
#11312=SURFACE_STYLE_USAGE(.BOTH.,#11883);
#11313=SURFACE_STYLE_USAGE(.BOTH.,#11884);
#11314=SURFACE_STYLE_USAGE(.BOTH.,#11885);
#11315=SURFACE_STYLE_USAGE(.BOTH.,#11886);
#11316=SURFACE_STYLE_USAGE(.BOTH.,#11887);
#11317=SURFACE_STYLE_USAGE(.BOTH.,#11888);
#11318=SURFACE_STYLE_USAGE(.BOTH.,#11889);
#11319=SURFACE_STYLE_USAGE(.BOTH.,#11890);
#11320=SURFACE_STYLE_USAGE(.BOTH.,#11891);
#11321=SURFACE_STYLE_USAGE(.BOTH.,#11892);
#11322=SURFACE_STYLE_USAGE(.BOTH.,#11893);
#11323=SURFACE_STYLE_USAGE(.BOTH.,#11894);
#11324=SURFACE_STYLE_USAGE(.BOTH.,#11895);
#11325=SURFACE_STYLE_USAGE(.BOTH.,#11896);
#11326=SURFACE_STYLE_USAGE(.BOTH.,#11897);
#11327=SURFACE_STYLE_USAGE(.BOTH.,#11898);
#11328=SURFACE_STYLE_USAGE(.BOTH.,#11899);
#11329=SURFACE_STYLE_USAGE(.BOTH.,#11900);
#11330=SURFACE_STYLE_USAGE(.BOTH.,#11901);
#11331=SURFACE_STYLE_USAGE(.BOTH.,#11902);
#11332=SURFACE_STYLE_USAGE(.BOTH.,#11903);
#11333=SURFACE_STYLE_USAGE(.BOTH.,#11904);
#11334=SURFACE_STYLE_USAGE(.BOTH.,#11905);
#11335=SURFACE_STYLE_USAGE(.BOTH.,#11906);
#11336=SURFACE_STYLE_USAGE(.BOTH.,#11907);
#11337=SURFACE_STYLE_USAGE(.BOTH.,#11908);
#11338=SURFACE_STYLE_USAGE(.BOTH.,#11909);
#11339=SURFACE_STYLE_USAGE(.BOTH.,#11910);
#11340=SURFACE_STYLE_USAGE(.BOTH.,#11911);
#11341=SURFACE_STYLE_USAGE(.BOTH.,#11912);
#11342=SURFACE_STYLE_USAGE(.BOTH.,#11913);
#11343=SURFACE_STYLE_USAGE(.BOTH.,#11914);
#11344=SURFACE_STYLE_USAGE(.BOTH.,#11915);
#11345=SURFACE_STYLE_USAGE(.BOTH.,#11916);
#11346=SURFACE_STYLE_USAGE(.BOTH.,#11917);
#11347=SURFACE_STYLE_USAGE(.BOTH.,#11918);
#11348=SURFACE_STYLE_USAGE(.BOTH.,#11919);
#11349=SURFACE_STYLE_USAGE(.BOTH.,#11920);
#11350=SURFACE_STYLE_USAGE(.BOTH.,#11921);
#11351=SURFACE_STYLE_USAGE(.BOTH.,#11922);
#11352=SURFACE_STYLE_USAGE(.BOTH.,#11923);
#11353=SURFACE_STYLE_USAGE(.BOTH.,#11924);
#11354=SURFACE_STYLE_USAGE(.BOTH.,#11925);
#11355=SURFACE_STYLE_USAGE(.BOTH.,#11926);
#11356=SURFACE_STYLE_USAGE(.BOTH.,#11927);
#11357=SURFACE_STYLE_USAGE(.BOTH.,#11928);
#11358=SURFACE_STYLE_USAGE(.BOTH.,#11929);
#11359=SURFACE_STYLE_USAGE(.BOTH.,#11930);
#11360=SURFACE_STYLE_USAGE(.BOTH.,#11931);
#11361=SURFACE_STYLE_USAGE(.BOTH.,#11932);
#11362=SURFACE_STYLE_USAGE(.BOTH.,#11933);
#11363=SURFACE_STYLE_USAGE(.BOTH.,#11934);
#11364=SURFACE_STYLE_USAGE(.BOTH.,#11935);
#11365=SURFACE_STYLE_USAGE(.BOTH.,#11936);
#11366=SURFACE_STYLE_USAGE(.BOTH.,#11937);
#11367=SURFACE_STYLE_USAGE(.BOTH.,#11938);
#11368=SURFACE_STYLE_USAGE(.BOTH.,#11939);
#11369=SURFACE_STYLE_USAGE(.BOTH.,#11940);
#11370=SURFACE_STYLE_USAGE(.BOTH.,#11941);
#11371=SURFACE_STYLE_USAGE(.BOTH.,#11942);
#11372=SURFACE_STYLE_USAGE(.BOTH.,#11943);
#11373=SURFACE_STYLE_USAGE(.BOTH.,#11944);
#11374=SURFACE_STYLE_USAGE(.BOTH.,#11945);
#11375=SURFACE_STYLE_USAGE(.BOTH.,#11946);
#11376=SURFACE_STYLE_USAGE(.BOTH.,#11947);
#11377=SURFACE_STYLE_USAGE(.BOTH.,#11948);
#11378=SURFACE_STYLE_USAGE(.BOTH.,#11949);
#11379=SURFACE_STYLE_USAGE(.BOTH.,#11950);
#11380=SURFACE_STYLE_USAGE(.BOTH.,#11951);
#11381=SURFACE_STYLE_USAGE(.BOTH.,#11952);
#11382=SURFACE_STYLE_USAGE(.BOTH.,#11953);
#11383=SURFACE_STYLE_USAGE(.BOTH.,#11954);
#11384=SURFACE_STYLE_USAGE(.BOTH.,#11955);
#11385=SURFACE_STYLE_USAGE(.BOTH.,#11956);
#11386=SURFACE_STYLE_USAGE(.BOTH.,#11957);
#11387=SURFACE_STYLE_USAGE(.BOTH.,#11958);
#11388=SURFACE_STYLE_USAGE(.BOTH.,#11959);
#11389=SURFACE_STYLE_USAGE(.BOTH.,#11960);
#11390=SURFACE_STYLE_USAGE(.BOTH.,#11961);
#11391=SURFACE_SIDE_STYLE('',(#11962));
#11392=SURFACE_SIDE_STYLE('',(#11963));
#11393=SURFACE_SIDE_STYLE('',(#11964));
#11394=SURFACE_SIDE_STYLE('',(#11965));
#11395=SURFACE_SIDE_STYLE('',(#11966));
#11396=SURFACE_SIDE_STYLE('',(#11967));
#11397=SURFACE_SIDE_STYLE('',(#11968));
#11398=SURFACE_SIDE_STYLE('',(#11969));
#11399=SURFACE_SIDE_STYLE('',(#11970));
#11400=SURFACE_SIDE_STYLE('',(#11971));
#11401=SURFACE_SIDE_STYLE('',(#11972));
#11402=SURFACE_SIDE_STYLE('',(#11973));
#11403=SURFACE_SIDE_STYLE('',(#11974));
#11404=SURFACE_SIDE_STYLE('',(#11975));
#11405=SURFACE_SIDE_STYLE('',(#11976));
#11406=SURFACE_SIDE_STYLE('',(#11977));
#11407=SURFACE_SIDE_STYLE('',(#11978));
#11408=SURFACE_SIDE_STYLE('',(#11979));
#11409=SURFACE_SIDE_STYLE('',(#11980));
#11410=SURFACE_SIDE_STYLE('',(#11981));
#11411=SURFACE_SIDE_STYLE('',(#11982));
#11412=SURFACE_SIDE_STYLE('',(#11983));
#11413=SURFACE_SIDE_STYLE('',(#11984));
#11414=SURFACE_SIDE_STYLE('',(#11985));
#11415=SURFACE_SIDE_STYLE('',(#11986));
#11416=SURFACE_SIDE_STYLE('',(#11987));
#11417=SURFACE_SIDE_STYLE('',(#11988));
#11418=SURFACE_SIDE_STYLE('',(#11989));
#11419=SURFACE_SIDE_STYLE('',(#11990));
#11420=SURFACE_SIDE_STYLE('',(#11991));
#11421=SURFACE_SIDE_STYLE('',(#11992));
#11422=SURFACE_SIDE_STYLE('',(#11993));
#11423=SURFACE_SIDE_STYLE('',(#11994));
#11424=SURFACE_SIDE_STYLE('',(#11995));
#11425=SURFACE_SIDE_STYLE('',(#11996));
#11426=SURFACE_SIDE_STYLE('',(#11997));
#11427=SURFACE_SIDE_STYLE('',(#11998));
#11428=SURFACE_SIDE_STYLE('',(#11999));
#11429=SURFACE_SIDE_STYLE('',(#12000));
#11430=SURFACE_SIDE_STYLE('',(#12001));
#11431=SURFACE_SIDE_STYLE('',(#12002));
#11432=SURFACE_SIDE_STYLE('',(#12003));
#11433=SURFACE_SIDE_STYLE('',(#12004));
#11434=SURFACE_SIDE_STYLE('',(#12005));
#11435=SURFACE_SIDE_STYLE('',(#12006));
#11436=SURFACE_SIDE_STYLE('',(#12007));
#11437=SURFACE_SIDE_STYLE('',(#12008));
#11438=SURFACE_SIDE_STYLE('',(#12009));
#11439=SURFACE_SIDE_STYLE('',(#12010));
#11440=SURFACE_SIDE_STYLE('',(#12011));
#11441=SURFACE_SIDE_STYLE('',(#12012));
#11442=SURFACE_SIDE_STYLE('',(#12013));
#11443=SURFACE_SIDE_STYLE('',(#12014));
#11444=SURFACE_SIDE_STYLE('',(#12015));
#11445=SURFACE_SIDE_STYLE('',(#12016));
#11446=SURFACE_SIDE_STYLE('',(#12017));
#11447=SURFACE_SIDE_STYLE('',(#12018));
#11448=SURFACE_SIDE_STYLE('',(#12019));
#11449=SURFACE_SIDE_STYLE('',(#12020));
#11450=SURFACE_SIDE_STYLE('',(#12021));
#11451=SURFACE_SIDE_STYLE('',(#12022));
#11452=SURFACE_SIDE_STYLE('',(#12023));
#11453=SURFACE_SIDE_STYLE('',(#12024));
#11454=SURFACE_SIDE_STYLE('',(#12025));
#11455=SURFACE_SIDE_STYLE('',(#12026));
#11456=SURFACE_SIDE_STYLE('',(#12027));
#11457=SURFACE_SIDE_STYLE('',(#12028));
#11458=SURFACE_SIDE_STYLE('',(#12029));
#11459=SURFACE_SIDE_STYLE('',(#12030));
#11460=SURFACE_SIDE_STYLE('',(#12031));
#11461=SURFACE_SIDE_STYLE('',(#12032));
#11462=SURFACE_SIDE_STYLE('',(#12033));
#11463=SURFACE_SIDE_STYLE('',(#12034));
#11464=SURFACE_SIDE_STYLE('',(#12035));
#11465=SURFACE_SIDE_STYLE('',(#12036));
#11466=SURFACE_SIDE_STYLE('',(#12037));
#11467=SURFACE_SIDE_STYLE('',(#12038));
#11468=SURFACE_SIDE_STYLE('',(#12039));
#11469=SURFACE_SIDE_STYLE('',(#12040));
#11470=SURFACE_SIDE_STYLE('',(#12041));
#11471=SURFACE_SIDE_STYLE('',(#12042));
#11472=SURFACE_SIDE_STYLE('',(#12043));
#11473=SURFACE_SIDE_STYLE('',(#12044));
#11474=SURFACE_SIDE_STYLE('',(#12045));
#11475=SURFACE_SIDE_STYLE('',(#12046));
#11476=SURFACE_SIDE_STYLE('',(#12047));
#11477=SURFACE_SIDE_STYLE('',(#12048));
#11478=SURFACE_SIDE_STYLE('',(#12049));
#11479=SURFACE_SIDE_STYLE('',(#12050));
#11480=SURFACE_SIDE_STYLE('',(#12051));
#11481=SURFACE_SIDE_STYLE('',(#12052));
#11482=SURFACE_SIDE_STYLE('',(#12053));
#11483=SURFACE_SIDE_STYLE('',(#12054));
#11484=SURFACE_SIDE_STYLE('',(#12055));
#11485=SURFACE_SIDE_STYLE('',(#12056));
#11486=SURFACE_SIDE_STYLE('',(#12057));
#11487=SURFACE_SIDE_STYLE('',(#12058));
#11488=SURFACE_SIDE_STYLE('',(#12059));
#11489=SURFACE_SIDE_STYLE('',(#12060));
#11490=SURFACE_SIDE_STYLE('',(#12061));
#11491=SURFACE_SIDE_STYLE('',(#12062));
#11492=SURFACE_SIDE_STYLE('',(#12063));
#11493=SURFACE_SIDE_STYLE('',(#12064));
#11494=SURFACE_SIDE_STYLE('',(#12065));
#11495=SURFACE_SIDE_STYLE('',(#12066));
#11496=SURFACE_SIDE_STYLE('',(#12067));
#11497=SURFACE_SIDE_STYLE('',(#12068));
#11498=SURFACE_SIDE_STYLE('',(#12069));
#11499=SURFACE_SIDE_STYLE('',(#12070));
#11500=SURFACE_SIDE_STYLE('',(#12071));
#11501=SURFACE_SIDE_STYLE('',(#12072));
#11502=SURFACE_SIDE_STYLE('',(#12073));
#11503=SURFACE_SIDE_STYLE('',(#12074));
#11504=SURFACE_SIDE_STYLE('',(#12075));
#11505=SURFACE_SIDE_STYLE('',(#12076));
#11506=SURFACE_SIDE_STYLE('',(#12077));
#11507=SURFACE_SIDE_STYLE('',(#12078));
#11508=SURFACE_SIDE_STYLE('',(#12079));
#11509=SURFACE_SIDE_STYLE('',(#12080));
#11510=SURFACE_SIDE_STYLE('',(#12081));
#11511=SURFACE_SIDE_STYLE('',(#12082));
#11512=SURFACE_SIDE_STYLE('',(#12083));
#11513=SURFACE_SIDE_STYLE('',(#12084));
#11514=SURFACE_SIDE_STYLE('',(#12085));
#11515=SURFACE_SIDE_STYLE('',(#12086));
#11516=SURFACE_SIDE_STYLE('',(#12087));
#11517=SURFACE_SIDE_STYLE('',(#12088));
#11518=SURFACE_SIDE_STYLE('',(#12089));
#11519=SURFACE_SIDE_STYLE('',(#12090));
#11520=SURFACE_SIDE_STYLE('',(#12091));
#11521=SURFACE_SIDE_STYLE('',(#12092));
#11522=SURFACE_SIDE_STYLE('',(#12093));
#11523=SURFACE_SIDE_STYLE('',(#12094));
#11524=SURFACE_SIDE_STYLE('',(#12095));
#11525=SURFACE_SIDE_STYLE('',(#12096));
#11526=SURFACE_SIDE_STYLE('',(#12097));
#11527=SURFACE_SIDE_STYLE('',(#12098));
#11528=SURFACE_SIDE_STYLE('',(#12099));
#11529=SURFACE_SIDE_STYLE('',(#12100));
#11530=SURFACE_SIDE_STYLE('',(#12101));
#11531=SURFACE_SIDE_STYLE('',(#12102));
#11532=SURFACE_SIDE_STYLE('',(#12103));
#11533=SURFACE_SIDE_STYLE('',(#12104));
#11534=SURFACE_SIDE_STYLE('',(#12105));
#11535=SURFACE_SIDE_STYLE('',(#12106));
#11536=SURFACE_SIDE_STYLE('',(#12107));
#11537=SURFACE_SIDE_STYLE('',(#12108));
#11538=SURFACE_SIDE_STYLE('',(#12109));
#11539=SURFACE_SIDE_STYLE('',(#12110));
#11540=SURFACE_SIDE_STYLE('',(#12111));
#11541=SURFACE_SIDE_STYLE('',(#12112));
#11542=SURFACE_SIDE_STYLE('',(#12113));
#11543=SURFACE_SIDE_STYLE('',(#12114));
#11544=SURFACE_SIDE_STYLE('',(#12115));
#11545=SURFACE_SIDE_STYLE('',(#12116));
#11546=SURFACE_SIDE_STYLE('',(#12117));
#11547=SURFACE_SIDE_STYLE('',(#12118));
#11548=SURFACE_SIDE_STYLE('',(#12119));
#11549=SURFACE_SIDE_STYLE('',(#12120));
#11550=SURFACE_SIDE_STYLE('',(#12121));
#11551=SURFACE_SIDE_STYLE('',(#12122));
#11552=SURFACE_SIDE_STYLE('',(#12123));
#11553=SURFACE_SIDE_STYLE('',(#12124));
#11554=SURFACE_SIDE_STYLE('',(#12125));
#11555=SURFACE_SIDE_STYLE('',(#12126));
#11556=SURFACE_SIDE_STYLE('',(#12127));
#11557=SURFACE_SIDE_STYLE('',(#12128));
#11558=SURFACE_SIDE_STYLE('',(#12129));
#11559=SURFACE_SIDE_STYLE('',(#12130));
#11560=SURFACE_SIDE_STYLE('',(#12131));
#11561=SURFACE_SIDE_STYLE('',(#12132));
#11562=SURFACE_SIDE_STYLE('',(#12133));
#11563=SURFACE_SIDE_STYLE('',(#12134));
#11564=SURFACE_SIDE_STYLE('',(#12135));
#11565=SURFACE_SIDE_STYLE('',(#12136));
#11566=SURFACE_SIDE_STYLE('',(#12137));
#11567=SURFACE_SIDE_STYLE('',(#12138));
#11568=SURFACE_SIDE_STYLE('',(#12139));
#11569=SURFACE_SIDE_STYLE('',(#12140));
#11570=SURFACE_SIDE_STYLE('',(#12141));
#11571=SURFACE_SIDE_STYLE('',(#12142));
#11572=SURFACE_SIDE_STYLE('',(#12143));
#11573=SURFACE_SIDE_STYLE('',(#12144));
#11574=SURFACE_SIDE_STYLE('',(#12145));
#11575=SURFACE_SIDE_STYLE('',(#12146));
#11576=SURFACE_SIDE_STYLE('',(#12147));
#11577=SURFACE_SIDE_STYLE('',(#12148));
#11578=SURFACE_SIDE_STYLE('',(#12149));
#11579=SURFACE_SIDE_STYLE('',(#12150));
#11580=SURFACE_SIDE_STYLE('',(#12151));
#11581=SURFACE_SIDE_STYLE('',(#12152));
#11582=SURFACE_SIDE_STYLE('',(#12153));
#11583=SURFACE_SIDE_STYLE('',(#12154));
#11584=SURFACE_SIDE_STYLE('',(#12155));
#11585=SURFACE_SIDE_STYLE('',(#12156));
#11586=SURFACE_SIDE_STYLE('',(#12157));
#11587=SURFACE_SIDE_STYLE('',(#12158));
#11588=SURFACE_SIDE_STYLE('',(#12159));
#11589=SURFACE_SIDE_STYLE('',(#12160));
#11590=SURFACE_SIDE_STYLE('',(#12161));
#11591=SURFACE_SIDE_STYLE('',(#12162));
#11592=SURFACE_SIDE_STYLE('',(#12163));
#11593=SURFACE_SIDE_STYLE('',(#12164));
#11594=SURFACE_SIDE_STYLE('',(#12165));
#11595=SURFACE_SIDE_STYLE('',(#12166));
#11596=SURFACE_SIDE_STYLE('',(#12167));
#11597=SURFACE_SIDE_STYLE('',(#12168));
#11598=SURFACE_SIDE_STYLE('',(#12169));
#11599=SURFACE_SIDE_STYLE('',(#12170));
#11600=SURFACE_SIDE_STYLE('',(#12171));
#11601=SURFACE_SIDE_STYLE('',(#12172));
#11602=SURFACE_SIDE_STYLE('',(#12173));
#11603=SURFACE_SIDE_STYLE('',(#12174));
#11604=SURFACE_SIDE_STYLE('',(#12175));
#11605=SURFACE_SIDE_STYLE('',(#12176));
#11606=SURFACE_SIDE_STYLE('',(#12177));
#11607=SURFACE_SIDE_STYLE('',(#12178));
#11608=SURFACE_SIDE_STYLE('',(#12179));
#11609=SURFACE_SIDE_STYLE('',(#12180));
#11610=SURFACE_SIDE_STYLE('',(#12181));
#11611=SURFACE_SIDE_STYLE('',(#12182));
#11612=SURFACE_SIDE_STYLE('',(#12183));
#11613=SURFACE_SIDE_STYLE('',(#12184));
#11614=SURFACE_SIDE_STYLE('',(#12185));
#11615=SURFACE_SIDE_STYLE('',(#12186));
#11616=SURFACE_SIDE_STYLE('',(#12187));
#11617=SURFACE_SIDE_STYLE('',(#12188));
#11618=SURFACE_SIDE_STYLE('',(#12189));
#11619=SURFACE_SIDE_STYLE('',(#12190));
#11620=SURFACE_SIDE_STYLE('',(#12191));
#11621=SURFACE_SIDE_STYLE('',(#12192));
#11622=SURFACE_SIDE_STYLE('',(#12193));
#11623=SURFACE_SIDE_STYLE('',(#12194));
#11624=SURFACE_SIDE_STYLE('',(#12195));
#11625=SURFACE_SIDE_STYLE('',(#12196));
#11626=SURFACE_SIDE_STYLE('',(#12197));
#11627=SURFACE_SIDE_STYLE('',(#12198));
#11628=SURFACE_SIDE_STYLE('',(#12199));
#11629=SURFACE_SIDE_STYLE('',(#12200));
#11630=SURFACE_SIDE_STYLE('',(#12201));
#11631=SURFACE_SIDE_STYLE('',(#12202));
#11632=SURFACE_SIDE_STYLE('',(#12203));
#11633=SURFACE_SIDE_STYLE('',(#12204));
#11634=SURFACE_SIDE_STYLE('',(#12205));
#11635=SURFACE_SIDE_STYLE('',(#12206));
#11636=SURFACE_SIDE_STYLE('',(#12207));
#11637=SURFACE_SIDE_STYLE('',(#12208));
#11638=SURFACE_SIDE_STYLE('',(#12209));
#11639=SURFACE_SIDE_STYLE('',(#12210));
#11640=SURFACE_SIDE_STYLE('',(#12211));
#11641=SURFACE_SIDE_STYLE('',(#12212));
#11642=SURFACE_SIDE_STYLE('',(#12213));
#11643=SURFACE_SIDE_STYLE('',(#12214));
#11644=SURFACE_SIDE_STYLE('',(#12215));
#11645=SURFACE_SIDE_STYLE('',(#12216));
#11646=SURFACE_SIDE_STYLE('',(#12217));
#11647=SURFACE_SIDE_STYLE('',(#12218));
#11648=SURFACE_SIDE_STYLE('',(#12219));
#11649=SURFACE_SIDE_STYLE('',(#12220));
#11650=SURFACE_SIDE_STYLE('',(#12221));
#11651=SURFACE_SIDE_STYLE('',(#12222));
#11652=SURFACE_SIDE_STYLE('',(#12223));
#11653=SURFACE_SIDE_STYLE('',(#12224));
#11654=SURFACE_SIDE_STYLE('',(#12225));
#11655=SURFACE_SIDE_STYLE('',(#12226));
#11656=SURFACE_SIDE_STYLE('',(#12227));
#11657=SURFACE_SIDE_STYLE('',(#12228));
#11658=SURFACE_SIDE_STYLE('',(#12229));
#11659=SURFACE_SIDE_STYLE('',(#12230));
#11660=SURFACE_SIDE_STYLE('',(#12231));
#11661=SURFACE_SIDE_STYLE('',(#12232));
#11662=SURFACE_SIDE_STYLE('',(#12233));
#11663=SURFACE_SIDE_STYLE('',(#12234));
#11664=SURFACE_SIDE_STYLE('',(#12235));
#11665=SURFACE_SIDE_STYLE('',(#12236));
#11666=SURFACE_SIDE_STYLE('',(#12237));
#11667=SURFACE_SIDE_STYLE('',(#12238));
#11668=SURFACE_SIDE_STYLE('',(#12239));
#11669=SURFACE_SIDE_STYLE('',(#12240));
#11670=SURFACE_SIDE_STYLE('',(#12241));
#11671=SURFACE_SIDE_STYLE('',(#12242));
#11672=SURFACE_SIDE_STYLE('',(#12243));
#11673=SURFACE_SIDE_STYLE('',(#12244));
#11674=SURFACE_SIDE_STYLE('',(#12245));
#11675=SURFACE_SIDE_STYLE('',(#12246));
#11676=SURFACE_SIDE_STYLE('',(#12247));
#11677=SURFACE_SIDE_STYLE('',(#12248));
#11678=SURFACE_SIDE_STYLE('',(#12249));
#11679=SURFACE_SIDE_STYLE('',(#12250));
#11680=SURFACE_SIDE_STYLE('',(#12251));
#11681=SURFACE_SIDE_STYLE('',(#12252));
#11682=SURFACE_SIDE_STYLE('',(#12253));
#11683=SURFACE_SIDE_STYLE('',(#12254));
#11684=SURFACE_SIDE_STYLE('',(#12255));
#11685=SURFACE_SIDE_STYLE('',(#12256));
#11686=SURFACE_SIDE_STYLE('',(#12257));
#11687=SURFACE_SIDE_STYLE('',(#12258));
#11688=SURFACE_SIDE_STYLE('',(#12259));
#11689=SURFACE_SIDE_STYLE('',(#12260));
#11690=SURFACE_SIDE_STYLE('',(#12261));
#11691=SURFACE_SIDE_STYLE('',(#12262));
#11692=SURFACE_SIDE_STYLE('',(#12263));
#11693=SURFACE_SIDE_STYLE('',(#12264));
#11694=SURFACE_SIDE_STYLE('',(#12265));
#11695=SURFACE_SIDE_STYLE('',(#12266));
#11696=SURFACE_SIDE_STYLE('',(#12267));
#11697=SURFACE_SIDE_STYLE('',(#12268));
#11698=SURFACE_SIDE_STYLE('',(#12269));
#11699=SURFACE_SIDE_STYLE('',(#12270));
#11700=SURFACE_SIDE_STYLE('',(#12271));
#11701=SURFACE_SIDE_STYLE('',(#12272));
#11702=SURFACE_SIDE_STYLE('',(#12273));
#11703=SURFACE_SIDE_STYLE('',(#12274));
#11704=SURFACE_SIDE_STYLE('',(#12275));
#11705=SURFACE_SIDE_STYLE('',(#12276));
#11706=SURFACE_SIDE_STYLE('',(#12277));
#11707=SURFACE_SIDE_STYLE('',(#12278));
#11708=SURFACE_SIDE_STYLE('',(#12279));
#11709=SURFACE_SIDE_STYLE('',(#12280));
#11710=SURFACE_SIDE_STYLE('',(#12281));
#11711=SURFACE_SIDE_STYLE('',(#12282));
#11712=SURFACE_SIDE_STYLE('',(#12283));
#11713=SURFACE_SIDE_STYLE('',(#12284));
#11714=SURFACE_SIDE_STYLE('',(#12285));
#11715=SURFACE_SIDE_STYLE('',(#12286));
#11716=SURFACE_SIDE_STYLE('',(#12287));
#11717=SURFACE_SIDE_STYLE('',(#12288));
#11718=SURFACE_SIDE_STYLE('',(#12289));
#11719=SURFACE_SIDE_STYLE('',(#12290));
#11720=SURFACE_SIDE_STYLE('',(#12291));
#11721=SURFACE_SIDE_STYLE('',(#12292));
#11722=SURFACE_SIDE_STYLE('',(#12293));
#11723=SURFACE_SIDE_STYLE('',(#12294));
#11724=SURFACE_SIDE_STYLE('',(#12295));
#11725=SURFACE_SIDE_STYLE('',(#12296));
#11726=SURFACE_SIDE_STYLE('',(#12297));
#11727=SURFACE_SIDE_STYLE('',(#12298));
#11728=SURFACE_SIDE_STYLE('',(#12299));
#11729=SURFACE_SIDE_STYLE('',(#12300));
#11730=SURFACE_SIDE_STYLE('',(#12301));
#11731=SURFACE_SIDE_STYLE('',(#12302));
#11732=SURFACE_SIDE_STYLE('',(#12303));
#11733=SURFACE_SIDE_STYLE('',(#12304));
#11734=SURFACE_SIDE_STYLE('',(#12305));
#11735=SURFACE_SIDE_STYLE('',(#12306));
#11736=SURFACE_SIDE_STYLE('',(#12307));
#11737=SURFACE_SIDE_STYLE('',(#12308));
#11738=SURFACE_SIDE_STYLE('',(#12309));
#11739=SURFACE_SIDE_STYLE('',(#12310));
#11740=SURFACE_SIDE_STYLE('',(#12311));
#11741=SURFACE_SIDE_STYLE('',(#12312));
#11742=SURFACE_SIDE_STYLE('',(#12313));
#11743=SURFACE_SIDE_STYLE('',(#12314));
#11744=SURFACE_SIDE_STYLE('',(#12315));
#11745=SURFACE_SIDE_STYLE('',(#12316));
#11746=SURFACE_SIDE_STYLE('',(#12317));
#11747=SURFACE_SIDE_STYLE('',(#12318));
#11748=SURFACE_SIDE_STYLE('',(#12319));
#11749=SURFACE_SIDE_STYLE('',(#12320));
#11750=SURFACE_SIDE_STYLE('',(#12321));
#11751=SURFACE_SIDE_STYLE('',(#12322));
#11752=SURFACE_SIDE_STYLE('',(#12323));
#11753=SURFACE_SIDE_STYLE('',(#12324));
#11754=SURFACE_SIDE_STYLE('',(#12325));
#11755=SURFACE_SIDE_STYLE('',(#12326));
#11756=SURFACE_SIDE_STYLE('',(#12327));
#11757=SURFACE_SIDE_STYLE('',(#12328));
#11758=SURFACE_SIDE_STYLE('',(#12329));
#11759=SURFACE_SIDE_STYLE('',(#12330));
#11760=SURFACE_SIDE_STYLE('',(#12331));
#11761=SURFACE_SIDE_STYLE('',(#12332));
#11762=SURFACE_SIDE_STYLE('',(#12333));
#11763=SURFACE_SIDE_STYLE('',(#12334));
#11764=SURFACE_SIDE_STYLE('',(#12335));
#11765=SURFACE_SIDE_STYLE('',(#12336));
#11766=SURFACE_SIDE_STYLE('',(#12337));
#11767=SURFACE_SIDE_STYLE('',(#12338));
#11768=SURFACE_SIDE_STYLE('',(#12339));
#11769=SURFACE_SIDE_STYLE('',(#12340));
#11770=SURFACE_SIDE_STYLE('',(#12341));
#11771=SURFACE_SIDE_STYLE('',(#12342));
#11772=SURFACE_SIDE_STYLE('',(#12343));
#11773=SURFACE_SIDE_STYLE('',(#12344));
#11774=SURFACE_SIDE_STYLE('',(#12345));
#11775=SURFACE_SIDE_STYLE('',(#12346));
#11776=SURFACE_SIDE_STYLE('',(#12347));
#11777=SURFACE_SIDE_STYLE('',(#12348));
#11778=SURFACE_SIDE_STYLE('',(#12349));
#11779=SURFACE_SIDE_STYLE('',(#12350));
#11780=SURFACE_SIDE_STYLE('',(#12351));
#11781=SURFACE_SIDE_STYLE('',(#12352));
#11782=SURFACE_SIDE_STYLE('',(#12353));
#11783=SURFACE_SIDE_STYLE('',(#12354));
#11784=SURFACE_SIDE_STYLE('',(#12355));
#11785=SURFACE_SIDE_STYLE('',(#12356));
#11786=SURFACE_SIDE_STYLE('',(#12357));
#11787=SURFACE_SIDE_STYLE('',(#12358));
#11788=SURFACE_SIDE_STYLE('',(#12359));
#11789=SURFACE_SIDE_STYLE('',(#12360));
#11790=SURFACE_SIDE_STYLE('',(#12361));
#11791=SURFACE_SIDE_STYLE('',(#12362));
#11792=SURFACE_SIDE_STYLE('',(#12363));
#11793=SURFACE_SIDE_STYLE('',(#12364));
#11794=SURFACE_SIDE_STYLE('',(#12365));
#11795=SURFACE_SIDE_STYLE('',(#12366));
#11796=SURFACE_SIDE_STYLE('',(#12367));
#11797=SURFACE_SIDE_STYLE('',(#12368));
#11798=SURFACE_SIDE_STYLE('',(#12369));
#11799=SURFACE_SIDE_STYLE('',(#12370));
#11800=SURFACE_SIDE_STYLE('',(#12371));
#11801=SURFACE_SIDE_STYLE('',(#12372));
#11802=SURFACE_SIDE_STYLE('',(#12373));
#11803=SURFACE_SIDE_STYLE('',(#12374));
#11804=SURFACE_SIDE_STYLE('',(#12375));
#11805=SURFACE_SIDE_STYLE('',(#12376));
#11806=SURFACE_SIDE_STYLE('',(#12377));
#11807=SURFACE_SIDE_STYLE('',(#12378));
#11808=SURFACE_SIDE_STYLE('',(#12379));
#11809=SURFACE_SIDE_STYLE('',(#12380));
#11810=SURFACE_SIDE_STYLE('',(#12381));
#11811=SURFACE_SIDE_STYLE('',(#12382));
#11812=SURFACE_SIDE_STYLE('',(#12383));
#11813=SURFACE_SIDE_STYLE('',(#12384));
#11814=SURFACE_SIDE_STYLE('',(#12385));
#11815=SURFACE_SIDE_STYLE('',(#12386));
#11816=SURFACE_SIDE_STYLE('',(#12387));
#11817=SURFACE_SIDE_STYLE('',(#12388));
#11818=SURFACE_SIDE_STYLE('',(#12389));
#11819=SURFACE_SIDE_STYLE('',(#12390));
#11820=SURFACE_SIDE_STYLE('',(#12391));
#11821=SURFACE_SIDE_STYLE('',(#12392));
#11822=SURFACE_SIDE_STYLE('',(#12393));
#11823=SURFACE_SIDE_STYLE('',(#12394));
#11824=SURFACE_SIDE_STYLE('',(#12395));
#11825=SURFACE_SIDE_STYLE('',(#12396));
#11826=SURFACE_SIDE_STYLE('',(#12397));
#11827=SURFACE_SIDE_STYLE('',(#12398));
#11828=SURFACE_SIDE_STYLE('',(#12399));
#11829=SURFACE_SIDE_STYLE('',(#12400));
#11830=SURFACE_SIDE_STYLE('',(#12401));
#11831=SURFACE_SIDE_STYLE('',(#12402));
#11832=SURFACE_SIDE_STYLE('',(#12403));
#11833=SURFACE_SIDE_STYLE('',(#12404));
#11834=SURFACE_SIDE_STYLE('',(#12405));
#11835=SURFACE_SIDE_STYLE('',(#12406));
#11836=SURFACE_SIDE_STYLE('',(#12407));
#11837=SURFACE_SIDE_STYLE('',(#12408));
#11838=SURFACE_SIDE_STYLE('',(#12409));
#11839=SURFACE_SIDE_STYLE('',(#12410));
#11840=SURFACE_SIDE_STYLE('',(#12411));
#11841=SURFACE_SIDE_STYLE('',(#12412));
#11842=SURFACE_SIDE_STYLE('',(#12413));
#11843=SURFACE_SIDE_STYLE('',(#12414));
#11844=SURFACE_SIDE_STYLE('',(#12415));
#11845=SURFACE_SIDE_STYLE('',(#12416));
#11846=SURFACE_SIDE_STYLE('',(#12417));
#11847=SURFACE_SIDE_STYLE('',(#12418));
#11848=SURFACE_SIDE_STYLE('',(#12419));
#11849=SURFACE_SIDE_STYLE('',(#12420));
#11850=SURFACE_SIDE_STYLE('',(#12421));
#11851=SURFACE_SIDE_STYLE('',(#12422));
#11852=SURFACE_SIDE_STYLE('',(#12423));
#11853=SURFACE_SIDE_STYLE('',(#12424));
#11854=SURFACE_SIDE_STYLE('',(#12425));
#11855=SURFACE_SIDE_STYLE('',(#12426));
#11856=SURFACE_SIDE_STYLE('',(#12427));
#11857=SURFACE_SIDE_STYLE('',(#12428));
#11858=SURFACE_SIDE_STYLE('',(#12429));
#11859=SURFACE_SIDE_STYLE('',(#12430));
#11860=SURFACE_SIDE_STYLE('',(#12431));
#11861=SURFACE_SIDE_STYLE('',(#12432));
#11862=SURFACE_SIDE_STYLE('',(#12433));
#11863=SURFACE_SIDE_STYLE('',(#12434));
#11864=SURFACE_SIDE_STYLE('',(#12435));
#11865=SURFACE_SIDE_STYLE('',(#12436));
#11866=SURFACE_SIDE_STYLE('',(#12437));
#11867=SURFACE_SIDE_STYLE('',(#12438));
#11868=SURFACE_SIDE_STYLE('',(#12439));
#11869=SURFACE_SIDE_STYLE('',(#12440));
#11870=SURFACE_SIDE_STYLE('',(#12441));
#11871=SURFACE_SIDE_STYLE('',(#12442));
#11872=SURFACE_SIDE_STYLE('',(#12443));
#11873=SURFACE_SIDE_STYLE('',(#12444));
#11874=SURFACE_SIDE_STYLE('',(#12445));
#11875=SURFACE_SIDE_STYLE('',(#12446));
#11876=SURFACE_SIDE_STYLE('',(#12447));
#11877=SURFACE_SIDE_STYLE('',(#12448));
#11878=SURFACE_SIDE_STYLE('',(#12449));
#11879=SURFACE_SIDE_STYLE('',(#12450));
#11880=SURFACE_SIDE_STYLE('',(#12451));
#11881=SURFACE_SIDE_STYLE('',(#12452));
#11882=SURFACE_SIDE_STYLE('',(#12453));
#11883=SURFACE_SIDE_STYLE('',(#12454));
#11884=SURFACE_SIDE_STYLE('',(#12455));
#11885=SURFACE_SIDE_STYLE('',(#12456));
#11886=SURFACE_SIDE_STYLE('',(#12457));
#11887=SURFACE_SIDE_STYLE('',(#12458));
#11888=SURFACE_SIDE_STYLE('',(#12459));
#11889=SURFACE_SIDE_STYLE('',(#12460));
#11890=SURFACE_SIDE_STYLE('',(#12461));
#11891=SURFACE_SIDE_STYLE('',(#12462));
#11892=SURFACE_SIDE_STYLE('',(#12463));
#11893=SURFACE_SIDE_STYLE('',(#12464));
#11894=SURFACE_SIDE_STYLE('',(#12465));
#11895=SURFACE_SIDE_STYLE('',(#12466));
#11896=SURFACE_SIDE_STYLE('',(#12467));
#11897=SURFACE_SIDE_STYLE('',(#12468));
#11898=SURFACE_SIDE_STYLE('',(#12469));
#11899=SURFACE_SIDE_STYLE('',(#12470));
#11900=SURFACE_SIDE_STYLE('',(#12471));
#11901=SURFACE_SIDE_STYLE('',(#12472));
#11902=SURFACE_SIDE_STYLE('',(#12473));
#11903=SURFACE_SIDE_STYLE('',(#12474));
#11904=SURFACE_SIDE_STYLE('',(#12475));
#11905=SURFACE_SIDE_STYLE('',(#12476));
#11906=SURFACE_SIDE_STYLE('',(#12477));
#11907=SURFACE_SIDE_STYLE('',(#12478));
#11908=SURFACE_SIDE_STYLE('',(#12479));
#11909=SURFACE_SIDE_STYLE('',(#12480));
#11910=SURFACE_SIDE_STYLE('',(#12481));
#11911=SURFACE_SIDE_STYLE('',(#12482));
#11912=SURFACE_SIDE_STYLE('',(#12483));
#11913=SURFACE_SIDE_STYLE('',(#12484));
#11914=SURFACE_SIDE_STYLE('',(#12485));
#11915=SURFACE_SIDE_STYLE('',(#12486));
#11916=SURFACE_SIDE_STYLE('',(#12487));
#11917=SURFACE_SIDE_STYLE('',(#12488));
#11918=SURFACE_SIDE_STYLE('',(#12489));
#11919=SURFACE_SIDE_STYLE('',(#12490));
#11920=SURFACE_SIDE_STYLE('',(#12491));
#11921=SURFACE_SIDE_STYLE('',(#12492));
#11922=SURFACE_SIDE_STYLE('',(#12493));
#11923=SURFACE_SIDE_STYLE('',(#12494));
#11924=SURFACE_SIDE_STYLE('',(#12495));
#11925=SURFACE_SIDE_STYLE('',(#12496));
#11926=SURFACE_SIDE_STYLE('',(#12497));
#11927=SURFACE_SIDE_STYLE('',(#12498));
#11928=SURFACE_SIDE_STYLE('',(#12499));
#11929=SURFACE_SIDE_STYLE('',(#12500));
#11930=SURFACE_SIDE_STYLE('',(#12501));
#11931=SURFACE_SIDE_STYLE('',(#12502));
#11932=SURFACE_SIDE_STYLE('',(#12503));
#11933=SURFACE_SIDE_STYLE('',(#12504));
#11934=SURFACE_SIDE_STYLE('',(#12505));
#11935=SURFACE_SIDE_STYLE('',(#12506));
#11936=SURFACE_SIDE_STYLE('',(#12507));
#11937=SURFACE_SIDE_STYLE('',(#12508));
#11938=SURFACE_SIDE_STYLE('',(#12509));
#11939=SURFACE_SIDE_STYLE('',(#12510));
#11940=SURFACE_SIDE_STYLE('',(#12511));
#11941=SURFACE_SIDE_STYLE('',(#12512));
#11942=SURFACE_SIDE_STYLE('',(#12513));
#11943=SURFACE_SIDE_STYLE('',(#12514));
#11944=SURFACE_SIDE_STYLE('',(#12515));
#11945=SURFACE_SIDE_STYLE('',(#12516));
#11946=SURFACE_SIDE_STYLE('',(#12517));
#11947=SURFACE_SIDE_STYLE('',(#12518));
#11948=SURFACE_SIDE_STYLE('',(#12519));
#11949=SURFACE_SIDE_STYLE('',(#12520));
#11950=SURFACE_SIDE_STYLE('',(#12521));
#11951=SURFACE_SIDE_STYLE('',(#12522));
#11952=SURFACE_SIDE_STYLE('',(#12523));
#11953=SURFACE_SIDE_STYLE('',(#12524));
#11954=SURFACE_SIDE_STYLE('',(#12525));
#11955=SURFACE_SIDE_STYLE('',(#12526));
#11956=SURFACE_SIDE_STYLE('',(#12527));
#11957=SURFACE_SIDE_STYLE('',(#12528));
#11958=SURFACE_SIDE_STYLE('',(#12529));
#11959=SURFACE_SIDE_STYLE('',(#12530));
#11960=SURFACE_SIDE_STYLE('',(#12531));
#11961=SURFACE_SIDE_STYLE('',(#12532));
#11962=SURFACE_STYLE_FILL_AREA(#12533);
#11963=SURFACE_STYLE_FILL_AREA(#12534);
#11964=SURFACE_STYLE_FILL_AREA(#12535);
#11965=SURFACE_STYLE_FILL_AREA(#12536);
#11966=SURFACE_STYLE_FILL_AREA(#12537);
#11967=SURFACE_STYLE_FILL_AREA(#12538);
#11968=SURFACE_STYLE_FILL_AREA(#12539);
#11969=SURFACE_STYLE_FILL_AREA(#12540);
#11970=SURFACE_STYLE_FILL_AREA(#12541);
#11971=SURFACE_STYLE_FILL_AREA(#12542);
#11972=SURFACE_STYLE_FILL_AREA(#12543);
#11973=SURFACE_STYLE_FILL_AREA(#12544);
#11974=SURFACE_STYLE_FILL_AREA(#12545);
#11975=SURFACE_STYLE_FILL_AREA(#12546);
#11976=SURFACE_STYLE_FILL_AREA(#12547);
#11977=SURFACE_STYLE_FILL_AREA(#12548);
#11978=SURFACE_STYLE_FILL_AREA(#12549);
#11979=SURFACE_STYLE_FILL_AREA(#12550);
#11980=SURFACE_STYLE_FILL_AREA(#12551);
#11981=SURFACE_STYLE_FILL_AREA(#12552);
#11982=SURFACE_STYLE_FILL_AREA(#12553);
#11983=SURFACE_STYLE_FILL_AREA(#12554);
#11984=SURFACE_STYLE_FILL_AREA(#12555);
#11985=SURFACE_STYLE_FILL_AREA(#12556);
#11986=SURFACE_STYLE_FILL_AREA(#12557);
#11987=SURFACE_STYLE_FILL_AREA(#12558);
#11988=SURFACE_STYLE_FILL_AREA(#12559);
#11989=SURFACE_STYLE_FILL_AREA(#12560);
#11990=SURFACE_STYLE_FILL_AREA(#12561);
#11991=SURFACE_STYLE_FILL_AREA(#12562);
#11992=SURFACE_STYLE_FILL_AREA(#12563);
#11993=SURFACE_STYLE_FILL_AREA(#12564);
#11994=SURFACE_STYLE_FILL_AREA(#12565);
#11995=SURFACE_STYLE_FILL_AREA(#12566);
#11996=SURFACE_STYLE_FILL_AREA(#12567);
#11997=SURFACE_STYLE_FILL_AREA(#12568);
#11998=SURFACE_STYLE_FILL_AREA(#12569);
#11999=SURFACE_STYLE_FILL_AREA(#12570);
#12000=SURFACE_STYLE_FILL_AREA(#12571);
#12001=SURFACE_STYLE_FILL_AREA(#12572);
#12002=SURFACE_STYLE_FILL_AREA(#12573);
#12003=SURFACE_STYLE_FILL_AREA(#12574);
#12004=SURFACE_STYLE_FILL_AREA(#12575);
#12005=SURFACE_STYLE_FILL_AREA(#12576);
#12006=SURFACE_STYLE_FILL_AREA(#12577);
#12007=SURFACE_STYLE_FILL_AREA(#12578);
#12008=SURFACE_STYLE_FILL_AREA(#12579);
#12009=SURFACE_STYLE_FILL_AREA(#12580);
#12010=SURFACE_STYLE_FILL_AREA(#12581);
#12011=SURFACE_STYLE_FILL_AREA(#12582);
#12012=SURFACE_STYLE_FILL_AREA(#12583);
#12013=SURFACE_STYLE_FILL_AREA(#12584);
#12014=SURFACE_STYLE_FILL_AREA(#12585);
#12015=SURFACE_STYLE_FILL_AREA(#12586);
#12016=SURFACE_STYLE_FILL_AREA(#12587);
#12017=SURFACE_STYLE_FILL_AREA(#12588);
#12018=SURFACE_STYLE_FILL_AREA(#12589);
#12019=SURFACE_STYLE_FILL_AREA(#12590);
#12020=SURFACE_STYLE_FILL_AREA(#12591);
#12021=SURFACE_STYLE_FILL_AREA(#12592);
#12022=SURFACE_STYLE_FILL_AREA(#12593);
#12023=SURFACE_STYLE_FILL_AREA(#12594);
#12024=SURFACE_STYLE_FILL_AREA(#12595);
#12025=SURFACE_STYLE_FILL_AREA(#12596);
#12026=SURFACE_STYLE_FILL_AREA(#12597);
#12027=SURFACE_STYLE_FILL_AREA(#12598);
#12028=SURFACE_STYLE_FILL_AREA(#12599);
#12029=SURFACE_STYLE_FILL_AREA(#12600);
#12030=SURFACE_STYLE_FILL_AREA(#12601);
#12031=SURFACE_STYLE_FILL_AREA(#12602);
#12032=SURFACE_STYLE_FILL_AREA(#12603);
#12033=SURFACE_STYLE_FILL_AREA(#12604);
#12034=SURFACE_STYLE_FILL_AREA(#12605);
#12035=SURFACE_STYLE_FILL_AREA(#12606);
#12036=SURFACE_STYLE_FILL_AREA(#12607);
#12037=SURFACE_STYLE_FILL_AREA(#12608);
#12038=SURFACE_STYLE_FILL_AREA(#12609);
#12039=SURFACE_STYLE_FILL_AREA(#12610);
#12040=SURFACE_STYLE_FILL_AREA(#12611);
#12041=SURFACE_STYLE_FILL_AREA(#12612);
#12042=SURFACE_STYLE_FILL_AREA(#12613);
#12043=SURFACE_STYLE_FILL_AREA(#12614);
#12044=SURFACE_STYLE_FILL_AREA(#12615);
#12045=SURFACE_STYLE_FILL_AREA(#12616);
#12046=SURFACE_STYLE_FILL_AREA(#12617);
#12047=SURFACE_STYLE_FILL_AREA(#12618);
#12048=SURFACE_STYLE_FILL_AREA(#12619);
#12049=SURFACE_STYLE_FILL_AREA(#12620);
#12050=SURFACE_STYLE_FILL_AREA(#12621);
#12051=SURFACE_STYLE_FILL_AREA(#12622);
#12052=SURFACE_STYLE_FILL_AREA(#12623);
#12053=SURFACE_STYLE_FILL_AREA(#12624);
#12054=SURFACE_STYLE_FILL_AREA(#12625);
#12055=SURFACE_STYLE_FILL_AREA(#12626);
#12056=SURFACE_STYLE_FILL_AREA(#12627);
#12057=SURFACE_STYLE_FILL_AREA(#12628);
#12058=SURFACE_STYLE_FILL_AREA(#12629);
#12059=SURFACE_STYLE_FILL_AREA(#12630);
#12060=SURFACE_STYLE_FILL_AREA(#12631);
#12061=SURFACE_STYLE_FILL_AREA(#12632);
#12062=SURFACE_STYLE_FILL_AREA(#12633);
#12063=SURFACE_STYLE_FILL_AREA(#12634);
#12064=SURFACE_STYLE_FILL_AREA(#12635);
#12065=SURFACE_STYLE_FILL_AREA(#12636);
#12066=SURFACE_STYLE_FILL_AREA(#12637);
#12067=SURFACE_STYLE_FILL_AREA(#12638);
#12068=SURFACE_STYLE_FILL_AREA(#12639);
#12069=SURFACE_STYLE_FILL_AREA(#12640);
#12070=SURFACE_STYLE_FILL_AREA(#12641);
#12071=SURFACE_STYLE_FILL_AREA(#12642);
#12072=SURFACE_STYLE_FILL_AREA(#12643);
#12073=SURFACE_STYLE_FILL_AREA(#12644);
#12074=SURFACE_STYLE_FILL_AREA(#12645);
#12075=SURFACE_STYLE_FILL_AREA(#12646);
#12076=SURFACE_STYLE_FILL_AREA(#12647);
#12077=SURFACE_STYLE_FILL_AREA(#12648);
#12078=SURFACE_STYLE_FILL_AREA(#12649);
#12079=SURFACE_STYLE_FILL_AREA(#12650);
#12080=SURFACE_STYLE_FILL_AREA(#12651);
#12081=SURFACE_STYLE_FILL_AREA(#12652);
#12082=SURFACE_STYLE_FILL_AREA(#12653);
#12083=SURFACE_STYLE_FILL_AREA(#12654);
#12084=SURFACE_STYLE_FILL_AREA(#12655);
#12085=SURFACE_STYLE_FILL_AREA(#12656);
#12086=SURFACE_STYLE_FILL_AREA(#12657);
#12087=SURFACE_STYLE_FILL_AREA(#12658);
#12088=SURFACE_STYLE_FILL_AREA(#12659);
#12089=SURFACE_STYLE_FILL_AREA(#12660);
#12090=SURFACE_STYLE_FILL_AREA(#12661);
#12091=SURFACE_STYLE_FILL_AREA(#12662);
#12092=SURFACE_STYLE_FILL_AREA(#12663);
#12093=SURFACE_STYLE_FILL_AREA(#12664);
#12094=SURFACE_STYLE_FILL_AREA(#12665);
#12095=SURFACE_STYLE_FILL_AREA(#12666);
#12096=SURFACE_STYLE_FILL_AREA(#12667);
#12097=SURFACE_STYLE_FILL_AREA(#12668);
#12098=SURFACE_STYLE_FILL_AREA(#12669);
#12099=SURFACE_STYLE_FILL_AREA(#12670);
#12100=SURFACE_STYLE_FILL_AREA(#12671);
#12101=SURFACE_STYLE_FILL_AREA(#12672);
#12102=SURFACE_STYLE_FILL_AREA(#12673);
#12103=SURFACE_STYLE_FILL_AREA(#12674);
#12104=SURFACE_STYLE_FILL_AREA(#12675);
#12105=SURFACE_STYLE_FILL_AREA(#12676);
#12106=SURFACE_STYLE_FILL_AREA(#12677);
#12107=SURFACE_STYLE_FILL_AREA(#12678);
#12108=SURFACE_STYLE_FILL_AREA(#12679);
#12109=SURFACE_STYLE_FILL_AREA(#12680);
#12110=SURFACE_STYLE_FILL_AREA(#12681);
#12111=SURFACE_STYLE_FILL_AREA(#12682);
#12112=SURFACE_STYLE_FILL_AREA(#12683);
#12113=SURFACE_STYLE_FILL_AREA(#12684);
#12114=SURFACE_STYLE_FILL_AREA(#12685);
#12115=SURFACE_STYLE_FILL_AREA(#12686);
#12116=SURFACE_STYLE_FILL_AREA(#12687);
#12117=SURFACE_STYLE_FILL_AREA(#12688);
#12118=SURFACE_STYLE_FILL_AREA(#12689);
#12119=SURFACE_STYLE_FILL_AREA(#12690);
#12120=SURFACE_STYLE_FILL_AREA(#12691);
#12121=SURFACE_STYLE_FILL_AREA(#12692);
#12122=SURFACE_STYLE_FILL_AREA(#12693);
#12123=SURFACE_STYLE_FILL_AREA(#12694);
#12124=SURFACE_STYLE_FILL_AREA(#12695);
#12125=SURFACE_STYLE_FILL_AREA(#12696);
#12126=SURFACE_STYLE_FILL_AREA(#12697);
#12127=SURFACE_STYLE_FILL_AREA(#12698);
#12128=SURFACE_STYLE_FILL_AREA(#12699);
#12129=SURFACE_STYLE_FILL_AREA(#12700);
#12130=SURFACE_STYLE_FILL_AREA(#12701);
#12131=SURFACE_STYLE_FILL_AREA(#12702);
#12132=SURFACE_STYLE_FILL_AREA(#12703);
#12133=SURFACE_STYLE_FILL_AREA(#12704);
#12134=SURFACE_STYLE_FILL_AREA(#12705);
#12135=SURFACE_STYLE_FILL_AREA(#12706);
#12136=SURFACE_STYLE_FILL_AREA(#12707);
#12137=SURFACE_STYLE_FILL_AREA(#12708);
#12138=SURFACE_STYLE_FILL_AREA(#12709);
#12139=SURFACE_STYLE_FILL_AREA(#12710);
#12140=SURFACE_STYLE_FILL_AREA(#12711);
#12141=SURFACE_STYLE_FILL_AREA(#12712);
#12142=SURFACE_STYLE_FILL_AREA(#12713);
#12143=SURFACE_STYLE_FILL_AREA(#12714);
#12144=SURFACE_STYLE_FILL_AREA(#12715);
#12145=SURFACE_STYLE_FILL_AREA(#12716);
#12146=SURFACE_STYLE_FILL_AREA(#12717);
#12147=SURFACE_STYLE_FILL_AREA(#12718);
#12148=SURFACE_STYLE_FILL_AREA(#12719);
#12149=SURFACE_STYLE_FILL_AREA(#12720);
#12150=SURFACE_STYLE_FILL_AREA(#12721);
#12151=SURFACE_STYLE_FILL_AREA(#12722);
#12152=SURFACE_STYLE_FILL_AREA(#12723);
#12153=SURFACE_STYLE_FILL_AREA(#12724);
#12154=SURFACE_STYLE_FILL_AREA(#12725);
#12155=SURFACE_STYLE_FILL_AREA(#12726);
#12156=SURFACE_STYLE_FILL_AREA(#12727);
#12157=SURFACE_STYLE_FILL_AREA(#12728);
#12158=SURFACE_STYLE_FILL_AREA(#12729);
#12159=SURFACE_STYLE_FILL_AREA(#12730);
#12160=SURFACE_STYLE_FILL_AREA(#12731);
#12161=SURFACE_STYLE_FILL_AREA(#12732);
#12162=SURFACE_STYLE_FILL_AREA(#12733);
#12163=SURFACE_STYLE_FILL_AREA(#12734);
#12164=SURFACE_STYLE_FILL_AREA(#12735);
#12165=SURFACE_STYLE_FILL_AREA(#12736);
#12166=SURFACE_STYLE_FILL_AREA(#12737);
#12167=SURFACE_STYLE_FILL_AREA(#12738);
#12168=SURFACE_STYLE_FILL_AREA(#12739);
#12169=SURFACE_STYLE_FILL_AREA(#12740);
#12170=SURFACE_STYLE_FILL_AREA(#12741);
#12171=SURFACE_STYLE_FILL_AREA(#12742);
#12172=SURFACE_STYLE_FILL_AREA(#12743);
#12173=SURFACE_STYLE_FILL_AREA(#12744);
#12174=SURFACE_STYLE_FILL_AREA(#12745);
#12175=SURFACE_STYLE_FILL_AREA(#12746);
#12176=SURFACE_STYLE_FILL_AREA(#12747);
#12177=SURFACE_STYLE_FILL_AREA(#12748);
#12178=SURFACE_STYLE_FILL_AREA(#12749);
#12179=SURFACE_STYLE_FILL_AREA(#12750);
#12180=SURFACE_STYLE_FILL_AREA(#12751);
#12181=SURFACE_STYLE_FILL_AREA(#12752);
#12182=SURFACE_STYLE_FILL_AREA(#12753);
#12183=SURFACE_STYLE_FILL_AREA(#12754);
#12184=SURFACE_STYLE_FILL_AREA(#12755);
#12185=SURFACE_STYLE_FILL_AREA(#12756);
#12186=SURFACE_STYLE_FILL_AREA(#12757);
#12187=SURFACE_STYLE_FILL_AREA(#12758);
#12188=SURFACE_STYLE_FILL_AREA(#12759);
#12189=SURFACE_STYLE_FILL_AREA(#12760);
#12190=SURFACE_STYLE_FILL_AREA(#12761);
#12191=SURFACE_STYLE_FILL_AREA(#12762);
#12192=SURFACE_STYLE_FILL_AREA(#12763);
#12193=SURFACE_STYLE_FILL_AREA(#12764);
#12194=SURFACE_STYLE_FILL_AREA(#12765);
#12195=SURFACE_STYLE_FILL_AREA(#12766);
#12196=SURFACE_STYLE_FILL_AREA(#12767);
#12197=SURFACE_STYLE_FILL_AREA(#12768);
#12198=SURFACE_STYLE_FILL_AREA(#12769);
#12199=SURFACE_STYLE_FILL_AREA(#12770);
#12200=SURFACE_STYLE_FILL_AREA(#12771);
#12201=SURFACE_STYLE_FILL_AREA(#12772);
#12202=SURFACE_STYLE_FILL_AREA(#12773);
#12203=SURFACE_STYLE_FILL_AREA(#12774);
#12204=SURFACE_STYLE_FILL_AREA(#12775);
#12205=SURFACE_STYLE_FILL_AREA(#12776);
#12206=SURFACE_STYLE_FILL_AREA(#12777);
#12207=SURFACE_STYLE_FILL_AREA(#12778);
#12208=SURFACE_STYLE_FILL_AREA(#12779);
#12209=SURFACE_STYLE_FILL_AREA(#12780);
#12210=SURFACE_STYLE_FILL_AREA(#12781);
#12211=SURFACE_STYLE_FILL_AREA(#12782);
#12212=SURFACE_STYLE_FILL_AREA(#12783);
#12213=SURFACE_STYLE_FILL_AREA(#12784);
#12214=SURFACE_STYLE_FILL_AREA(#12785);
#12215=SURFACE_STYLE_FILL_AREA(#12786);
#12216=SURFACE_STYLE_FILL_AREA(#12787);
#12217=SURFACE_STYLE_FILL_AREA(#12788);
#12218=SURFACE_STYLE_FILL_AREA(#12789);
#12219=SURFACE_STYLE_FILL_AREA(#12790);
#12220=SURFACE_STYLE_FILL_AREA(#12791);
#12221=SURFACE_STYLE_FILL_AREA(#12792);
#12222=SURFACE_STYLE_FILL_AREA(#12793);
#12223=SURFACE_STYLE_FILL_AREA(#12794);
#12224=SURFACE_STYLE_FILL_AREA(#12795);
#12225=SURFACE_STYLE_FILL_AREA(#12796);
#12226=SURFACE_STYLE_FILL_AREA(#12797);
#12227=SURFACE_STYLE_FILL_AREA(#12798);
#12228=SURFACE_STYLE_FILL_AREA(#12799);
#12229=SURFACE_STYLE_FILL_AREA(#12800);
#12230=SURFACE_STYLE_FILL_AREA(#12801);
#12231=SURFACE_STYLE_FILL_AREA(#12802);
#12232=SURFACE_STYLE_FILL_AREA(#12803);
#12233=SURFACE_STYLE_FILL_AREA(#12804);
#12234=SURFACE_STYLE_FILL_AREA(#12805);
#12235=SURFACE_STYLE_FILL_AREA(#12806);
#12236=SURFACE_STYLE_FILL_AREA(#12807);
#12237=SURFACE_STYLE_FILL_AREA(#12808);
#12238=SURFACE_STYLE_FILL_AREA(#12809);
#12239=SURFACE_STYLE_FILL_AREA(#12810);
#12240=SURFACE_STYLE_FILL_AREA(#12811);
#12241=SURFACE_STYLE_FILL_AREA(#12812);
#12242=SURFACE_STYLE_FILL_AREA(#12813);
#12243=SURFACE_STYLE_FILL_AREA(#12814);
#12244=SURFACE_STYLE_FILL_AREA(#12815);
#12245=SURFACE_STYLE_FILL_AREA(#12816);
#12246=SURFACE_STYLE_FILL_AREA(#12817);
#12247=SURFACE_STYLE_FILL_AREA(#12818);
#12248=SURFACE_STYLE_FILL_AREA(#12819);
#12249=SURFACE_STYLE_FILL_AREA(#12820);
#12250=SURFACE_STYLE_FILL_AREA(#12821);
#12251=SURFACE_STYLE_FILL_AREA(#12822);
#12252=SURFACE_STYLE_FILL_AREA(#12823);
#12253=SURFACE_STYLE_FILL_AREA(#12824);
#12254=SURFACE_STYLE_FILL_AREA(#12825);
#12255=SURFACE_STYLE_FILL_AREA(#12826);
#12256=SURFACE_STYLE_FILL_AREA(#12827);
#12257=SURFACE_STYLE_FILL_AREA(#12828);
#12258=SURFACE_STYLE_FILL_AREA(#12829);
#12259=SURFACE_STYLE_FILL_AREA(#12830);
#12260=SURFACE_STYLE_FILL_AREA(#12831);
#12261=SURFACE_STYLE_FILL_AREA(#12832);
#12262=SURFACE_STYLE_FILL_AREA(#12833);
#12263=SURFACE_STYLE_FILL_AREA(#12834);
#12264=SURFACE_STYLE_FILL_AREA(#12835);
#12265=SURFACE_STYLE_FILL_AREA(#12836);
#12266=SURFACE_STYLE_FILL_AREA(#12837);
#12267=SURFACE_STYLE_FILL_AREA(#12838);
#12268=SURFACE_STYLE_FILL_AREA(#12839);
#12269=SURFACE_STYLE_FILL_AREA(#12840);
#12270=SURFACE_STYLE_FILL_AREA(#12841);
#12271=SURFACE_STYLE_FILL_AREA(#12842);
#12272=SURFACE_STYLE_FILL_AREA(#12843);
#12273=SURFACE_STYLE_FILL_AREA(#12844);
#12274=SURFACE_STYLE_FILL_AREA(#12845);
#12275=SURFACE_STYLE_FILL_AREA(#12846);
#12276=SURFACE_STYLE_FILL_AREA(#12847);
#12277=SURFACE_STYLE_FILL_AREA(#12848);
#12278=SURFACE_STYLE_FILL_AREA(#12849);
#12279=SURFACE_STYLE_FILL_AREA(#12850);
#12280=SURFACE_STYLE_FILL_AREA(#12851);
#12281=SURFACE_STYLE_FILL_AREA(#12852);
#12282=SURFACE_STYLE_FILL_AREA(#12853);
#12283=SURFACE_STYLE_FILL_AREA(#12854);
#12284=SURFACE_STYLE_FILL_AREA(#12855);
#12285=SURFACE_STYLE_FILL_AREA(#12856);
#12286=SURFACE_STYLE_FILL_AREA(#12857);
#12287=SURFACE_STYLE_FILL_AREA(#12858);
#12288=SURFACE_STYLE_FILL_AREA(#12859);
#12289=SURFACE_STYLE_FILL_AREA(#12860);
#12290=SURFACE_STYLE_FILL_AREA(#12861);
#12291=SURFACE_STYLE_FILL_AREA(#12862);
#12292=SURFACE_STYLE_FILL_AREA(#12863);
#12293=SURFACE_STYLE_FILL_AREA(#12864);
#12294=SURFACE_STYLE_FILL_AREA(#12865);
#12295=SURFACE_STYLE_FILL_AREA(#12866);
#12296=SURFACE_STYLE_FILL_AREA(#12867);
#12297=SURFACE_STYLE_FILL_AREA(#12868);
#12298=SURFACE_STYLE_FILL_AREA(#12869);
#12299=SURFACE_STYLE_FILL_AREA(#12870);
#12300=SURFACE_STYLE_FILL_AREA(#12871);
#12301=SURFACE_STYLE_FILL_AREA(#12872);
#12302=SURFACE_STYLE_FILL_AREA(#12873);
#12303=SURFACE_STYLE_FILL_AREA(#12874);
#12304=SURFACE_STYLE_FILL_AREA(#12875);
#12305=SURFACE_STYLE_FILL_AREA(#12876);
#12306=SURFACE_STYLE_FILL_AREA(#12877);
#12307=SURFACE_STYLE_FILL_AREA(#12878);
#12308=SURFACE_STYLE_FILL_AREA(#12879);
#12309=SURFACE_STYLE_FILL_AREA(#12880);
#12310=SURFACE_STYLE_FILL_AREA(#12881);
#12311=SURFACE_STYLE_FILL_AREA(#12882);
#12312=SURFACE_STYLE_FILL_AREA(#12883);
#12313=SURFACE_STYLE_FILL_AREA(#12884);
#12314=SURFACE_STYLE_FILL_AREA(#12885);
#12315=SURFACE_STYLE_FILL_AREA(#12886);
#12316=SURFACE_STYLE_FILL_AREA(#12887);
#12317=SURFACE_STYLE_FILL_AREA(#12888);
#12318=SURFACE_STYLE_FILL_AREA(#12889);
#12319=SURFACE_STYLE_FILL_AREA(#12890);
#12320=SURFACE_STYLE_FILL_AREA(#12891);
#12321=SURFACE_STYLE_FILL_AREA(#12892);
#12322=SURFACE_STYLE_FILL_AREA(#12893);
#12323=SURFACE_STYLE_FILL_AREA(#12894);
#12324=SURFACE_STYLE_FILL_AREA(#12895);
#12325=SURFACE_STYLE_FILL_AREA(#12896);
#12326=SURFACE_STYLE_FILL_AREA(#12897);
#12327=SURFACE_STYLE_FILL_AREA(#12898);
#12328=SURFACE_STYLE_FILL_AREA(#12899);
#12329=SURFACE_STYLE_FILL_AREA(#12900);
#12330=SURFACE_STYLE_FILL_AREA(#12901);
#12331=SURFACE_STYLE_FILL_AREA(#12902);
#12332=SURFACE_STYLE_FILL_AREA(#12903);
#12333=SURFACE_STYLE_FILL_AREA(#12904);
#12334=SURFACE_STYLE_FILL_AREA(#12905);
#12335=SURFACE_STYLE_FILL_AREA(#12906);
#12336=SURFACE_STYLE_FILL_AREA(#12907);
#12337=SURFACE_STYLE_FILL_AREA(#12908);
#12338=SURFACE_STYLE_FILL_AREA(#12909);
#12339=SURFACE_STYLE_FILL_AREA(#12910);
#12340=SURFACE_STYLE_FILL_AREA(#12911);
#12341=SURFACE_STYLE_FILL_AREA(#12912);
#12342=SURFACE_STYLE_FILL_AREA(#12913);
#12343=SURFACE_STYLE_FILL_AREA(#12914);
#12344=SURFACE_STYLE_FILL_AREA(#12915);
#12345=SURFACE_STYLE_FILL_AREA(#12916);
#12346=SURFACE_STYLE_FILL_AREA(#12917);
#12347=SURFACE_STYLE_FILL_AREA(#12918);
#12348=SURFACE_STYLE_FILL_AREA(#12919);
#12349=SURFACE_STYLE_FILL_AREA(#12920);
#12350=SURFACE_STYLE_FILL_AREA(#12921);
#12351=SURFACE_STYLE_FILL_AREA(#12922);
#12352=SURFACE_STYLE_FILL_AREA(#12923);
#12353=SURFACE_STYLE_FILL_AREA(#12924);
#12354=SURFACE_STYLE_FILL_AREA(#12925);
#12355=SURFACE_STYLE_FILL_AREA(#12926);
#12356=SURFACE_STYLE_FILL_AREA(#12927);
#12357=SURFACE_STYLE_FILL_AREA(#12928);
#12358=SURFACE_STYLE_FILL_AREA(#12929);
#12359=SURFACE_STYLE_FILL_AREA(#12930);
#12360=SURFACE_STYLE_FILL_AREA(#12931);
#12361=SURFACE_STYLE_FILL_AREA(#12932);
#12362=SURFACE_STYLE_FILL_AREA(#12933);
#12363=SURFACE_STYLE_FILL_AREA(#12934);
#12364=SURFACE_STYLE_FILL_AREA(#12935);
#12365=SURFACE_STYLE_FILL_AREA(#12936);
#12366=SURFACE_STYLE_FILL_AREA(#12937);
#12367=SURFACE_STYLE_FILL_AREA(#12938);
#12368=SURFACE_STYLE_FILL_AREA(#12939);
#12369=SURFACE_STYLE_FILL_AREA(#12940);
#12370=SURFACE_STYLE_FILL_AREA(#12941);
#12371=SURFACE_STYLE_FILL_AREA(#12942);
#12372=SURFACE_STYLE_FILL_AREA(#12943);
#12373=SURFACE_STYLE_FILL_AREA(#12944);
#12374=SURFACE_STYLE_FILL_AREA(#12945);
#12375=SURFACE_STYLE_FILL_AREA(#12946);
#12376=SURFACE_STYLE_FILL_AREA(#12947);
#12377=SURFACE_STYLE_FILL_AREA(#12948);
#12378=SURFACE_STYLE_FILL_AREA(#12949);
#12379=SURFACE_STYLE_FILL_AREA(#12950);
#12380=SURFACE_STYLE_FILL_AREA(#12951);
#12381=SURFACE_STYLE_FILL_AREA(#12952);
#12382=SURFACE_STYLE_FILL_AREA(#12953);
#12383=SURFACE_STYLE_FILL_AREA(#12954);
#12384=SURFACE_STYLE_FILL_AREA(#12955);
#12385=SURFACE_STYLE_FILL_AREA(#12956);
#12386=SURFACE_STYLE_FILL_AREA(#12957);
#12387=SURFACE_STYLE_FILL_AREA(#12958);
#12388=SURFACE_STYLE_FILL_AREA(#12959);
#12389=SURFACE_STYLE_FILL_AREA(#12960);
#12390=SURFACE_STYLE_FILL_AREA(#12961);
#12391=SURFACE_STYLE_FILL_AREA(#12962);
#12392=SURFACE_STYLE_FILL_AREA(#12963);
#12393=SURFACE_STYLE_FILL_AREA(#12964);
#12394=SURFACE_STYLE_FILL_AREA(#12965);
#12395=SURFACE_STYLE_FILL_AREA(#12966);
#12396=SURFACE_STYLE_FILL_AREA(#12967);
#12397=SURFACE_STYLE_FILL_AREA(#12968);
#12398=SURFACE_STYLE_FILL_AREA(#12969);
#12399=SURFACE_STYLE_FILL_AREA(#12970);
#12400=SURFACE_STYLE_FILL_AREA(#12971);
#12401=SURFACE_STYLE_FILL_AREA(#12972);
#12402=SURFACE_STYLE_FILL_AREA(#12973);
#12403=SURFACE_STYLE_FILL_AREA(#12974);
#12404=SURFACE_STYLE_FILL_AREA(#12975);
#12405=SURFACE_STYLE_FILL_AREA(#12976);
#12406=SURFACE_STYLE_FILL_AREA(#12977);
#12407=SURFACE_STYLE_FILL_AREA(#12978);
#12408=SURFACE_STYLE_FILL_AREA(#12979);
#12409=SURFACE_STYLE_FILL_AREA(#12980);
#12410=SURFACE_STYLE_FILL_AREA(#12981);
#12411=SURFACE_STYLE_FILL_AREA(#12982);
#12412=SURFACE_STYLE_FILL_AREA(#12983);
#12413=SURFACE_STYLE_FILL_AREA(#12984);
#12414=SURFACE_STYLE_FILL_AREA(#12985);
#12415=SURFACE_STYLE_FILL_AREA(#12986);
#12416=SURFACE_STYLE_FILL_AREA(#12987);
#12417=SURFACE_STYLE_FILL_AREA(#12988);
#12418=SURFACE_STYLE_FILL_AREA(#12989);
#12419=SURFACE_STYLE_FILL_AREA(#12990);
#12420=SURFACE_STYLE_FILL_AREA(#12991);
#12421=SURFACE_STYLE_FILL_AREA(#12992);
#12422=SURFACE_STYLE_FILL_AREA(#12993);
#12423=SURFACE_STYLE_FILL_AREA(#12994);
#12424=SURFACE_STYLE_FILL_AREA(#12995);
#12425=SURFACE_STYLE_FILL_AREA(#12996);
#12426=SURFACE_STYLE_FILL_AREA(#12997);
#12427=SURFACE_STYLE_FILL_AREA(#12998);
#12428=SURFACE_STYLE_FILL_AREA(#12999);
#12429=SURFACE_STYLE_FILL_AREA(#13000);
#12430=SURFACE_STYLE_FILL_AREA(#13001);
#12431=SURFACE_STYLE_FILL_AREA(#13002);
#12432=SURFACE_STYLE_FILL_AREA(#13003);
#12433=SURFACE_STYLE_FILL_AREA(#13004);
#12434=SURFACE_STYLE_FILL_AREA(#13005);
#12435=SURFACE_STYLE_FILL_AREA(#13006);
#12436=SURFACE_STYLE_FILL_AREA(#13007);
#12437=SURFACE_STYLE_FILL_AREA(#13008);
#12438=SURFACE_STYLE_FILL_AREA(#13009);
#12439=SURFACE_STYLE_FILL_AREA(#13010);
#12440=SURFACE_STYLE_FILL_AREA(#13011);
#12441=SURFACE_STYLE_FILL_AREA(#13012);
#12442=SURFACE_STYLE_FILL_AREA(#13013);
#12443=SURFACE_STYLE_FILL_AREA(#13014);
#12444=SURFACE_STYLE_FILL_AREA(#13015);
#12445=SURFACE_STYLE_FILL_AREA(#13016);
#12446=SURFACE_STYLE_FILL_AREA(#13017);
#12447=SURFACE_STYLE_FILL_AREA(#13018);
#12448=SURFACE_STYLE_FILL_AREA(#13019);
#12449=SURFACE_STYLE_FILL_AREA(#13020);
#12450=SURFACE_STYLE_FILL_AREA(#13021);
#12451=SURFACE_STYLE_FILL_AREA(#13022);
#12452=SURFACE_STYLE_FILL_AREA(#13023);
#12453=SURFACE_STYLE_FILL_AREA(#13024);
#12454=SURFACE_STYLE_FILL_AREA(#13025);
#12455=SURFACE_STYLE_FILL_AREA(#13026);
#12456=SURFACE_STYLE_FILL_AREA(#13027);
#12457=SURFACE_STYLE_FILL_AREA(#13028);
#12458=SURFACE_STYLE_FILL_AREA(#13029);
#12459=SURFACE_STYLE_FILL_AREA(#13030);
#12460=SURFACE_STYLE_FILL_AREA(#13031);
#12461=SURFACE_STYLE_FILL_AREA(#13032);
#12462=SURFACE_STYLE_FILL_AREA(#13033);
#12463=SURFACE_STYLE_FILL_AREA(#13034);
#12464=SURFACE_STYLE_FILL_AREA(#13035);
#12465=SURFACE_STYLE_FILL_AREA(#13036);
#12466=SURFACE_STYLE_FILL_AREA(#13037);
#12467=SURFACE_STYLE_FILL_AREA(#13038);
#12468=SURFACE_STYLE_FILL_AREA(#13039);
#12469=SURFACE_STYLE_FILL_AREA(#13040);
#12470=SURFACE_STYLE_FILL_AREA(#13041);
#12471=SURFACE_STYLE_FILL_AREA(#13042);
#12472=SURFACE_STYLE_FILL_AREA(#13043);
#12473=SURFACE_STYLE_FILL_AREA(#13044);
#12474=SURFACE_STYLE_FILL_AREA(#13045);
#12475=SURFACE_STYLE_FILL_AREA(#13046);
#12476=SURFACE_STYLE_FILL_AREA(#13047);
#12477=SURFACE_STYLE_FILL_AREA(#13048);
#12478=SURFACE_STYLE_FILL_AREA(#13049);
#12479=SURFACE_STYLE_FILL_AREA(#13050);
#12480=SURFACE_STYLE_FILL_AREA(#13051);
#12481=SURFACE_STYLE_FILL_AREA(#13052);
#12482=SURFACE_STYLE_FILL_AREA(#13053);
#12483=SURFACE_STYLE_FILL_AREA(#13054);
#12484=SURFACE_STYLE_FILL_AREA(#13055);
#12485=SURFACE_STYLE_FILL_AREA(#13056);
#12486=SURFACE_STYLE_FILL_AREA(#13057);
#12487=SURFACE_STYLE_FILL_AREA(#13058);
#12488=SURFACE_STYLE_FILL_AREA(#13059);
#12489=SURFACE_STYLE_FILL_AREA(#13060);
#12490=SURFACE_STYLE_FILL_AREA(#13061);
#12491=SURFACE_STYLE_FILL_AREA(#13062);
#12492=SURFACE_STYLE_FILL_AREA(#13063);
#12493=SURFACE_STYLE_FILL_AREA(#13064);
#12494=SURFACE_STYLE_FILL_AREA(#13065);
#12495=SURFACE_STYLE_FILL_AREA(#13066);
#12496=SURFACE_STYLE_FILL_AREA(#13067);
#12497=SURFACE_STYLE_FILL_AREA(#13068);
#12498=SURFACE_STYLE_FILL_AREA(#13069);
#12499=SURFACE_STYLE_FILL_AREA(#13070);
#12500=SURFACE_STYLE_FILL_AREA(#13071);
#12501=SURFACE_STYLE_FILL_AREA(#13072);
#12502=SURFACE_STYLE_FILL_AREA(#13073);
#12503=SURFACE_STYLE_FILL_AREA(#13074);
#12504=SURFACE_STYLE_FILL_AREA(#13075);
#12505=SURFACE_STYLE_FILL_AREA(#13076);
#12506=SURFACE_STYLE_FILL_AREA(#13077);
#12507=SURFACE_STYLE_FILL_AREA(#13078);
#12508=SURFACE_STYLE_FILL_AREA(#13079);
#12509=SURFACE_STYLE_FILL_AREA(#13080);
#12510=SURFACE_STYLE_FILL_AREA(#13081);
#12511=SURFACE_STYLE_FILL_AREA(#13082);
#12512=SURFACE_STYLE_FILL_AREA(#13083);
#12513=SURFACE_STYLE_FILL_AREA(#13084);
#12514=SURFACE_STYLE_FILL_AREA(#13085);
#12515=SURFACE_STYLE_FILL_AREA(#13086);
#12516=SURFACE_STYLE_FILL_AREA(#13087);
#12517=SURFACE_STYLE_FILL_AREA(#13088);
#12518=SURFACE_STYLE_FILL_AREA(#13089);
#12519=SURFACE_STYLE_FILL_AREA(#13090);
#12520=SURFACE_STYLE_FILL_AREA(#13091);
#12521=SURFACE_STYLE_FILL_AREA(#13092);
#12522=SURFACE_STYLE_FILL_AREA(#13093);
#12523=SURFACE_STYLE_FILL_AREA(#13094);
#12524=SURFACE_STYLE_FILL_AREA(#13095);
#12525=SURFACE_STYLE_FILL_AREA(#13096);
#12526=SURFACE_STYLE_FILL_AREA(#13097);
#12527=SURFACE_STYLE_FILL_AREA(#13098);
#12528=SURFACE_STYLE_FILL_AREA(#13099);
#12529=SURFACE_STYLE_FILL_AREA(#13100);
#12530=SURFACE_STYLE_FILL_AREA(#13101);
#12531=SURFACE_STYLE_FILL_AREA(#13102);
#12532=SURFACE_STYLE_FILL_AREA(#13103);
#12533=FILL_AREA_STYLE('',(#13104));
#12534=FILL_AREA_STYLE('',(#13105));
#12535=FILL_AREA_STYLE('',(#13106));
#12536=FILL_AREA_STYLE('',(#13107));
#12537=FILL_AREA_STYLE('',(#13108));
#12538=FILL_AREA_STYLE('',(#13109));
#12539=FILL_AREA_STYLE('',(#13110));
#12540=FILL_AREA_STYLE('',(#13111));
#12541=FILL_AREA_STYLE('',(#13112));
#12542=FILL_AREA_STYLE('',(#13113));
#12543=FILL_AREA_STYLE('',(#13114));
#12544=FILL_AREA_STYLE('',(#13115));
#12545=FILL_AREA_STYLE('',(#13116));
#12546=FILL_AREA_STYLE('',(#13117));
#12547=FILL_AREA_STYLE('',(#13118));
#12548=FILL_AREA_STYLE('',(#13119));
#12549=FILL_AREA_STYLE('',(#13120));
#12550=FILL_AREA_STYLE('',(#13121));
#12551=FILL_AREA_STYLE('',(#13122));
#12552=FILL_AREA_STYLE('',(#13123));
#12553=FILL_AREA_STYLE('',(#13124));
#12554=FILL_AREA_STYLE('',(#13125));
#12555=FILL_AREA_STYLE('',(#13126));
#12556=FILL_AREA_STYLE('',(#13127));
#12557=FILL_AREA_STYLE('',(#13128));
#12558=FILL_AREA_STYLE('',(#13129));
#12559=FILL_AREA_STYLE('',(#13130));
#12560=FILL_AREA_STYLE('',(#13131));
#12561=FILL_AREA_STYLE('',(#13132));
#12562=FILL_AREA_STYLE('',(#13133));
#12563=FILL_AREA_STYLE('',(#13134));
#12564=FILL_AREA_STYLE('',(#13135));
#12565=FILL_AREA_STYLE('',(#13136));
#12566=FILL_AREA_STYLE('',(#13137));
#12567=FILL_AREA_STYLE('',(#13138));
#12568=FILL_AREA_STYLE('',(#13139));
#12569=FILL_AREA_STYLE('',(#13140));
#12570=FILL_AREA_STYLE('',(#13141));
#12571=FILL_AREA_STYLE('',(#13142));
#12572=FILL_AREA_STYLE('',(#13143));
#12573=FILL_AREA_STYLE('',(#13144));
#12574=FILL_AREA_STYLE('',(#13145));
#12575=FILL_AREA_STYLE('',(#13146));
#12576=FILL_AREA_STYLE('',(#13147));
#12577=FILL_AREA_STYLE('',(#13148));
#12578=FILL_AREA_STYLE('',(#13149));
#12579=FILL_AREA_STYLE('',(#13150));
#12580=FILL_AREA_STYLE('',(#13151));
#12581=FILL_AREA_STYLE('',(#13152));
#12582=FILL_AREA_STYLE('',(#13153));
#12583=FILL_AREA_STYLE('',(#13154));
#12584=FILL_AREA_STYLE('',(#13155));
#12585=FILL_AREA_STYLE('',(#13156));
#12586=FILL_AREA_STYLE('',(#13157));
#12587=FILL_AREA_STYLE('',(#13158));
#12588=FILL_AREA_STYLE('',(#13159));
#12589=FILL_AREA_STYLE('',(#13160));
#12590=FILL_AREA_STYLE('',(#13161));
#12591=FILL_AREA_STYLE('',(#13162));
#12592=FILL_AREA_STYLE('',(#13163));
#12593=FILL_AREA_STYLE('',(#13164));
#12594=FILL_AREA_STYLE('',(#13165));
#12595=FILL_AREA_STYLE('',(#13166));
#12596=FILL_AREA_STYLE('',(#13167));
#12597=FILL_AREA_STYLE('',(#13168));
#12598=FILL_AREA_STYLE('',(#13169));
#12599=FILL_AREA_STYLE('',(#13170));
#12600=FILL_AREA_STYLE('',(#13171));
#12601=FILL_AREA_STYLE('',(#13172));
#12602=FILL_AREA_STYLE('',(#13173));
#12603=FILL_AREA_STYLE('',(#13174));
#12604=FILL_AREA_STYLE('',(#13175));
#12605=FILL_AREA_STYLE('',(#13176));
#12606=FILL_AREA_STYLE('',(#13177));
#12607=FILL_AREA_STYLE('',(#13178));
#12608=FILL_AREA_STYLE('',(#13179));
#12609=FILL_AREA_STYLE('',(#13180));
#12610=FILL_AREA_STYLE('',(#13181));
#12611=FILL_AREA_STYLE('',(#13182));
#12612=FILL_AREA_STYLE('',(#13183));
#12613=FILL_AREA_STYLE('',(#13184));
#12614=FILL_AREA_STYLE('',(#13185));
#12615=FILL_AREA_STYLE('',(#13186));
#12616=FILL_AREA_STYLE('',(#13187));
#12617=FILL_AREA_STYLE('',(#13188));
#12618=FILL_AREA_STYLE('',(#13189));
#12619=FILL_AREA_STYLE('',(#13190));
#12620=FILL_AREA_STYLE('',(#13191));
#12621=FILL_AREA_STYLE('',(#13192));
#12622=FILL_AREA_STYLE('',(#13193));
#12623=FILL_AREA_STYLE('',(#13194));
#12624=FILL_AREA_STYLE('',(#13195));
#12625=FILL_AREA_STYLE('',(#13196));
#12626=FILL_AREA_STYLE('',(#13197));
#12627=FILL_AREA_STYLE('',(#13198));
#12628=FILL_AREA_STYLE('',(#13199));
#12629=FILL_AREA_STYLE('',(#13200));
#12630=FILL_AREA_STYLE('',(#13201));
#12631=FILL_AREA_STYLE('',(#13202));
#12632=FILL_AREA_STYLE('',(#13203));
#12633=FILL_AREA_STYLE('',(#13204));
#12634=FILL_AREA_STYLE('',(#13205));
#12635=FILL_AREA_STYLE('',(#13206));
#12636=FILL_AREA_STYLE('',(#13207));
#12637=FILL_AREA_STYLE('',(#13208));
#12638=FILL_AREA_STYLE('',(#13209));
#12639=FILL_AREA_STYLE('',(#13210));
#12640=FILL_AREA_STYLE('',(#13211));
#12641=FILL_AREA_STYLE('',(#13212));
#12642=FILL_AREA_STYLE('',(#13213));
#12643=FILL_AREA_STYLE('',(#13214));
#12644=FILL_AREA_STYLE('',(#13215));
#12645=FILL_AREA_STYLE('',(#13216));
#12646=FILL_AREA_STYLE('',(#13217));
#12647=FILL_AREA_STYLE('',(#13218));
#12648=FILL_AREA_STYLE('',(#13219));
#12649=FILL_AREA_STYLE('',(#13220));
#12650=FILL_AREA_STYLE('',(#13221));
#12651=FILL_AREA_STYLE('',(#13222));
#12652=FILL_AREA_STYLE('',(#13223));
#12653=FILL_AREA_STYLE('',(#13224));
#12654=FILL_AREA_STYLE('',(#13225));
#12655=FILL_AREA_STYLE('',(#13226));
#12656=FILL_AREA_STYLE('',(#13227));
#12657=FILL_AREA_STYLE('',(#13228));
#12658=FILL_AREA_STYLE('',(#13229));
#12659=FILL_AREA_STYLE('',(#13230));
#12660=FILL_AREA_STYLE('',(#13231));
#12661=FILL_AREA_STYLE('',(#13232));
#12662=FILL_AREA_STYLE('',(#13233));
#12663=FILL_AREA_STYLE('',(#13234));
#12664=FILL_AREA_STYLE('',(#13235));
#12665=FILL_AREA_STYLE('',(#13236));
#12666=FILL_AREA_STYLE('',(#13237));
#12667=FILL_AREA_STYLE('',(#13238));
#12668=FILL_AREA_STYLE('',(#13239));
#12669=FILL_AREA_STYLE('',(#13240));
#12670=FILL_AREA_STYLE('',(#13241));
#12671=FILL_AREA_STYLE('',(#13242));
#12672=FILL_AREA_STYLE('',(#13243));
#12673=FILL_AREA_STYLE('',(#13244));
#12674=FILL_AREA_STYLE('',(#13245));
#12675=FILL_AREA_STYLE('',(#13246));
#12676=FILL_AREA_STYLE('',(#13247));
#12677=FILL_AREA_STYLE('',(#13248));
#12678=FILL_AREA_STYLE('',(#13249));
#12679=FILL_AREA_STYLE('',(#13250));
#12680=FILL_AREA_STYLE('',(#13251));
#12681=FILL_AREA_STYLE('',(#13252));
#12682=FILL_AREA_STYLE('',(#13253));
#12683=FILL_AREA_STYLE('',(#13254));
#12684=FILL_AREA_STYLE('',(#13255));
#12685=FILL_AREA_STYLE('',(#13256));
#12686=FILL_AREA_STYLE('',(#13257));
#12687=FILL_AREA_STYLE('',(#13258));
#12688=FILL_AREA_STYLE('',(#13259));
#12689=FILL_AREA_STYLE('',(#13260));
#12690=FILL_AREA_STYLE('',(#13261));
#12691=FILL_AREA_STYLE('',(#13262));
#12692=FILL_AREA_STYLE('',(#13263));
#12693=FILL_AREA_STYLE('',(#13264));
#12694=FILL_AREA_STYLE('',(#13265));
#12695=FILL_AREA_STYLE('',(#13266));
#12696=FILL_AREA_STYLE('',(#13267));
#12697=FILL_AREA_STYLE('',(#13268));
#12698=FILL_AREA_STYLE('',(#13269));
#12699=FILL_AREA_STYLE('',(#13270));
#12700=FILL_AREA_STYLE('',(#13271));
#12701=FILL_AREA_STYLE('',(#13272));
#12702=FILL_AREA_STYLE('',(#13273));
#12703=FILL_AREA_STYLE('',(#13274));
#12704=FILL_AREA_STYLE('',(#13275));
#12705=FILL_AREA_STYLE('',(#13276));
#12706=FILL_AREA_STYLE('',(#13277));
#12707=FILL_AREA_STYLE('',(#13278));
#12708=FILL_AREA_STYLE('',(#13279));
#12709=FILL_AREA_STYLE('',(#13280));
#12710=FILL_AREA_STYLE('',(#13281));
#12711=FILL_AREA_STYLE('',(#13282));
#12712=FILL_AREA_STYLE('',(#13283));
#12713=FILL_AREA_STYLE('',(#13284));
#12714=FILL_AREA_STYLE('',(#13285));
#12715=FILL_AREA_STYLE('',(#13286));
#12716=FILL_AREA_STYLE('',(#13287));
#12717=FILL_AREA_STYLE('',(#13288));
#12718=FILL_AREA_STYLE('',(#13289));
#12719=FILL_AREA_STYLE('',(#13290));
#12720=FILL_AREA_STYLE('',(#13291));
#12721=FILL_AREA_STYLE('',(#13292));
#12722=FILL_AREA_STYLE('',(#13293));
#12723=FILL_AREA_STYLE('',(#13294));
#12724=FILL_AREA_STYLE('',(#13295));
#12725=FILL_AREA_STYLE('',(#13296));
#12726=FILL_AREA_STYLE('',(#13297));
#12727=FILL_AREA_STYLE('',(#13298));
#12728=FILL_AREA_STYLE('',(#13299));
#12729=FILL_AREA_STYLE('',(#13300));
#12730=FILL_AREA_STYLE('',(#13301));
#12731=FILL_AREA_STYLE('',(#13302));
#12732=FILL_AREA_STYLE('',(#13303));
#12733=FILL_AREA_STYLE('',(#13304));
#12734=FILL_AREA_STYLE('',(#13305));
#12735=FILL_AREA_STYLE('',(#13306));
#12736=FILL_AREA_STYLE('',(#13307));
#12737=FILL_AREA_STYLE('',(#13308));
#12738=FILL_AREA_STYLE('',(#13309));
#12739=FILL_AREA_STYLE('',(#13310));
#12740=FILL_AREA_STYLE('',(#13311));
#12741=FILL_AREA_STYLE('',(#13312));
#12742=FILL_AREA_STYLE('',(#13313));
#12743=FILL_AREA_STYLE('',(#13314));
#12744=FILL_AREA_STYLE('',(#13315));
#12745=FILL_AREA_STYLE('',(#13316));
#12746=FILL_AREA_STYLE('',(#13317));
#12747=FILL_AREA_STYLE('',(#13318));
#12748=FILL_AREA_STYLE('',(#13319));
#12749=FILL_AREA_STYLE('',(#13320));
#12750=FILL_AREA_STYLE('',(#13321));
#12751=FILL_AREA_STYLE('',(#13322));
#12752=FILL_AREA_STYLE('',(#13323));
#12753=FILL_AREA_STYLE('',(#13324));
#12754=FILL_AREA_STYLE('',(#13325));
#12755=FILL_AREA_STYLE('',(#13326));
#12756=FILL_AREA_STYLE('',(#13327));
#12757=FILL_AREA_STYLE('',(#13328));
#12758=FILL_AREA_STYLE('',(#13329));
#12759=FILL_AREA_STYLE('',(#13330));
#12760=FILL_AREA_STYLE('',(#13331));
#12761=FILL_AREA_STYLE('',(#13332));
#12762=FILL_AREA_STYLE('',(#13333));
#12763=FILL_AREA_STYLE('',(#13334));
#12764=FILL_AREA_STYLE('',(#13335));
#12765=FILL_AREA_STYLE('',(#13336));
#12766=FILL_AREA_STYLE('',(#13337));
#12767=FILL_AREA_STYLE('',(#13338));
#12768=FILL_AREA_STYLE('',(#13339));
#12769=FILL_AREA_STYLE('',(#13340));
#12770=FILL_AREA_STYLE('',(#13341));
#12771=FILL_AREA_STYLE('',(#13342));
#12772=FILL_AREA_STYLE('',(#13343));
#12773=FILL_AREA_STYLE('',(#13344));
#12774=FILL_AREA_STYLE('',(#13345));
#12775=FILL_AREA_STYLE('',(#13346));
#12776=FILL_AREA_STYLE('',(#13347));
#12777=FILL_AREA_STYLE('',(#13348));
#12778=FILL_AREA_STYLE('',(#13349));
#12779=FILL_AREA_STYLE('',(#13350));
#12780=FILL_AREA_STYLE('',(#13351));
#12781=FILL_AREA_STYLE('',(#13352));
#12782=FILL_AREA_STYLE('',(#13353));
#12783=FILL_AREA_STYLE('',(#13354));
#12784=FILL_AREA_STYLE('',(#13355));
#12785=FILL_AREA_STYLE('',(#13356));
#12786=FILL_AREA_STYLE('',(#13357));
#12787=FILL_AREA_STYLE('',(#13358));
#12788=FILL_AREA_STYLE('',(#13359));
#12789=FILL_AREA_STYLE('',(#13360));
#12790=FILL_AREA_STYLE('',(#13361));
#12791=FILL_AREA_STYLE('',(#13362));
#12792=FILL_AREA_STYLE('',(#13363));
#12793=FILL_AREA_STYLE('',(#13364));
#12794=FILL_AREA_STYLE('',(#13365));
#12795=FILL_AREA_STYLE('',(#13366));
#12796=FILL_AREA_STYLE('',(#13367));
#12797=FILL_AREA_STYLE('',(#13368));
#12798=FILL_AREA_STYLE('',(#13369));
#12799=FILL_AREA_STYLE('',(#13370));
#12800=FILL_AREA_STYLE('',(#13371));
#12801=FILL_AREA_STYLE('',(#13372));
#12802=FILL_AREA_STYLE('',(#13373));
#12803=FILL_AREA_STYLE('',(#13374));
#12804=FILL_AREA_STYLE('',(#13375));
#12805=FILL_AREA_STYLE('',(#13376));
#12806=FILL_AREA_STYLE('',(#13377));
#12807=FILL_AREA_STYLE('',(#13378));
#12808=FILL_AREA_STYLE('',(#13379));
#12809=FILL_AREA_STYLE('',(#13380));
#12810=FILL_AREA_STYLE('',(#13381));
#12811=FILL_AREA_STYLE('',(#13382));
#12812=FILL_AREA_STYLE('',(#13383));
#12813=FILL_AREA_STYLE('',(#13384));
#12814=FILL_AREA_STYLE('',(#13385));
#12815=FILL_AREA_STYLE('',(#13386));
#12816=FILL_AREA_STYLE('',(#13387));
#12817=FILL_AREA_STYLE('',(#13388));
#12818=FILL_AREA_STYLE('',(#13389));
#12819=FILL_AREA_STYLE('',(#13390));
#12820=FILL_AREA_STYLE('',(#13391));
#12821=FILL_AREA_STYLE('',(#13392));
#12822=FILL_AREA_STYLE('',(#13393));
#12823=FILL_AREA_STYLE('',(#13394));
#12824=FILL_AREA_STYLE('',(#13395));
#12825=FILL_AREA_STYLE('',(#13396));
#12826=FILL_AREA_STYLE('',(#13397));
#12827=FILL_AREA_STYLE('',(#13398));
#12828=FILL_AREA_STYLE('',(#13399));
#12829=FILL_AREA_STYLE('',(#13400));
#12830=FILL_AREA_STYLE('',(#13401));
#12831=FILL_AREA_STYLE('',(#13402));
#12832=FILL_AREA_STYLE('',(#13403));
#12833=FILL_AREA_STYLE('',(#13404));
#12834=FILL_AREA_STYLE('',(#13405));
#12835=FILL_AREA_STYLE('',(#13406));
#12836=FILL_AREA_STYLE('',(#13407));
#12837=FILL_AREA_STYLE('',(#13408));
#12838=FILL_AREA_STYLE('',(#13409));
#12839=FILL_AREA_STYLE('',(#13410));
#12840=FILL_AREA_STYLE('',(#13411));
#12841=FILL_AREA_STYLE('',(#13412));
#12842=FILL_AREA_STYLE('',(#13413));
#12843=FILL_AREA_STYLE('',(#13414));
#12844=FILL_AREA_STYLE('',(#13415));
#12845=FILL_AREA_STYLE('',(#13416));
#12846=FILL_AREA_STYLE('',(#13417));
#12847=FILL_AREA_STYLE('',(#13418));
#12848=FILL_AREA_STYLE('',(#13419));
#12849=FILL_AREA_STYLE('',(#13420));
#12850=FILL_AREA_STYLE('',(#13421));
#12851=FILL_AREA_STYLE('',(#13422));
#12852=FILL_AREA_STYLE('',(#13423));
#12853=FILL_AREA_STYLE('',(#13424));
#12854=FILL_AREA_STYLE('',(#13425));
#12855=FILL_AREA_STYLE('',(#13426));
#12856=FILL_AREA_STYLE('',(#13427));
#12857=FILL_AREA_STYLE('',(#13428));
#12858=FILL_AREA_STYLE('',(#13429));
#12859=FILL_AREA_STYLE('',(#13430));
#12860=FILL_AREA_STYLE('',(#13431));
#12861=FILL_AREA_STYLE('',(#13432));
#12862=FILL_AREA_STYLE('',(#13433));
#12863=FILL_AREA_STYLE('',(#13434));
#12864=FILL_AREA_STYLE('',(#13435));
#12865=FILL_AREA_STYLE('',(#13436));
#12866=FILL_AREA_STYLE('',(#13437));
#12867=FILL_AREA_STYLE('',(#13438));
#12868=FILL_AREA_STYLE('',(#13439));
#12869=FILL_AREA_STYLE('',(#13440));
#12870=FILL_AREA_STYLE('',(#13441));
#12871=FILL_AREA_STYLE('',(#13442));
#12872=FILL_AREA_STYLE('',(#13443));
#12873=FILL_AREA_STYLE('',(#13444));
#12874=FILL_AREA_STYLE('',(#13445));
#12875=FILL_AREA_STYLE('',(#13446));
#12876=FILL_AREA_STYLE('',(#13447));
#12877=FILL_AREA_STYLE('',(#13448));
#12878=FILL_AREA_STYLE('',(#13449));
#12879=FILL_AREA_STYLE('',(#13450));
#12880=FILL_AREA_STYLE('',(#13451));
#12881=FILL_AREA_STYLE('',(#13452));
#12882=FILL_AREA_STYLE('',(#13453));
#12883=FILL_AREA_STYLE('',(#13454));
#12884=FILL_AREA_STYLE('',(#13455));
#12885=FILL_AREA_STYLE('',(#13456));
#12886=FILL_AREA_STYLE('',(#13457));
#12887=FILL_AREA_STYLE('',(#13458));
#12888=FILL_AREA_STYLE('',(#13459));
#12889=FILL_AREA_STYLE('',(#13460));
#12890=FILL_AREA_STYLE('',(#13461));
#12891=FILL_AREA_STYLE('',(#13462));
#12892=FILL_AREA_STYLE('',(#13463));
#12893=FILL_AREA_STYLE('',(#13464));
#12894=FILL_AREA_STYLE('',(#13465));
#12895=FILL_AREA_STYLE('',(#13466));
#12896=FILL_AREA_STYLE('',(#13467));
#12897=FILL_AREA_STYLE('',(#13468));
#12898=FILL_AREA_STYLE('',(#13469));
#12899=FILL_AREA_STYLE('',(#13470));
#12900=FILL_AREA_STYLE('',(#13471));
#12901=FILL_AREA_STYLE('',(#13472));
#12902=FILL_AREA_STYLE('',(#13473));
#12903=FILL_AREA_STYLE('',(#13474));
#12904=FILL_AREA_STYLE('',(#13475));
#12905=FILL_AREA_STYLE('',(#13476));
#12906=FILL_AREA_STYLE('',(#13477));
#12907=FILL_AREA_STYLE('',(#13478));
#12908=FILL_AREA_STYLE('',(#13479));
#12909=FILL_AREA_STYLE('',(#13480));
#12910=FILL_AREA_STYLE('',(#13481));
#12911=FILL_AREA_STYLE('',(#13482));
#12912=FILL_AREA_STYLE('',(#13483));
#12913=FILL_AREA_STYLE('',(#13484));
#12914=FILL_AREA_STYLE('',(#13485));
#12915=FILL_AREA_STYLE('',(#13486));
#12916=FILL_AREA_STYLE('',(#13487));
#12917=FILL_AREA_STYLE('',(#13488));
#12918=FILL_AREA_STYLE('',(#13489));
#12919=FILL_AREA_STYLE('',(#13490));
#12920=FILL_AREA_STYLE('',(#13491));
#12921=FILL_AREA_STYLE('',(#13492));
#12922=FILL_AREA_STYLE('',(#13493));
#12923=FILL_AREA_STYLE('',(#13494));
#12924=FILL_AREA_STYLE('',(#13495));
#12925=FILL_AREA_STYLE('',(#13496));
#12926=FILL_AREA_STYLE('',(#13497));
#12927=FILL_AREA_STYLE('',(#13498));
#12928=FILL_AREA_STYLE('',(#13499));
#12929=FILL_AREA_STYLE('',(#13500));
#12930=FILL_AREA_STYLE('',(#13501));
#12931=FILL_AREA_STYLE('',(#13502));
#12932=FILL_AREA_STYLE('',(#13503));
#12933=FILL_AREA_STYLE('',(#13504));
#12934=FILL_AREA_STYLE('',(#13505));
#12935=FILL_AREA_STYLE('',(#13506));
#12936=FILL_AREA_STYLE('',(#13507));
#12937=FILL_AREA_STYLE('',(#13508));
#12938=FILL_AREA_STYLE('',(#13509));
#12939=FILL_AREA_STYLE('',(#13510));
#12940=FILL_AREA_STYLE('',(#13511));
#12941=FILL_AREA_STYLE('',(#13512));
#12942=FILL_AREA_STYLE('',(#13513));
#12943=FILL_AREA_STYLE('',(#13514));
#12944=FILL_AREA_STYLE('',(#13515));
#12945=FILL_AREA_STYLE('',(#13516));
#12946=FILL_AREA_STYLE('',(#13517));
#12947=FILL_AREA_STYLE('',(#13518));
#12948=FILL_AREA_STYLE('',(#13519));
#12949=FILL_AREA_STYLE('',(#13520));
#12950=FILL_AREA_STYLE('',(#13521));
#12951=FILL_AREA_STYLE('',(#13522));
#12952=FILL_AREA_STYLE('',(#13523));
#12953=FILL_AREA_STYLE('',(#13524));
#12954=FILL_AREA_STYLE('',(#13525));
#12955=FILL_AREA_STYLE('',(#13526));
#12956=FILL_AREA_STYLE('',(#13527));
#12957=FILL_AREA_STYLE('',(#13528));
#12958=FILL_AREA_STYLE('',(#13529));
#12959=FILL_AREA_STYLE('',(#13530));
#12960=FILL_AREA_STYLE('',(#13531));
#12961=FILL_AREA_STYLE('',(#13532));
#12962=FILL_AREA_STYLE('',(#13533));
#12963=FILL_AREA_STYLE('',(#13534));
#12964=FILL_AREA_STYLE('',(#13535));
#12965=FILL_AREA_STYLE('',(#13536));
#12966=FILL_AREA_STYLE('',(#13537));
#12967=FILL_AREA_STYLE('',(#13538));
#12968=FILL_AREA_STYLE('',(#13539));
#12969=FILL_AREA_STYLE('',(#13540));
#12970=FILL_AREA_STYLE('',(#13541));
#12971=FILL_AREA_STYLE('',(#13542));
#12972=FILL_AREA_STYLE('',(#13543));
#12973=FILL_AREA_STYLE('',(#13544));
#12974=FILL_AREA_STYLE('',(#13545));
#12975=FILL_AREA_STYLE('',(#13546));
#12976=FILL_AREA_STYLE('',(#13547));
#12977=FILL_AREA_STYLE('',(#13548));
#12978=FILL_AREA_STYLE('',(#13549));
#12979=FILL_AREA_STYLE('',(#13550));
#12980=FILL_AREA_STYLE('',(#13551));
#12981=FILL_AREA_STYLE('',(#13552));
#12982=FILL_AREA_STYLE('',(#13553));
#12983=FILL_AREA_STYLE('',(#13554));
#12984=FILL_AREA_STYLE('',(#13555));
#12985=FILL_AREA_STYLE('',(#13556));
#12986=FILL_AREA_STYLE('',(#13557));
#12987=FILL_AREA_STYLE('',(#13558));
#12988=FILL_AREA_STYLE('',(#13559));
#12989=FILL_AREA_STYLE('',(#13560));
#12990=FILL_AREA_STYLE('',(#13561));
#12991=FILL_AREA_STYLE('',(#13562));
#12992=FILL_AREA_STYLE('',(#13563));
#12993=FILL_AREA_STYLE('',(#13564));
#12994=FILL_AREA_STYLE('',(#13565));
#12995=FILL_AREA_STYLE('',(#13566));
#12996=FILL_AREA_STYLE('',(#13567));
#12997=FILL_AREA_STYLE('',(#13568));
#12998=FILL_AREA_STYLE('',(#13569));
#12999=FILL_AREA_STYLE('',(#13570));
#13000=FILL_AREA_STYLE('',(#13571));
#13001=FILL_AREA_STYLE('',(#13572));
#13002=FILL_AREA_STYLE('',(#13573));
#13003=FILL_AREA_STYLE('',(#13574));
#13004=FILL_AREA_STYLE('',(#13575));
#13005=FILL_AREA_STYLE('',(#13576));
#13006=FILL_AREA_STYLE('',(#13577));
#13007=FILL_AREA_STYLE('',(#13578));
#13008=FILL_AREA_STYLE('',(#13579));
#13009=FILL_AREA_STYLE('',(#13580));
#13010=FILL_AREA_STYLE('',(#13581));
#13011=FILL_AREA_STYLE('',(#13582));
#13012=FILL_AREA_STYLE('',(#13583));
#13013=FILL_AREA_STYLE('',(#13584));
#13014=FILL_AREA_STYLE('',(#13585));
#13015=FILL_AREA_STYLE('',(#13586));
#13016=FILL_AREA_STYLE('',(#13587));
#13017=FILL_AREA_STYLE('',(#13588));
#13018=FILL_AREA_STYLE('',(#13589));
#13019=FILL_AREA_STYLE('',(#13590));
#13020=FILL_AREA_STYLE('',(#13591));
#13021=FILL_AREA_STYLE('',(#13592));
#13022=FILL_AREA_STYLE('',(#13593));
#13023=FILL_AREA_STYLE('',(#13594));
#13024=FILL_AREA_STYLE('',(#13595));
#13025=FILL_AREA_STYLE('',(#13596));
#13026=FILL_AREA_STYLE('',(#13597));
#13027=FILL_AREA_STYLE('',(#13598));
#13028=FILL_AREA_STYLE('',(#13599));
#13029=FILL_AREA_STYLE('',(#13600));
#13030=FILL_AREA_STYLE('',(#13601));
#13031=FILL_AREA_STYLE('',(#13602));
#13032=FILL_AREA_STYLE('',(#13603));
#13033=FILL_AREA_STYLE('',(#13604));
#13034=FILL_AREA_STYLE('',(#13605));
#13035=FILL_AREA_STYLE('',(#13606));
#13036=FILL_AREA_STYLE('',(#13607));
#13037=FILL_AREA_STYLE('',(#13608));
#13038=FILL_AREA_STYLE('',(#13609));
#13039=FILL_AREA_STYLE('',(#13610));
#13040=FILL_AREA_STYLE('',(#13611));
#13041=FILL_AREA_STYLE('',(#13612));
#13042=FILL_AREA_STYLE('',(#13613));
#13043=FILL_AREA_STYLE('',(#13614));
#13044=FILL_AREA_STYLE('',(#13615));
#13045=FILL_AREA_STYLE('',(#13616));
#13046=FILL_AREA_STYLE('',(#13617));
#13047=FILL_AREA_STYLE('',(#13618));
#13048=FILL_AREA_STYLE('',(#13619));
#13049=FILL_AREA_STYLE('',(#13620));
#13050=FILL_AREA_STYLE('',(#13621));
#13051=FILL_AREA_STYLE('',(#13622));
#13052=FILL_AREA_STYLE('',(#13623));
#13053=FILL_AREA_STYLE('',(#13624));
#13054=FILL_AREA_STYLE('',(#13625));
#13055=FILL_AREA_STYLE('',(#13626));
#13056=FILL_AREA_STYLE('',(#13627));
#13057=FILL_AREA_STYLE('',(#13628));
#13058=FILL_AREA_STYLE('',(#13629));
#13059=FILL_AREA_STYLE('',(#13630));
#13060=FILL_AREA_STYLE('',(#13631));
#13061=FILL_AREA_STYLE('',(#13632));
#13062=FILL_AREA_STYLE('',(#13633));
#13063=FILL_AREA_STYLE('',(#13634));
#13064=FILL_AREA_STYLE('',(#13635));
#13065=FILL_AREA_STYLE('',(#13636));
#13066=FILL_AREA_STYLE('',(#13637));
#13067=FILL_AREA_STYLE('',(#13638));
#13068=FILL_AREA_STYLE('',(#13639));
#13069=FILL_AREA_STYLE('',(#13640));
#13070=FILL_AREA_STYLE('',(#13641));
#13071=FILL_AREA_STYLE('',(#13642));
#13072=FILL_AREA_STYLE('',(#13643));
#13073=FILL_AREA_STYLE('',(#13644));
#13074=FILL_AREA_STYLE('',(#13645));
#13075=FILL_AREA_STYLE('',(#13646));
#13076=FILL_AREA_STYLE('',(#13647));
#13077=FILL_AREA_STYLE('',(#13648));
#13078=FILL_AREA_STYLE('',(#13649));
#13079=FILL_AREA_STYLE('',(#13650));
#13080=FILL_AREA_STYLE('',(#13651));
#13081=FILL_AREA_STYLE('',(#13652));
#13082=FILL_AREA_STYLE('',(#13653));
#13083=FILL_AREA_STYLE('',(#13654));
#13084=FILL_AREA_STYLE('',(#13655));
#13085=FILL_AREA_STYLE('',(#13656));
#13086=FILL_AREA_STYLE('',(#13657));
#13087=FILL_AREA_STYLE('',(#13658));
#13088=FILL_AREA_STYLE('',(#13659));
#13089=FILL_AREA_STYLE('',(#13660));
#13090=FILL_AREA_STYLE('',(#13661));
#13091=FILL_AREA_STYLE('',(#13662));
#13092=FILL_AREA_STYLE('',(#13663));
#13093=FILL_AREA_STYLE('',(#13664));
#13094=FILL_AREA_STYLE('',(#13665));
#13095=FILL_AREA_STYLE('',(#13666));
#13096=FILL_AREA_STYLE('',(#13667));
#13097=FILL_AREA_STYLE('',(#13668));
#13098=FILL_AREA_STYLE('',(#13669));
#13099=FILL_AREA_STYLE('',(#13670));
#13100=FILL_AREA_STYLE('',(#13671));
#13101=FILL_AREA_STYLE('',(#13672));
#13102=FILL_AREA_STYLE('',(#13673));
#13103=FILL_AREA_STYLE('',(#13674));
#13104=FILL_AREA_STYLE_COLOUR('',#13675);
#13105=FILL_AREA_STYLE_COLOUR('',#13676);
#13106=FILL_AREA_STYLE_COLOUR('',#13676);
#13107=FILL_AREA_STYLE_COLOUR('',#13676);
#13108=FILL_AREA_STYLE_COLOUR('',#13676);
#13109=FILL_AREA_STYLE_COLOUR('',#13676);
#13110=FILL_AREA_STYLE_COLOUR('',#13676);
#13111=FILL_AREA_STYLE_COLOUR('',#13676);
#13112=FILL_AREA_STYLE_COLOUR('',#13676);
#13113=FILL_AREA_STYLE_COLOUR('',#13676);
#13114=FILL_AREA_STYLE_COLOUR('',#13676);
#13115=FILL_AREA_STYLE_COLOUR('',#13676);
#13116=FILL_AREA_STYLE_COLOUR('',#13676);
#13117=FILL_AREA_STYLE_COLOUR('',#13676);
#13118=FILL_AREA_STYLE_COLOUR('',#13676);
#13119=FILL_AREA_STYLE_COLOUR('',#13676);
#13120=FILL_AREA_STYLE_COLOUR('',#13676);
#13121=FILL_AREA_STYLE_COLOUR('',#13676);
#13122=FILL_AREA_STYLE_COLOUR('',#13676);
#13123=FILL_AREA_STYLE_COLOUR('',#13676);
#13124=FILL_AREA_STYLE_COLOUR('',#13676);
#13125=FILL_AREA_STYLE_COLOUR('',#13676);
#13126=FILL_AREA_STYLE_COLOUR('',#13676);
#13127=FILL_AREA_STYLE_COLOUR('',#13676);
#13128=FILL_AREA_STYLE_COLOUR('',#13676);
#13129=FILL_AREA_STYLE_COLOUR('',#13676);
#13130=FILL_AREA_STYLE_COLOUR('',#13676);
#13131=FILL_AREA_STYLE_COLOUR('',#13676);
#13132=FILL_AREA_STYLE_COLOUR('',#13676);
#13133=FILL_AREA_STYLE_COLOUR('',#13676);
#13134=FILL_AREA_STYLE_COLOUR('',#13676);
#13135=FILL_AREA_STYLE_COLOUR('',#13675);
#13136=FILL_AREA_STYLE_COLOUR('',#13675);
#13137=FILL_AREA_STYLE_COLOUR('',#13675);
#13138=FILL_AREA_STYLE_COLOUR('',#13675);
#13139=FILL_AREA_STYLE_COLOUR('',#13675);
#13140=FILL_AREA_STYLE_COLOUR('',#13675);
#13141=FILL_AREA_STYLE_COLOUR('',#13675);
#13142=FILL_AREA_STYLE_COLOUR('',#13675);
#13143=FILL_AREA_STYLE_COLOUR('',#13675);
#13144=FILL_AREA_STYLE_COLOUR('',#13675);
#13145=FILL_AREA_STYLE_COLOUR('',#13675);
#13146=FILL_AREA_STYLE_COLOUR('',#13675);
#13147=FILL_AREA_STYLE_COLOUR('',#13675);
#13148=FILL_AREA_STYLE_COLOUR('',#13675);
#13149=FILL_AREA_STYLE_COLOUR('',#13675);
#13150=FILL_AREA_STYLE_COLOUR('',#13675);
#13151=FILL_AREA_STYLE_COLOUR('',#13675);
#13152=FILL_AREA_STYLE_COLOUR('',#13675);
#13153=FILL_AREA_STYLE_COLOUR('',#13675);
#13154=FILL_AREA_STYLE_COLOUR('',#13675);
#13155=FILL_AREA_STYLE_COLOUR('',#13675);
#13156=FILL_AREA_STYLE_COLOUR('',#13675);
#13157=FILL_AREA_STYLE_COLOUR('',#13675);
#13158=FILL_AREA_STYLE_COLOUR('',#13675);
#13159=FILL_AREA_STYLE_COLOUR('',#13675);
#13160=FILL_AREA_STYLE_COLOUR('',#13675);
#13161=FILL_AREA_STYLE_COLOUR('',#13675);
#13162=FILL_AREA_STYLE_COLOUR('',#13675);
#13163=FILL_AREA_STYLE_COLOUR('',#13675);
#13164=FILL_AREA_STYLE_COLOUR('',#13675);
#13165=FILL_AREA_STYLE_COLOUR('',#13675);
#13166=FILL_AREA_STYLE_COLOUR('',#13675);
#13167=FILL_AREA_STYLE_COLOUR('',#13675);
#13168=FILL_AREA_STYLE_COLOUR('',#13675);
#13169=FILL_AREA_STYLE_COLOUR('',#13675);
#13170=FILL_AREA_STYLE_COLOUR('',#13675);
#13171=FILL_AREA_STYLE_COLOUR('',#13675);
#13172=FILL_AREA_STYLE_COLOUR('',#13675);
#13173=FILL_AREA_STYLE_COLOUR('',#13675);
#13174=FILL_AREA_STYLE_COLOUR('',#13675);
#13175=FILL_AREA_STYLE_COLOUR('',#13675);
#13176=FILL_AREA_STYLE_COLOUR('',#13675);
#13177=FILL_AREA_STYLE_COLOUR('',#13675);
#13178=FILL_AREA_STYLE_COLOUR('',#13675);
#13179=FILL_AREA_STYLE_COLOUR('',#13675);
#13180=FILL_AREA_STYLE_COLOUR('',#13675);
#13181=FILL_AREA_STYLE_COLOUR('',#13675);
#13182=FILL_AREA_STYLE_COLOUR('',#13675);
#13183=FILL_AREA_STYLE_COLOUR('',#13675);
#13184=FILL_AREA_STYLE_COLOUR('',#13675);
#13185=FILL_AREA_STYLE_COLOUR('',#13675);
#13186=FILL_AREA_STYLE_COLOUR('',#13675);
#13187=FILL_AREA_STYLE_COLOUR('',#13675);
#13188=FILL_AREA_STYLE_COLOUR('',#13675);
#13189=FILL_AREA_STYLE_COLOUR('',#13675);
#13190=FILL_AREA_STYLE_COLOUR('',#13675);
#13191=FILL_AREA_STYLE_COLOUR('',#13675);
#13192=FILL_AREA_STYLE_COLOUR('',#13675);
#13193=FILL_AREA_STYLE_COLOUR('',#13675);
#13194=FILL_AREA_STYLE_COLOUR('',#13675);
#13195=FILL_AREA_STYLE_COLOUR('',#13675);
#13196=FILL_AREA_STYLE_COLOUR('',#13675);
#13197=FILL_AREA_STYLE_COLOUR('',#13675);
#13198=FILL_AREA_STYLE_COLOUR('',#13675);
#13199=FILL_AREA_STYLE_COLOUR('',#13675);
#13200=FILL_AREA_STYLE_COLOUR('',#13675);
#13201=FILL_AREA_STYLE_COLOUR('',#13675);
#13202=FILL_AREA_STYLE_COLOUR('',#13675);
#13203=FILL_AREA_STYLE_COLOUR('',#13675);
#13204=FILL_AREA_STYLE_COLOUR('',#13675);
#13205=FILL_AREA_STYLE_COLOUR('',#13675);
#13206=FILL_AREA_STYLE_COLOUR('',#13675);
#13207=FILL_AREA_STYLE_COLOUR('',#13675);
#13208=FILL_AREA_STYLE_COLOUR('',#13675);
#13209=FILL_AREA_STYLE_COLOUR('',#13675);
#13210=FILL_AREA_STYLE_COLOUR('',#13675);
#13211=FILL_AREA_STYLE_COLOUR('',#13675);
#13212=FILL_AREA_STYLE_COLOUR('',#13675);
#13213=FILL_AREA_STYLE_COLOUR('',#13675);
#13214=FILL_AREA_STYLE_COLOUR('',#13675);
#13215=FILL_AREA_STYLE_COLOUR('',#13675);
#13216=FILL_AREA_STYLE_COLOUR('',#13675);
#13217=FILL_AREA_STYLE_COLOUR('',#13675);
#13218=FILL_AREA_STYLE_COLOUR('',#13675);
#13219=FILL_AREA_STYLE_COLOUR('',#13675);
#13220=FILL_AREA_STYLE_COLOUR('',#13675);
#13221=FILL_AREA_STYLE_COLOUR('',#13675);
#13222=FILL_AREA_STYLE_COLOUR('',#13675);
#13223=FILL_AREA_STYLE_COLOUR('',#13675);
#13224=FILL_AREA_STYLE_COLOUR('',#13675);
#13225=FILL_AREA_STYLE_COLOUR('',#13675);
#13226=FILL_AREA_STYLE_COLOUR('',#13675);
#13227=FILL_AREA_STYLE_COLOUR('',#13675);
#13228=FILL_AREA_STYLE_COLOUR('',#13675);
#13229=FILL_AREA_STYLE_COLOUR('',#13675);
#13230=FILL_AREA_STYLE_COLOUR('',#13675);
#13231=FILL_AREA_STYLE_COLOUR('',#13675);
#13232=FILL_AREA_STYLE_COLOUR('',#13675);
#13233=FILL_AREA_STYLE_COLOUR('',#13675);
#13234=FILL_AREA_STYLE_COLOUR('',#13675);
#13235=FILL_AREA_STYLE_COLOUR('',#13675);
#13236=FILL_AREA_STYLE_COLOUR('',#13675);
#13237=FILL_AREA_STYLE_COLOUR('',#13675);
#13238=FILL_AREA_STYLE_COLOUR('',#13675);
#13239=FILL_AREA_STYLE_COLOUR('',#13675);
#13240=FILL_AREA_STYLE_COLOUR('',#13675);
#13241=FILL_AREA_STYLE_COLOUR('',#13675);
#13242=FILL_AREA_STYLE_COLOUR('',#13675);
#13243=FILL_AREA_STYLE_COLOUR('',#13675);
#13244=FILL_AREA_STYLE_COLOUR('',#13675);
#13245=FILL_AREA_STYLE_COLOUR('',#13675);
#13246=FILL_AREA_STYLE_COLOUR('',#13675);
#13247=FILL_AREA_STYLE_COLOUR('',#13675);
#13248=FILL_AREA_STYLE_COLOUR('',#13675);
#13249=FILL_AREA_STYLE_COLOUR('',#13675);
#13250=FILL_AREA_STYLE_COLOUR('',#13675);
#13251=FILL_AREA_STYLE_COLOUR('',#13675);
#13252=FILL_AREA_STYLE_COLOUR('',#13677);
#13253=FILL_AREA_STYLE_COLOUR('',#13677);
#13254=FILL_AREA_STYLE_COLOUR('',#13677);
#13255=FILL_AREA_STYLE_COLOUR('',#13677);
#13256=FILL_AREA_STYLE_COLOUR('',#13677);
#13257=FILL_AREA_STYLE_COLOUR('',#13677);
#13258=FILL_AREA_STYLE_COLOUR('',#13677);
#13259=FILL_AREA_STYLE_COLOUR('',#13677);
#13260=FILL_AREA_STYLE_COLOUR('',#13677);
#13261=FILL_AREA_STYLE_COLOUR('',#13677);
#13262=FILL_AREA_STYLE_COLOUR('',#13677);
#13263=FILL_AREA_STYLE_COLOUR('',#13677);
#13264=FILL_AREA_STYLE_COLOUR('',#13677);
#13265=FILL_AREA_STYLE_COLOUR('',#13677);
#13266=FILL_AREA_STYLE_COLOUR('',#13677);
#13267=FILL_AREA_STYLE_COLOUR('',#13677);
#13268=FILL_AREA_STYLE_COLOUR('',#13677);
#13269=FILL_AREA_STYLE_COLOUR('',#13677);
#13270=FILL_AREA_STYLE_COLOUR('',#13677);
#13271=FILL_AREA_STYLE_COLOUR('',#13677);
#13272=FILL_AREA_STYLE_COLOUR('',#13677);
#13273=FILL_AREA_STYLE_COLOUR('',#13677);
#13274=FILL_AREA_STYLE_COLOUR('',#13677);
#13275=FILL_AREA_STYLE_COLOUR('',#13677);
#13276=FILL_AREA_STYLE_COLOUR('',#13677);
#13277=FILL_AREA_STYLE_COLOUR('',#13677);
#13278=FILL_AREA_STYLE_COLOUR('',#13677);
#13279=FILL_AREA_STYLE_COLOUR('',#13677);
#13280=FILL_AREA_STYLE_COLOUR('',#13677);
#13281=FILL_AREA_STYLE_COLOUR('',#13677);
#13282=FILL_AREA_STYLE_COLOUR('',#13677);
#13283=FILL_AREA_STYLE_COLOUR('',#13677);
#13284=FILL_AREA_STYLE_COLOUR('',#13677);
#13285=FILL_AREA_STYLE_COLOUR('',#13677);
#13286=FILL_AREA_STYLE_COLOUR('',#13677);
#13287=FILL_AREA_STYLE_COLOUR('',#13677);
#13288=FILL_AREA_STYLE_COLOUR('',#13677);
#13289=FILL_AREA_STYLE_COLOUR('',#13677);
#13290=FILL_AREA_STYLE_COLOUR('',#13677);
#13291=FILL_AREA_STYLE_COLOUR('',#13677);
#13292=FILL_AREA_STYLE_COLOUR('',#13677);
#13293=FILL_AREA_STYLE_COLOUR('',#13677);
#13294=FILL_AREA_STYLE_COLOUR('',#13677);
#13295=FILL_AREA_STYLE_COLOUR('',#13677);
#13296=FILL_AREA_STYLE_COLOUR('',#13677);
#13297=FILL_AREA_STYLE_COLOUR('',#13677);
#13298=FILL_AREA_STYLE_COLOUR('',#13677);
#13299=FILL_AREA_STYLE_COLOUR('',#13677);
#13300=FILL_AREA_STYLE_COLOUR('',#13677);
#13301=FILL_AREA_STYLE_COLOUR('',#13677);
#13302=FILL_AREA_STYLE_COLOUR('',#13675);
#13303=FILL_AREA_STYLE_COLOUR('',#13675);
#13304=FILL_AREA_STYLE_COLOUR('',#13675);
#13305=FILL_AREA_STYLE_COLOUR('',#13675);
#13306=FILL_AREA_STYLE_COLOUR('',#13675);
#13307=FILL_AREA_STYLE_COLOUR('',#13675);
#13308=FILL_AREA_STYLE_COLOUR('',#13675);
#13309=FILL_AREA_STYLE_COLOUR('',#13675);
#13310=FILL_AREA_STYLE_COLOUR('',#13675);
#13311=FILL_AREA_STYLE_COLOUR('',#13675);
#13312=FILL_AREA_STYLE_COLOUR('',#13675);
#13313=FILL_AREA_STYLE_COLOUR('',#13675);
#13314=FILL_AREA_STYLE_COLOUR('',#13675);
#13315=FILL_AREA_STYLE_COLOUR('',#13675);
#13316=FILL_AREA_STYLE_COLOUR('',#13675);
#13317=FILL_AREA_STYLE_COLOUR('',#13675);
#13318=FILL_AREA_STYLE_COLOUR('',#13675);
#13319=FILL_AREA_STYLE_COLOUR('',#13675);
#13320=FILL_AREA_STYLE_COLOUR('',#13675);
#13321=FILL_AREA_STYLE_COLOUR('',#13675);
#13322=FILL_AREA_STYLE_COLOUR('',#13675);
#13323=FILL_AREA_STYLE_COLOUR('',#13675);
#13324=FILL_AREA_STYLE_COLOUR('',#13675);
#13325=FILL_AREA_STYLE_COLOUR('',#13675);
#13326=FILL_AREA_STYLE_COLOUR('',#13675);
#13327=FILL_AREA_STYLE_COLOUR('',#13675);
#13328=FILL_AREA_STYLE_COLOUR('',#13675);
#13329=FILL_AREA_STYLE_COLOUR('',#13675);
#13330=FILL_AREA_STYLE_COLOUR('',#13675);
#13331=FILL_AREA_STYLE_COLOUR('',#13675);
#13332=FILL_AREA_STYLE_COLOUR('',#13675);
#13333=FILL_AREA_STYLE_COLOUR('',#13675);
#13334=FILL_AREA_STYLE_COLOUR('',#13675);
#13335=FILL_AREA_STYLE_COLOUR('',#13675);
#13336=FILL_AREA_STYLE_COLOUR('',#13675);
#13337=FILL_AREA_STYLE_COLOUR('',#13675);
#13338=FILL_AREA_STYLE_COLOUR('',#13675);
#13339=FILL_AREA_STYLE_COLOUR('',#13675);
#13340=FILL_AREA_STYLE_COLOUR('',#13675);
#13341=FILL_AREA_STYLE_COLOUR('',#13675);
#13342=FILL_AREA_STYLE_COLOUR('',#13675);
#13343=FILL_AREA_STYLE_COLOUR('',#13675);
#13344=FILL_AREA_STYLE_COLOUR('',#13675);
#13345=FILL_AREA_STYLE_COLOUR('',#13675);
#13346=FILL_AREA_STYLE_COLOUR('',#13675);
#13347=FILL_AREA_STYLE_COLOUR('',#13675);
#13348=FILL_AREA_STYLE_COLOUR('',#13675);
#13349=FILL_AREA_STYLE_COLOUR('',#13675);
#13350=FILL_AREA_STYLE_COLOUR('',#13675);
#13351=FILL_AREA_STYLE_COLOUR('',#13675);
#13352=FILL_AREA_STYLE_COLOUR('',#13675);
#13353=FILL_AREA_STYLE_COLOUR('',#13675);
#13354=FILL_AREA_STYLE_COLOUR('',#13675);
#13355=FILL_AREA_STYLE_COLOUR('',#13675);
#13356=FILL_AREA_STYLE_COLOUR('',#13675);
#13357=FILL_AREA_STYLE_COLOUR('',#13675);
#13358=FILL_AREA_STYLE_COLOUR('',#13675);
#13359=FILL_AREA_STYLE_COLOUR('',#13675);
#13360=FILL_AREA_STYLE_COLOUR('',#13675);
#13361=FILL_AREA_STYLE_COLOUR('',#13675);
#13362=FILL_AREA_STYLE_COLOUR('',#13675);
#13363=FILL_AREA_STYLE_COLOUR('',#13675);
#13364=FILL_AREA_STYLE_COLOUR('',#13675);
#13365=FILL_AREA_STYLE_COLOUR('',#13675);
#13366=FILL_AREA_STYLE_COLOUR('',#13675);
#13367=FILL_AREA_STYLE_COLOUR('',#13675);
#13368=FILL_AREA_STYLE_COLOUR('',#13675);
#13369=FILL_AREA_STYLE_COLOUR('',#13675);
#13370=FILL_AREA_STYLE_COLOUR('',#13675);
#13371=FILL_AREA_STYLE_COLOUR('',#13675);
#13372=FILL_AREA_STYLE_COLOUR('',#13675);
#13373=FILL_AREA_STYLE_COLOUR('',#13675);
#13374=FILL_AREA_STYLE_COLOUR('',#13675);
#13375=FILL_AREA_STYLE_COLOUR('',#13675);
#13376=FILL_AREA_STYLE_COLOUR('',#13675);
#13377=FILL_AREA_STYLE_COLOUR('',#13675);
#13378=FILL_AREA_STYLE_COLOUR('',#13675);
#13379=FILL_AREA_STYLE_COLOUR('',#13675);
#13380=FILL_AREA_STYLE_COLOUR('',#13675);
#13381=FILL_AREA_STYLE_COLOUR('',#13675);
#13382=FILL_AREA_STYLE_COLOUR('',#13675);
#13383=FILL_AREA_STYLE_COLOUR('',#13675);
#13384=FILL_AREA_STYLE_COLOUR('',#13675);
#13385=FILL_AREA_STYLE_COLOUR('',#13675);
#13386=FILL_AREA_STYLE_COLOUR('',#13675);
#13387=FILL_AREA_STYLE_COLOUR('',#13675);
#13388=FILL_AREA_STYLE_COLOUR('',#13675);
#13389=FILL_AREA_STYLE_COLOUR('',#13675);
#13390=FILL_AREA_STYLE_COLOUR('',#13675);
#13391=FILL_AREA_STYLE_COLOUR('',#13675);
#13392=FILL_AREA_STYLE_COLOUR('',#13675);
#13393=FILL_AREA_STYLE_COLOUR('',#13675);
#13394=FILL_AREA_STYLE_COLOUR('',#13675);
#13395=FILL_AREA_STYLE_COLOUR('',#13675);
#13396=FILL_AREA_STYLE_COLOUR('',#13675);
#13397=FILL_AREA_STYLE_COLOUR('',#13675);
#13398=FILL_AREA_STYLE_COLOUR('',#13675);
#13399=FILL_AREA_STYLE_COLOUR('',#13675);
#13400=FILL_AREA_STYLE_COLOUR('',#13675);
#13401=FILL_AREA_STYLE_COLOUR('',#13675);
#13402=FILL_AREA_STYLE_COLOUR('',#13675);
#13403=FILL_AREA_STYLE_COLOUR('',#13675);
#13404=FILL_AREA_STYLE_COLOUR('',#13675);
#13405=FILL_AREA_STYLE_COLOUR('',#13675);
#13406=FILL_AREA_STYLE_COLOUR('',#13675);
#13407=FILL_AREA_STYLE_COLOUR('',#13675);
#13408=FILL_AREA_STYLE_COLOUR('',#13675);
#13409=FILL_AREA_STYLE_COLOUR('',#13675);
#13410=FILL_AREA_STYLE_COLOUR('',#13675);
#13411=FILL_AREA_STYLE_COLOUR('',#13675);
#13412=FILL_AREA_STYLE_COLOUR('',#13675);
#13413=FILL_AREA_STYLE_COLOUR('',#13675);
#13414=FILL_AREA_STYLE_COLOUR('',#13675);
#13415=FILL_AREA_STYLE_COLOUR('',#13675);
#13416=FILL_AREA_STYLE_COLOUR('',#13675);
#13417=FILL_AREA_STYLE_COLOUR('',#13675);
#13418=FILL_AREA_STYLE_COLOUR('',#13675);
#13419=FILL_AREA_STYLE_COLOUR('',#13675);
#13420=FILL_AREA_STYLE_COLOUR('',#13675);
#13421=FILL_AREA_STYLE_COLOUR('',#13675);
#13422=FILL_AREA_STYLE_COLOUR('',#13675);
#13423=FILL_AREA_STYLE_COLOUR('',#13675);
#13424=FILL_AREA_STYLE_COLOUR('',#13675);
#13425=FILL_AREA_STYLE_COLOUR('',#13675);
#13426=FILL_AREA_STYLE_COLOUR('',#13675);
#13427=FILL_AREA_STYLE_COLOUR('',#13675);
#13428=FILL_AREA_STYLE_COLOUR('',#13675);
#13429=FILL_AREA_STYLE_COLOUR('',#13675);
#13430=FILL_AREA_STYLE_COLOUR('',#13675);
#13431=FILL_AREA_STYLE_COLOUR('',#13675);
#13432=FILL_AREA_STYLE_COLOUR('',#13675);
#13433=FILL_AREA_STYLE_COLOUR('',#13675);
#13434=FILL_AREA_STYLE_COLOUR('',#13675);
#13435=FILL_AREA_STYLE_COLOUR('',#13675);
#13436=FILL_AREA_STYLE_COLOUR('',#13675);
#13437=FILL_AREA_STYLE_COLOUR('',#13675);
#13438=FILL_AREA_STYLE_COLOUR('',#13675);
#13439=FILL_AREA_STYLE_COLOUR('',#13675);
#13440=FILL_AREA_STYLE_COLOUR('',#13675);
#13441=FILL_AREA_STYLE_COLOUR('',#13675);
#13442=FILL_AREA_STYLE_COLOUR('',#13675);
#13443=FILL_AREA_STYLE_COLOUR('',#13675);
#13444=FILL_AREA_STYLE_COLOUR('',#13675);
#13445=FILL_AREA_STYLE_COLOUR('',#13675);
#13446=FILL_AREA_STYLE_COLOUR('',#13675);
#13447=FILL_AREA_STYLE_COLOUR('',#13675);
#13448=FILL_AREA_STYLE_COLOUR('',#13675);
#13449=FILL_AREA_STYLE_COLOUR('',#13675);
#13450=FILL_AREA_STYLE_COLOUR('',#13675);
#13451=FILL_AREA_STYLE_COLOUR('',#13675);
#13452=FILL_AREA_STYLE_COLOUR('',#13675);
#13453=FILL_AREA_STYLE_COLOUR('',#13675);
#13454=FILL_AREA_STYLE_COLOUR('',#13675);
#13455=FILL_AREA_STYLE_COLOUR('',#13675);
#13456=FILL_AREA_STYLE_COLOUR('',#13675);
#13457=FILL_AREA_STYLE_COLOUR('',#13675);
#13458=FILL_AREA_STYLE_COLOUR('',#13675);
#13459=FILL_AREA_STYLE_COLOUR('',#13675);
#13460=FILL_AREA_STYLE_COLOUR('',#13675);
#13461=FILL_AREA_STYLE_COLOUR('',#13675);
#13462=FILL_AREA_STYLE_COLOUR('',#13675);
#13463=FILL_AREA_STYLE_COLOUR('',#13675);
#13464=FILL_AREA_STYLE_COLOUR('',#13675);
#13465=FILL_AREA_STYLE_COLOUR('',#13675);
#13466=FILL_AREA_STYLE_COLOUR('',#13675);
#13467=FILL_AREA_STYLE_COLOUR('',#13675);
#13468=FILL_AREA_STYLE_COLOUR('',#13675);
#13469=FILL_AREA_STYLE_COLOUR('',#13675);
#13470=FILL_AREA_STYLE_COLOUR('',#13675);
#13471=FILL_AREA_STYLE_COLOUR('',#13675);
#13472=FILL_AREA_STYLE_COLOUR('',#13675);
#13473=FILL_AREA_STYLE_COLOUR('',#13675);
#13474=FILL_AREA_STYLE_COLOUR('',#13675);
#13475=FILL_AREA_STYLE_COLOUR('',#13675);
#13476=FILL_AREA_STYLE_COLOUR('',#13675);
#13477=FILL_AREA_STYLE_COLOUR('',#13675);
#13478=FILL_AREA_STYLE_COLOUR('',#13675);
#13479=FILL_AREA_STYLE_COLOUR('',#13675);
#13480=FILL_AREA_STYLE_COLOUR('',#13675);
#13481=FILL_AREA_STYLE_COLOUR('',#13675);
#13482=FILL_AREA_STYLE_COLOUR('',#13675);
#13483=FILL_AREA_STYLE_COLOUR('',#13675);
#13484=FILL_AREA_STYLE_COLOUR('',#13675);
#13485=FILL_AREA_STYLE_COLOUR('',#13675);
#13486=FILL_AREA_STYLE_COLOUR('',#13675);
#13487=FILL_AREA_STYLE_COLOUR('',#13675);
#13488=FILL_AREA_STYLE_COLOUR('',#13675);
#13489=FILL_AREA_STYLE_COLOUR('',#13675);
#13490=FILL_AREA_STYLE_COLOUR('',#13675);
#13491=FILL_AREA_STYLE_COLOUR('',#13675);
#13492=FILL_AREA_STYLE_COLOUR('',#13675);
#13493=FILL_AREA_STYLE_COLOUR('',#13675);
#13494=FILL_AREA_STYLE_COLOUR('',#13675);
#13495=FILL_AREA_STYLE_COLOUR('',#13675);
#13496=FILL_AREA_STYLE_COLOUR('',#13675);
#13497=FILL_AREA_STYLE_COLOUR('',#13675);
#13498=FILL_AREA_STYLE_COLOUR('',#13675);
#13499=FILL_AREA_STYLE_COLOUR('',#13675);
#13500=FILL_AREA_STYLE_COLOUR('',#13675);
#13501=FILL_AREA_STYLE_COLOUR('',#13675);
#13502=FILL_AREA_STYLE_COLOUR('',#13675);
#13503=FILL_AREA_STYLE_COLOUR('',#13675);
#13504=FILL_AREA_STYLE_COLOUR('',#13675);
#13505=FILL_AREA_STYLE_COLOUR('',#13675);
#13506=FILL_AREA_STYLE_COLOUR('',#13675);
#13507=FILL_AREA_STYLE_COLOUR('',#13675);
#13508=FILL_AREA_STYLE_COLOUR('',#13675);
#13509=FILL_AREA_STYLE_COLOUR('',#13675);
#13510=FILL_AREA_STYLE_COLOUR('',#13675);
#13511=FILL_AREA_STYLE_COLOUR('',#13675);
#13512=FILL_AREA_STYLE_COLOUR('',#13675);
#13513=FILL_AREA_STYLE_COLOUR('',#13675);
#13514=FILL_AREA_STYLE_COLOUR('',#13675);
#13515=FILL_AREA_STYLE_COLOUR('',#13675);
#13516=FILL_AREA_STYLE_COLOUR('',#13675);
#13517=FILL_AREA_STYLE_COLOUR('',#13675);
#13518=FILL_AREA_STYLE_COLOUR('',#13675);
#13519=FILL_AREA_STYLE_COLOUR('',#13675);
#13520=FILL_AREA_STYLE_COLOUR('',#13675);
#13521=FILL_AREA_STYLE_COLOUR('',#13675);
#13522=FILL_AREA_STYLE_COLOUR('',#13675);
#13523=FILL_AREA_STYLE_COLOUR('',#13675);
#13524=FILL_AREA_STYLE_COLOUR('',#13675);
#13525=FILL_AREA_STYLE_COLOUR('',#13675);
#13526=FILL_AREA_STYLE_COLOUR('',#13675);
#13527=FILL_AREA_STYLE_COLOUR('',#13675);
#13528=FILL_AREA_STYLE_COLOUR('',#13675);
#13529=FILL_AREA_STYLE_COLOUR('',#13675);
#13530=FILL_AREA_STYLE_COLOUR('',#13675);
#13531=FILL_AREA_STYLE_COLOUR('',#13675);
#13532=FILL_AREA_STYLE_COLOUR('',#13675);
#13533=FILL_AREA_STYLE_COLOUR('',#13675);
#13534=FILL_AREA_STYLE_COLOUR('',#13675);
#13535=FILL_AREA_STYLE_COLOUR('',#13675);
#13536=FILL_AREA_STYLE_COLOUR('',#13675);
#13537=FILL_AREA_STYLE_COLOUR('',#13675);
#13538=FILL_AREA_STYLE_COLOUR('',#13675);
#13539=FILL_AREA_STYLE_COLOUR('',#13675);
#13540=FILL_AREA_STYLE_COLOUR('',#13675);
#13541=FILL_AREA_STYLE_COLOUR('',#13675);
#13542=FILL_AREA_STYLE_COLOUR('',#13675);
#13543=FILL_AREA_STYLE_COLOUR('',#13675);
#13544=FILL_AREA_STYLE_COLOUR('',#13675);
#13545=FILL_AREA_STYLE_COLOUR('',#13675);
#13546=FILL_AREA_STYLE_COLOUR('',#13675);
#13547=FILL_AREA_STYLE_COLOUR('',#13675);
#13548=FILL_AREA_STYLE_COLOUR('',#13675);
#13549=FILL_AREA_STYLE_COLOUR('',#13675);
#13550=FILL_AREA_STYLE_COLOUR('',#13675);
#13551=FILL_AREA_STYLE_COLOUR('',#13675);
#13552=FILL_AREA_STYLE_COLOUR('',#13675);
#13553=FILL_AREA_STYLE_COLOUR('',#13675);
#13554=FILL_AREA_STYLE_COLOUR('',#13675);
#13555=FILL_AREA_STYLE_COLOUR('',#13675);
#13556=FILL_AREA_STYLE_COLOUR('',#13675);
#13557=FILL_AREA_STYLE_COLOUR('',#13675);
#13558=FILL_AREA_STYLE_COLOUR('',#13675);
#13559=FILL_AREA_STYLE_COLOUR('',#13675);
#13560=FILL_AREA_STYLE_COLOUR('',#13675);
#13561=FILL_AREA_STYLE_COLOUR('',#13675);
#13562=FILL_AREA_STYLE_COLOUR('',#13675);
#13563=FILL_AREA_STYLE_COLOUR('',#13675);
#13564=FILL_AREA_STYLE_COLOUR('',#13675);
#13565=FILL_AREA_STYLE_COLOUR('',#13675);
#13566=FILL_AREA_STYLE_COLOUR('',#13675);
#13567=FILL_AREA_STYLE_COLOUR('',#13675);
#13568=FILL_AREA_STYLE_COLOUR('',#13675);
#13569=FILL_AREA_STYLE_COLOUR('',#13675);
#13570=FILL_AREA_STYLE_COLOUR('',#13675);
#13571=FILL_AREA_STYLE_COLOUR('',#13675);
#13572=FILL_AREA_STYLE_COLOUR('',#13676);
#13573=FILL_AREA_STYLE_COLOUR('',#13675);
#13574=FILL_AREA_STYLE_COLOUR('',#13676);
#13575=FILL_AREA_STYLE_COLOUR('',#13676);
#13576=FILL_AREA_STYLE_COLOUR('',#13676);
#13577=FILL_AREA_STYLE_COLOUR('',#13676);
#13578=FILL_AREA_STYLE_COLOUR('',#13676);
#13579=FILL_AREA_STYLE_COLOUR('',#13676);
#13580=FILL_AREA_STYLE_COLOUR('',#13675);
#13581=FILL_AREA_STYLE_COLOUR('',#13676);
#13582=FILL_AREA_STYLE_COLOUR('',#13676);
#13583=FILL_AREA_STYLE_COLOUR('',#13676);
#13584=FILL_AREA_STYLE_COLOUR('',#13676);
#13585=FILL_AREA_STYLE_COLOUR('',#13676);
#13586=FILL_AREA_STYLE_COLOUR('',#13676);
#13587=FILL_AREA_STYLE_COLOUR('',#13675);
#13588=FILL_AREA_STYLE_COLOUR('',#13676);
#13589=FILL_AREA_STYLE_COLOUR('',#13676);
#13590=FILL_AREA_STYLE_COLOUR('',#13676);
#13591=FILL_AREA_STYLE_COLOUR('',#13676);
#13592=FILL_AREA_STYLE_COLOUR('',#13676);
#13593=FILL_AREA_STYLE_COLOUR('',#13676);
#13594=FILL_AREA_STYLE_COLOUR('',#13675);
#13595=FILL_AREA_STYLE_COLOUR('',#13676);
#13596=FILL_AREA_STYLE_COLOUR('',#13676);
#13597=FILL_AREA_STYLE_COLOUR('',#13676);
#13598=FILL_AREA_STYLE_COLOUR('',#13676);
#13599=FILL_AREA_STYLE_COLOUR('',#13676);
#13600=FILL_AREA_STYLE_COLOUR('',#13676);
#13601=FILL_AREA_STYLE_COLOUR('',#13675);
#13602=FILL_AREA_STYLE_COLOUR('',#13676);
#13603=FILL_AREA_STYLE_COLOUR('',#13676);
#13604=FILL_AREA_STYLE_COLOUR('',#13676);
#13605=FILL_AREA_STYLE_COLOUR('',#13676);
#13606=FILL_AREA_STYLE_COLOUR('',#13676);
#13607=FILL_AREA_STYLE_COLOUR('',#13676);
#13608=FILL_AREA_STYLE_COLOUR('',#13676);
#13609=FILL_AREA_STYLE_COLOUR('',#13676);
#13610=FILL_AREA_STYLE_COLOUR('',#13676);
#13611=FILL_AREA_STYLE_COLOUR('',#13676);
#13612=FILL_AREA_STYLE_COLOUR('',#13676);
#13613=FILL_AREA_STYLE_COLOUR('',#13676);
#13614=FILL_AREA_STYLE_COLOUR('',#13676);
#13615=FILL_AREA_STYLE_COLOUR('',#13676);
#13616=FILL_AREA_STYLE_COLOUR('',#13676);
#13617=FILL_AREA_STYLE_COLOUR('',#13676);
#13618=FILL_AREA_STYLE_COLOUR('',#13676);
#13619=FILL_AREA_STYLE_COLOUR('',#13676);
#13620=FILL_AREA_STYLE_COLOUR('',#13676);
#13621=FILL_AREA_STYLE_COLOUR('',#13676);
#13622=FILL_AREA_STYLE_COLOUR('',#13676);
#13623=FILL_AREA_STYLE_COLOUR('',#13676);
#13624=FILL_AREA_STYLE_COLOUR('',#13676);
#13625=FILL_AREA_STYLE_COLOUR('',#13676);
#13626=FILL_AREA_STYLE_COLOUR('',#13676);
#13627=FILL_AREA_STYLE_COLOUR('',#13676);
#13628=FILL_AREA_STYLE_COLOUR('',#13676);
#13629=FILL_AREA_STYLE_COLOUR('',#13676);
#13630=FILL_AREA_STYLE_COLOUR('',#13676);
#13631=FILL_AREA_STYLE_COLOUR('',#13676);
#13632=FILL_AREA_STYLE_COLOUR('',#13676);
#13633=FILL_AREA_STYLE_COLOUR('',#13676);
#13634=FILL_AREA_STYLE_COLOUR('',#13676);
#13635=FILL_AREA_STYLE_COLOUR('',#13676);
#13636=FILL_AREA_STYLE_COLOUR('',#13676);
#13637=FILL_AREA_STYLE_COLOUR('',#13676);
#13638=FILL_AREA_STYLE_COLOUR('',#13676);
#13639=FILL_AREA_STYLE_COLOUR('',#13676);
#13640=FILL_AREA_STYLE_COLOUR('',#13676);
#13641=FILL_AREA_STYLE_COLOUR('',#13676);
#13642=FILL_AREA_STYLE_COLOUR('',#13676);
#13643=FILL_AREA_STYLE_COLOUR('',#13676);
#13644=FILL_AREA_STYLE_COLOUR('',#13676);
#13645=FILL_AREA_STYLE_COLOUR('',#13676);
#13646=FILL_AREA_STYLE_COLOUR('',#13676);
#13647=FILL_AREA_STYLE_COLOUR('',#13676);
#13648=FILL_AREA_STYLE_COLOUR('',#13676);
#13649=FILL_AREA_STYLE_COLOUR('',#13676);
#13650=FILL_AREA_STYLE_COLOUR('',#13676);
#13651=FILL_AREA_STYLE_COLOUR('',#13676);
#13652=FILL_AREA_STYLE_COLOUR('',#13675);
#13653=FILL_AREA_STYLE_COLOUR('',#13675);
#13654=FILL_AREA_STYLE_COLOUR('',#13675);
#13655=FILL_AREA_STYLE_COLOUR('',#13675);
#13656=FILL_AREA_STYLE_COLOUR('',#13675);
#13657=FILL_AREA_STYLE_COLOUR('',#13675);
#13658=FILL_AREA_STYLE_COLOUR('',#13675);
#13659=FILL_AREA_STYLE_COLOUR('',#13675);
#13660=FILL_AREA_STYLE_COLOUR('',#13675);
#13661=FILL_AREA_STYLE_COLOUR('',#13675);
#13662=FILL_AREA_STYLE_COLOUR('',#13675);
#13663=FILL_AREA_STYLE_COLOUR('',#13675);
#13664=FILL_AREA_STYLE_COLOUR('',#13675);
#13665=FILL_AREA_STYLE_COLOUR('',#13675);
#13666=FILL_AREA_STYLE_COLOUR('',#13675);
#13667=FILL_AREA_STYLE_COLOUR('',#13675);
#13668=FILL_AREA_STYLE_COLOUR('',#13675);
#13669=FILL_AREA_STYLE_COLOUR('',#13675);
#13670=FILL_AREA_STYLE_COLOUR('',#13675);
#13671=FILL_AREA_STYLE_COLOUR('',#13675);
#13672=FILL_AREA_STYLE_COLOUR('',#13675);
#13673=FILL_AREA_STYLE_COLOUR('',#13675);
#13674=FILL_AREA_STYLE_COLOUR('',#13675);
#13675=COLOUR_RGB('',0.560000002384186,0.569999992847443,0.569999992847443);
#13676=COLOUR_RGB('',0.88999998569489,0.43000000715256,0.070000000298023);
#13677=COLOUR_RGB('',0.77999997138977,0.77999997138977,0.77999997138977);
#13678=ADVANCED_FACE('',(#8887),#9500,.T.);
#13679=ADVANCED_FACE('',(#8888),#9501,.T.);
#13680=ADVANCED_FACE('',(#8889),#80,.F.);
#13681=ADVANCED_FACE('',(#8890),#81,.F.);
#13682=ADVANCED_FACE('',(#8891),#9502,.T.);
#13683=ADVANCED_FACE('',(#8892),#82,.F.);
#13684=ADVANCED_FACE('',(#8893),#83,.F.);
#13685=ADVANCED_FACE('',(#8894),#9503,.T.);
#13686=ADVANCED_FACE('',(#8895),#84,.F.);
#13687=ADVANCED_FACE('',(#8896),#85,.F.);
#13688=ADVANCED_FACE('',(#8897),#9504,.T.);
#13689=ADVANCED_FACE('',(#8898),#86,.F.);
#13690=ADVANCED_FACE('',(#8899),#87,.F.);
#13691=ADVANCED_FACE('',(#8900),#88,.F.);
#13692=ADVANCED_FACE('',(#8901),#89,.F.);
#13693=ADVANCED_FACE('',(#8902),#90,.F.);
#13694=ADVANCED_FACE('',(#8903),#91,.F.);
#13695=ADVANCED_FACE('',(#8904),#9505,.T.);
#13696=ADVANCED_FACE('',(#8905),#92,.F.);
#13697=ADVANCED_FACE('',(#8906),#93,.F.);
#13698=ADVANCED_FACE('',(#8907),#94,.F.);
#13699=ADVANCED_FACE('',(#8908),#95,.T.);
#13700=ADVANCED_FACE('',(#8909),#96,.F.);
#13701=ADVANCED_FACE('',(#8910),#97,.T.);
#13702=ADVANCED_FACE('',(#8911),#98,.F.);
#13703=ADVANCED_FACE('',(#8912),#99,.T.);
#13704=ADVANCED_FACE('',(#8913),#100,.F.);
#13705=ADVANCED_FACE('',(#8914),#101,.T.);
#13706=ADVANCED_FACE('',(#8915),#102,.F.);
#13707=ADVANCED_FACE('',(#8916),#103,.T.);
#13708=ADVANCED_FACE('',(#8917),#104,.F.);
#13709=ADVANCED_FACE('',(#8918),#9506,.T.);
#13710=ADVANCED_FACE('',(#8919),#9507,.T.);
#13711=ADVANCED_FACE('',(#8920),#9508,.T.);
#13712=ADVANCED_FACE('',(#8921),#9509,.T.);
#13713=ADVANCED_FACE('',(#8922),#9510,.T.);
#13714=ADVANCED_FACE('',(#8923,#8924,#8925,#8926,#8927,#8928,#8929,#8930,
#8931,#8932,#8933),#105,.F.);
#13715=ADVANCED_FACE('',(#8934),#106,.F.);
#13716=ADVANCED_FACE('',(#8935),#9511,.T.);
#13717=ADVANCED_FACE('',(#8936,#8937),#107,.T.);
#13718=ADVANCED_FACE('',(#8938,#8939),#108,.T.);
#13719=ADVANCED_FACE('',(#8940,#8941),#109,.T.);
#13720=ADVANCED_FACE('',(#8942,#8943),#110,.T.);
#13721=ADVANCED_FACE('',(#8944,#8945),#111,.T.);
#13722=ADVANCED_FACE('',(#8946,#8947),#112,.T.);
#13723=ADVANCED_FACE('',(#8948,#8949),#113,.T.);
#13724=ADVANCED_FACE('',(#8950,#8951),#114,.T.);
#13725=ADVANCED_FACE('',(#8952,#8953),#115,.T.);
#13726=ADVANCED_FACE('',(#8954,#8955),#116,.T.);
#13727=ADVANCED_FACE('',(#8956),#117,.F.);
#13728=ADVANCED_FACE('',(#8957),#118,.T.);
#13729=ADVANCED_FACE('',(#8958),#119,.F.);
#13730=ADVANCED_FACE('',(#8959),#120,.T.);
#13731=ADVANCED_FACE('',(#8960),#121,.F.);
#13732=ADVANCED_FACE('',(#8961),#122,.T.);
#13733=ADVANCED_FACE('',(#8962),#123,.F.);
#13734=ADVANCED_FACE('',(#8963),#124,.T.);
#13735=ADVANCED_FACE('',(#8964),#125,.F.);
#13736=ADVANCED_FACE('',(#8965),#126,.T.);
#13737=ADVANCED_FACE('',(#8966),#127,.F.);
#13738=ADVANCED_FACE('',(#8967),#128,.T.);
#13739=ADVANCED_FACE('',(#8968),#129,.F.);
#13740=ADVANCED_FACE('',(#8969),#130,.T.);
#13741=ADVANCED_FACE('',(#8970),#131,.F.);
#13742=ADVANCED_FACE('',(#8971),#132,.T.);
#13743=ADVANCED_FACE('',(#8972),#133,.F.);
#13744=ADVANCED_FACE('',(#8973),#134,.T.);
#13745=ADVANCED_FACE('',(#8974),#135,.F.);
#13746=ADVANCED_FACE('',(#8975),#136,.T.);
#13747=ADVANCED_FACE('',(#8976),#137,.F.);
#13748=ADVANCED_FACE('',(#8977),#138,.F.);
#13749=ADVANCED_FACE('',(#8978),#139,.F.);
#13750=ADVANCED_FACE('',(#8979),#140,.F.);
#13751=ADVANCED_FACE('',(#8980),#141,.F.);
#13752=ADVANCED_FACE('',(#8981),#9512,.T.);
#13753=ADVANCED_FACE('',(#8982),#9513,.T.);
#13754=ADVANCED_FACE('',(#8983),#9514,.T.);
#13755=ADVANCED_FACE('',(#8984),#9515,.T.);
#13756=ADVANCED_FACE('',(#8985),#9516,.T.);
#13757=ADVANCED_FACE('',(#8986),#9517,.T.);
#13758=ADVANCED_FACE('',(#8987),#142,.F.);
#13759=ADVANCED_FACE('',(#8988),#9518,.T.);
#13760=ADVANCED_FACE('',(#8989),#143,.F.);
#13761=ADVANCED_FACE('',(#8990),#9519,.T.);
#13762=ADVANCED_FACE('',(#8991,#8992,#8993,#8994,#8995,#8996),#144,.F.);
#13763=ADVANCED_FACE('',(#8997),#9520,.T.);
#13764=ADVANCED_FACE('',(#8998,#8999,#9000),#145,.T.);
#13765=ADVANCED_FACE('',(#9001),#146,.F.);
#13766=ADVANCED_FACE('',(#9002),#147,.F.);
#13767=ADVANCED_FACE('',(#9003),#148,.T.);
#13768=ADVANCED_FACE('',(#9004),#9521,.T.);
#13769=ADVANCED_FACE('',(#9005),#9522,.F.);
#13770=ADVANCED_FACE('',(#9006),#149,.T.);
#13771=ADVANCED_FACE('',(#9007),#150,.T.);
#13772=ADVANCED_FACE('',(#9008),#9523,.F.);
#13773=ADVANCED_FACE('',(#9009),#9524,.T.);
#13774=ADVANCED_FACE('',(#9010),#151,.F.);
#13775=ADVANCED_FACE('',(#9011),#152,.T.);
#13776=ADVANCED_FACE('',(#9012),#9525,.T.);
#13777=ADVANCED_FACE('',(#9013),#9526,.F.);
#13778=ADVANCED_FACE('',(#9014),#153,.T.);
#13779=ADVANCED_FACE('',(#9015),#154,.T.);
#13780=ADVANCED_FACE('',(#9016),#9527,.F.);
#13781=ADVANCED_FACE('',(#9017),#9528,.T.);
#13782=ADVANCED_FACE('',(#9018),#155,.F.);
#13783=ADVANCED_FACE('',(#9019),#156,.T.);
#13784=ADVANCED_FACE('',(#9020),#9529,.T.);
#13785=ADVANCED_FACE('',(#9021),#9530,.F.);
#13786=ADVANCED_FACE('',(#9022),#157,.T.);
#13787=ADVANCED_FACE('',(#9023),#158,.T.);
#13788=ADVANCED_FACE('',(#9024),#9531,.F.);
#13789=ADVANCED_FACE('',(#9025),#9532,.T.);
#13790=ADVANCED_FACE('',(#9026),#159,.F.);
#13791=ADVANCED_FACE('',(#9027),#160,.T.);
#13792=ADVANCED_FACE('',(#9028),#9533,.T.);
#13793=ADVANCED_FACE('',(#9029),#9534,.F.);
#13794=ADVANCED_FACE('',(#9030),#161,.T.);
#13795=ADVANCED_FACE('',(#9031),#162,.T.);
#13796=ADVANCED_FACE('',(#9032),#9535,.F.);
#13797=ADVANCED_FACE('',(#9033),#9536,.T.);
#13798=ADVANCED_FACE('',(#9034),#163,.F.);
#13799=ADVANCED_FACE('',(#9035),#164,.T.);
#13800=ADVANCED_FACE('',(#9036),#9537,.T.);
#13801=ADVANCED_FACE('',(#9037),#9538,.F.);
#13802=ADVANCED_FACE('',(#9038),#165,.T.);
#13803=ADVANCED_FACE('',(#9039),#166,.T.);
#13804=ADVANCED_FACE('',(#9040),#9539,.F.);
#13805=ADVANCED_FACE('',(#9041),#9540,.T.);
#13806=ADVANCED_FACE('',(#9042),#12,.T.);
#13807=ADVANCED_FACE('',(#9043),#13,.T.);
#13808=ADVANCED_FACE('',(#9044),#14,.T.);
#13809=ADVANCED_FACE('',(#9045),#15,.T.);
#13810=ADVANCED_FACE('',(#9046),#16,.T.);
#13811=ADVANCED_FACE('',(#9047),#17,.T.);
#13812=ADVANCED_FACE('',(#9048),#18,.T.);
#13813=ADVANCED_FACE('',(#9049),#19,.T.);
#13814=ADVANCED_FACE('',(#9050),#20,.T.);
#13815=ADVANCED_FACE('',(#9051),#21,.T.);
#13816=ADVANCED_FACE('',(#9052),#9541,.T.);
#13817=ADVANCED_FACE('',(#9053),#22,.T.);
#13818=ADVANCED_FACE('',(#9054),#9542,.T.);
#13819=ADVANCED_FACE('',(#9055),#23,.T.);
#13820=ADVANCED_FACE('',(#9056),#9543,.T.);
#13821=ADVANCED_FACE('',(#9057),#24,.T.);
#13822=ADVANCED_FACE('',(#9058),#9544,.T.);
#13823=ADVANCED_FACE('',(#9059),#25,.T.);
#13824=ADVANCED_FACE('',(#9060),#9545,.T.);
#13825=ADVANCED_FACE('',(#9061),#26,.T.);
#13826=ADVANCED_FACE('',(#9062),#167,.F.);
#13827=ADVANCED_FACE('',(#9063),#168,.F.);
#13828=ADVANCED_FACE('',(#9064),#169,.F.);
#13829=ADVANCED_FACE('',(#9065),#170,.F.);
#13830=ADVANCED_FACE('',(#9066),#171,.F.);
#13831=ADVANCED_FACE('',(#9067),#172,.F.);
#13832=ADVANCED_FACE('',(#9068),#173,.F.);
#13833=ADVANCED_FACE('',(#9069),#174,.F.);
#13834=ADVANCED_FACE('',(#9070),#175,.F.);
#13835=ADVANCED_FACE('',(#9071),#176,.F.);
#13836=ADVANCED_FACE('',(#9072),#177,.F.);
#13837=ADVANCED_FACE('',(#9073),#178,.F.);
#13838=ADVANCED_FACE('',(#9074),#179,.F.);
#13839=ADVANCED_FACE('',(#9075),#180,.F.);
#13840=ADVANCED_FACE('',(#9076),#181,.F.);
#13841=ADVANCED_FACE('',(#9077),#182,.F.);
#13842=ADVANCED_FACE('',(#9078),#183,.F.);
#13843=ADVANCED_FACE('',(#9079),#184,.F.);
#13844=ADVANCED_FACE('',(#9080),#185,.F.);
#13845=ADVANCED_FACE('',(#9081),#186,.F.);
#13846=ADVANCED_FACE('',(#9082),#187,.F.);
#13847=ADVANCED_FACE('',(#9083),#188,.F.);
#13848=ADVANCED_FACE('',(#9084),#189,.F.);
#13849=ADVANCED_FACE('',(#9085),#190,.F.);
#13850=ADVANCED_FACE('',(#9086),#191,.F.);
#13851=ADVANCED_FACE('',(#9087),#192,.F.);
#13852=ADVANCED_FACE('',(#9088),#193,.F.);
#13853=ADVANCED_FACE('',(#9089),#194,.F.);
#13854=ADVANCED_FACE('',(#9090),#195,.F.);
#13855=ADVANCED_FACE('',(#9091),#196,.F.);
#13856=ADVANCED_FACE('',(#9092),#197,.F.);
#13857=ADVANCED_FACE('',(#9093),#198,.F.);
#13858=ADVANCED_FACE('',(#9094),#199,.F.);
#13859=ADVANCED_FACE('',(#9095),#200,.F.);
#13860=ADVANCED_FACE('',(#9096),#201,.F.);
#13861=ADVANCED_FACE('',(#9097),#202,.F.);
#13862=ADVANCED_FACE('',(#9098),#203,.F.);
#13863=ADVANCED_FACE('',(#9099),#204,.F.);
#13864=ADVANCED_FACE('',(#9100),#205,.F.);
#13865=ADVANCED_FACE('',(#9101),#206,.F.);
#13866=ADVANCED_FACE('',(#9102),#207,.F.);
#13867=ADVANCED_FACE('',(#9103),#208,.F.);
#13868=ADVANCED_FACE('',(#9104),#209,.F.);
#13869=ADVANCED_FACE('',(#9105),#210,.F.);
#13870=ADVANCED_FACE('',(#9106),#211,.F.);
#13871=ADVANCED_FACE('',(#9107),#212,.F.);
#13872=ADVANCED_FACE('',(#9108),#213,.F.);
#13873=ADVANCED_FACE('',(#9109),#214,.F.);
#13874=ADVANCED_FACE('',(#9110),#215,.F.);
#13875=ADVANCED_FACE('',(#9111),#216,.F.);
#13876=ADVANCED_FACE('',(#9112),#217,.T.);
#13877=ADVANCED_FACE('',(#9113,#9114),#9546,.F.);
#13878=ADVANCED_FACE('',(#9115,#9116),#27,.F.);
#13879=ADVANCED_FACE('',(#9117),#218,.T.);
#13880=ADVANCED_FACE('',(#9118,#9119),#9547,.F.);
#13881=ADVANCED_FACE('',(#9120,#9121),#28,.F.);
#13882=ADVANCED_FACE('',(#9122),#219,.T.);
#13883=ADVANCED_FACE('',(#9123,#9124),#9548,.F.);
#13884=ADVANCED_FACE('',(#9125,#9126),#29,.F.);
#13885=ADVANCED_FACE('',(#9127),#220,.T.);
#13886=ADVANCED_FACE('',(#9128,#9129),#9549,.F.);
#13887=ADVANCED_FACE('',(#9130,#9131),#30,.F.);
#13888=ADVANCED_FACE('',(#9132),#221,.T.);
#13889=ADVANCED_FACE('',(#9133,#9134),#9550,.F.);
#13890=ADVANCED_FACE('',(#9135,#9136),#31,.F.);
#13891=ADVANCED_FACE('',(#9137),#222,.T.);
#13892=ADVANCED_FACE('',(#9138),#223,.T.);
#13893=ADVANCED_FACE('',(#9139),#224,.T.);
#13894=ADVANCED_FACE('',(#9140),#9551,.F.);
#13895=ADVANCED_FACE('',(#9141),#225,.T.);
#13896=ADVANCED_FACE('',(#9142),#9552,.F.);
#13897=ADVANCED_FACE('',(#9143),#226,.F.);
#13898=ADVANCED_FACE('',(#9144),#227,.T.);
#13899=ADVANCED_FACE('',(#9145),#228,.T.);
#13900=ADVANCED_FACE('',(#9146),#229,.T.);
#13901=ADVANCED_FACE('',(#9147),#9553,.F.);
#13902=ADVANCED_FACE('',(#9148),#230,.T.);
#13903=ADVANCED_FACE('',(#9149),#9554,.F.);
#13904=ADVANCED_FACE('',(#9150),#231,.F.);
#13905=ADVANCED_FACE('',(#9151),#232,.T.);
#13906=ADVANCED_FACE('',(#9152),#233,.T.);
#13907=ADVANCED_FACE('',(#9153),#234,.T.);
#13908=ADVANCED_FACE('',(#9154),#9555,.F.);
#13909=ADVANCED_FACE('',(#9155),#235,.T.);
#13910=ADVANCED_FACE('',(#9156),#9556,.F.);
#13911=ADVANCED_FACE('',(#9157),#236,.F.);
#13912=ADVANCED_FACE('',(#9158),#237,.T.);
#13913=ADVANCED_FACE('',(#9159),#238,.T.);
#13914=ADVANCED_FACE('',(#9160),#239,.T.);
#13915=ADVANCED_FACE('',(#9161),#9557,.F.);
#13916=ADVANCED_FACE('',(#9162),#240,.T.);
#13917=ADVANCED_FACE('',(#9163),#9558,.F.);
#13918=ADVANCED_FACE('',(#9164),#241,.F.);
#13919=ADVANCED_FACE('',(#9165),#242,.T.);
#13920=ADVANCED_FACE('',(#9166),#243,.T.);
#13921=ADVANCED_FACE('',(#9167),#244,.T.);
#13922=ADVANCED_FACE('',(#9168),#9559,.F.);
#13923=ADVANCED_FACE('',(#9169),#245,.T.);
#13924=ADVANCED_FACE('',(#9170),#9560,.F.);
#13925=ADVANCED_FACE('',(#9171),#246,.F.);
#13926=ADVANCED_FACE('',(#9172),#247,.T.);
#13927=ADVANCED_FACE('',(#9173),#32,.F.);
#13928=ADVANCED_FACE('',(#9174),#248,.T.);
#13929=ADVANCED_FACE('',(#9175),#33,.T.);
#13930=ADVANCED_FACE('',(#9176),#34,.F.);
#13931=ADVANCED_FACE('',(#9177),#249,.T.);
#13932=ADVANCED_FACE('',(#9178),#35,.F.);
#13933=ADVANCED_FACE('',(#9179),#250,.T.);
#13934=ADVANCED_FACE('',(#9180),#36,.F.);
#13935=ADVANCED_FACE('',(#9181),#251,.T.);
#13936=ADVANCED_FACE('',(#9182),#37,.F.);
#13937=ADVANCED_FACE('',(#9183),#252,.T.);
#13938=ADVANCED_FACE('',(#9184),#253,.T.);
#13939=ADVANCED_FACE('',(#9185),#254,.T.);
#13940=ADVANCED_FACE('',(#9186),#38,.F.);
#13941=ADVANCED_FACE('',(#9187),#255,.T.);
#13942=ADVANCED_FACE('',(#9188),#39,.T.);
#13943=ADVANCED_FACE('',(#9189),#256,.T.);
#13944=ADVANCED_FACE('',(#9190),#40,.F.);
#13945=ADVANCED_FACE('',(#9191),#257,.T.);
#13946=ADVANCED_FACE('',(#9192),#9561,.F.);
#13947=ADVANCED_FACE('',(#9193),#258,.T.);
#13948=ADVANCED_FACE('',(#9194),#9562,.T.);
#13949=ADVANCED_FACE('',(#9195),#259,.T.);
#13950=ADVANCED_FACE('',(#9196),#9563,.F.);
#13951=ADVANCED_FACE('',(#9197),#260,.T.);
#13952=ADVANCED_FACE('',(#9198),#261,.T.);
#13953=ADVANCED_FACE('',(#9199),#262,.T.);
#13954=ADVANCED_FACE('',(#9200),#9564,.F.);
#13955=ADVANCED_FACE('',(#9201),#263,.T.);
#13956=ADVANCED_FACE('',(#9202),#9565,.F.);
#13957=ADVANCED_FACE('',(#9203),#264,.T.);
#13958=ADVANCED_FACE('',(#9204),#9566,.F.);
#13959=ADVANCED_FACE('',(#9205),#265,.T.);
#13960=ADVANCED_FACE('',(#9206),#9567,.F.);
#13961=ADVANCED_FACE('',(#9207),#9568,.T.);
#13962=ADVANCED_FACE('',(#9208),#266,.T.);
#13963=ADVANCED_FACE('',(#9209),#9569,.F.);
#13964=ADVANCED_FACE('',(#9210),#267,.T.);
#13965=ADVANCED_FACE('',(#9211),#268,.T.);
#13966=ADVANCED_FACE('',(#9212),#41,.F.);
#13967=ADVANCED_FACE('',(#9213),#269,.T.);
#13968=ADVANCED_FACE('',(#9214),#42,.T.);
#13969=ADVANCED_FACE('',(#9215),#43,.F.);
#13970=ADVANCED_FACE('',(#9216),#270,.T.);
#13971=ADVANCED_FACE('',(#9217),#44,.F.);
#13972=ADVANCED_FACE('',(#9218),#271,.T.);
#13973=ADVANCED_FACE('',(#9219),#45,.F.);
#13974=ADVANCED_FACE('',(#9220),#272,.T.);
#13975=ADVANCED_FACE('',(#9221),#46,.F.);
#13976=ADVANCED_FACE('',(#9222),#273,.T.);
#13977=ADVANCED_FACE('',(#9223),#274,.T.);
#13978=ADVANCED_FACE('',(#9224),#275,.T.);
#13979=ADVANCED_FACE('',(#9225),#47,.F.);
#13980=ADVANCED_FACE('',(#9226),#276,.T.);
#13981=ADVANCED_FACE('',(#9227),#48,.T.);
#13982=ADVANCED_FACE('',(#9228),#277,.T.);
#13983=ADVANCED_FACE('',(#9229),#49,.F.);
#13984=ADVANCED_FACE('',(#9230),#278,.T.);
#13985=ADVANCED_FACE('',(#9231),#50,.F.);
#13986=ADVANCED_FACE('',(#9232),#279,.T.);
#13987=ADVANCED_FACE('',(#9233),#51,.T.);
#13988=ADVANCED_FACE('',(#9234),#52,.F.);
#13989=ADVANCED_FACE('',(#9235),#280,.T.);
#13990=ADVANCED_FACE('',(#9236),#53,.F.);
#13991=ADVANCED_FACE('',(#9237),#281,.T.);
#13992=ADVANCED_FACE('',(#9238),#54,.F.);
#13993=ADVANCED_FACE('',(#9239),#282,.T.);
#13994=ADVANCED_FACE('',(#9240),#55,.F.);
#13995=ADVANCED_FACE('',(#9241),#283,.T.);
#13996=ADVANCED_FACE('',(#9242),#284,.T.);
#13997=ADVANCED_FACE('',(#9243),#285,.T.);
#13998=ADVANCED_FACE('',(#9244),#56,.F.);
#13999=ADVANCED_FACE('',(#9245),#286,.T.);
#14000=ADVANCED_FACE('',(#9246),#57,.T.);
#14001=ADVANCED_FACE('',(#9247),#287,.T.);
#14002=ADVANCED_FACE('',(#9248),#58,.F.);
#14003=ADVANCED_FACE('',(#9249),#288,.T.);
#14004=ADVANCED_FACE('',(#9250),#59,.F.);
#14005=ADVANCED_FACE('',(#9251),#289,.T.);
#14006=ADVANCED_FACE('',(#9252),#60,.T.);
#14007=ADVANCED_FACE('',(#9253),#61,.F.);
#14008=ADVANCED_FACE('',(#9254),#290,.T.);
#14009=ADVANCED_FACE('',(#9255),#62,.F.);
#14010=ADVANCED_FACE('',(#9256),#291,.T.);
#14011=ADVANCED_FACE('',(#9257),#63,.F.);
#14012=ADVANCED_FACE('',(#9258),#292,.T.);
#14013=ADVANCED_FACE('',(#9259),#64,.F.);
#14014=ADVANCED_FACE('',(#9260),#293,.T.);
#14015=ADVANCED_FACE('',(#9261),#294,.T.);
#14016=ADVANCED_FACE('',(#9262),#295,.T.);
#14017=ADVANCED_FACE('',(#9263),#65,.F.);
#14018=ADVANCED_FACE('',(#9264),#296,.T.);
#14019=ADVANCED_FACE('',(#9265),#66,.T.);
#14020=ADVANCED_FACE('',(#9266),#297,.T.);
#14021=ADVANCED_FACE('',(#9267),#67,.F.);
#14022=ADVANCED_FACE('',(#9268),#298,.T.);
#14023=ADVANCED_FACE('',(#9269),#68,.F.);
#14024=ADVANCED_FACE('',(#9270),#299,.T.);
#14025=ADVANCED_FACE('',(#9271),#69,.T.);
#14026=ADVANCED_FACE('',(#9272),#70,.F.);
#14027=ADVANCED_FACE('',(#9273),#300,.T.);
#14028=ADVANCED_FACE('',(#9274),#71,.F.);
#14029=ADVANCED_FACE('',(#9275),#301,.T.);
#14030=ADVANCED_FACE('',(#9276),#72,.F.);
#14031=ADVANCED_FACE('',(#9277),#302,.T.);
#14032=ADVANCED_FACE('',(#9278),#73,.F.);
#14033=ADVANCED_FACE('',(#9279),#303,.T.);
#14034=ADVANCED_FACE('',(#9280),#304,.T.);
#14035=ADVANCED_FACE('',(#9281),#305,.T.);
#14036=ADVANCED_FACE('',(#9282),#74,.F.);
#14037=ADVANCED_FACE('',(#9283),#306,.T.);
#14038=ADVANCED_FACE('',(#9284),#75,.T.);
#14039=ADVANCED_FACE('',(#9285),#307,.T.);
#14040=ADVANCED_FACE('',(#9286),#76,.F.);
#14041=ADVANCED_FACE('',(#9287),#308,.T.);
#14042=ADVANCED_FACE('',(#9288),#9570,.F.);
#14043=ADVANCED_FACE('',(#9289),#309,.T.);
#14044=ADVANCED_FACE('',(#9290),#9571,.T.);
#14045=ADVANCED_FACE('',(#9291),#310,.T.);
#14046=ADVANCED_FACE('',(#9292),#9572,.F.);
#14047=ADVANCED_FACE('',(#9293),#311,.T.);
#14048=ADVANCED_FACE('',(#9294),#312,.T.);
#14049=ADVANCED_FACE('',(#9295),#313,.T.);
#14050=ADVANCED_FACE('',(#9296),#9573,.F.);
#14051=ADVANCED_FACE('',(#9297),#314,.T.);
#14052=ADVANCED_FACE('',(#9298),#9574,.F.);
#14053=ADVANCED_FACE('',(#9299),#315,.T.);
#14054=ADVANCED_FACE('',(#9300),#9575,.F.);
#14055=ADVANCED_FACE('',(#9301),#316,.T.);
#14056=ADVANCED_FACE('',(#9302),#9576,.F.);
#14057=ADVANCED_FACE('',(#9303),#9577,.T.);
#14058=ADVANCED_FACE('',(#9304),#317,.T.);
#14059=ADVANCED_FACE('',(#9305),#9578,.F.);
#14060=ADVANCED_FACE('',(#9306),#318,.T.);
#14061=ADVANCED_FACE('',(#9307),#319,.T.);
#14062=ADVANCED_FACE('',(#9308),#9579,.F.);
#14063=ADVANCED_FACE('',(#9309),#320,.T.);
#14064=ADVANCED_FACE('',(#9310),#9580,.T.);
#14065=ADVANCED_FACE('',(#9311),#321,.T.);
#14066=ADVANCED_FACE('',(#9312),#9581,.F.);
#14067=ADVANCED_FACE('',(#9313),#322,.T.);
#14068=ADVANCED_FACE('',(#9314),#323,.T.);
#14069=ADVANCED_FACE('',(#9315),#324,.T.);
#14070=ADVANCED_FACE('',(#9316),#9582,.F.);
#14071=ADVANCED_FACE('',(#9317),#325,.T.);
#14072=ADVANCED_FACE('',(#9318),#9583,.F.);
#14073=ADVANCED_FACE('',(#9319),#326,.T.);
#14074=ADVANCED_FACE('',(#9320),#9584,.F.);
#14075=ADVANCED_FACE('',(#9321),#327,.T.);
#14076=ADVANCED_FACE('',(#9322),#9585,.F.);
#14077=ADVANCED_FACE('',(#9323),#9586,.T.);
#14078=ADVANCED_FACE('',(#9324),#328,.T.);
#14079=ADVANCED_FACE('',(#9325),#9587,.F.);
#14080=ADVANCED_FACE('',(#9326),#329,.T.);
#14081=ADVANCED_FACE('',(#9327),#330,.T.);
#14082=ADVANCED_FACE('',(#9328),#9588,.F.);
#14083=ADVANCED_FACE('',(#9329),#331,.T.);
#14084=ADVANCED_FACE('',(#9330),#9589,.T.);
#14085=ADVANCED_FACE('',(#9331),#332,.T.);
#14086=ADVANCED_FACE('',(#9332),#9590,.F.);
#14087=ADVANCED_FACE('',(#9333),#333,.T.);
#14088=ADVANCED_FACE('',(#9334),#334,.T.);
#14089=ADVANCED_FACE('',(#9335),#335,.T.);
#14090=ADVANCED_FACE('',(#9336),#9591,.F.);
#14091=ADVANCED_FACE('',(#9337),#336,.T.);
#14092=ADVANCED_FACE('',(#9338),#9592,.F.);
#14093=ADVANCED_FACE('',(#9339),#337,.T.);
#14094=ADVANCED_FACE('',(#9340),#9593,.F.);
#14095=ADVANCED_FACE('',(#9341),#338,.T.);
#14096=ADVANCED_FACE('',(#9342),#9594,.F.);
#14097=ADVANCED_FACE('',(#9343),#9595,.T.);
#14098=ADVANCED_FACE('',(#9344),#339,.T.);
#14099=ADVANCED_FACE('',(#9345),#9596,.F.);
#14100=ADVANCED_FACE('',(#9346),#340,.T.);
#14101=ADVANCED_FACE('',(#9347),#341,.T.);
#14102=ADVANCED_FACE('',(#9348),#9597,.F.);
#14103=ADVANCED_FACE('',(#9349),#342,.T.);
#14104=ADVANCED_FACE('',(#9350),#9598,.T.);
#14105=ADVANCED_FACE('',(#9351),#343,.T.);
#14106=ADVANCED_FACE('',(#9352),#9599,.F.);
#14107=ADVANCED_FACE('',(#9353),#344,.T.);
#14108=ADVANCED_FACE('',(#9354),#345,.T.);
#14109=ADVANCED_FACE('',(#9355),#346,.T.);
#14110=ADVANCED_FACE('',(#9356),#9600,.F.);
#14111=ADVANCED_FACE('',(#9357),#347,.T.);
#14112=ADVANCED_FACE('',(#9358),#9601,.F.);
#14113=ADVANCED_FACE('',(#9359),#348,.T.);
#14114=ADVANCED_FACE('',(#9360),#9602,.F.);
#14115=ADVANCED_FACE('',(#9361),#349,.T.);
#14116=ADVANCED_FACE('',(#9362),#9603,.F.);
#14117=ADVANCED_FACE('',(#9363),#9604,.T.);
#14118=ADVANCED_FACE('',(#9364),#350,.T.);
#14119=ADVANCED_FACE('',(#9365),#9605,.F.);
#14120=ADVANCED_FACE('',(#9366),#351,.T.);
#14121=ADVANCED_FACE('',(#9367),#352,.T.);
#14122=ADVANCED_FACE('',(#9368),#353,.T.);
#14123=ADVANCED_FACE('',(#9369,#9370),#354,.F.);
#14124=ADVANCED_FACE('',(#9371),#9606,.F.);
#14125=ADVANCED_FACE('',(#9372),#355,.T.);
#14126=ADVANCED_FACE('',(#9373),#356,.T.);
#14127=ADVANCED_FACE('',(#9374),#357,.T.);
#14128=ADVANCED_FACE('',(#9375,#9376),#358,.F.);
#14129=ADVANCED_FACE('',(#9377),#9607,.F.);
#14130=ADVANCED_FACE('',(#9378),#359,.T.);
#14131=ADVANCED_FACE('',(#9379),#360,.T.);
#14132=ADVANCED_FACE('',(#9380),#361,.T.);
#14133=ADVANCED_FACE('',(#9381,#9382),#362,.F.);
#14134=ADVANCED_FACE('',(#9383),#9608,.F.);
#14135=ADVANCED_FACE('',(#9384),#363,.T.);
#14136=ADVANCED_FACE('',(#9385),#364,.T.);
#14137=ADVANCED_FACE('',(#9386),#365,.T.);
#14138=ADVANCED_FACE('',(#9387,#9388),#366,.F.);
#14139=ADVANCED_FACE('',(#9389),#9609,.F.);
#14140=ADVANCED_FACE('',(#9390),#367,.T.);
#14141=ADVANCED_FACE('',(#9391),#368,.T.);
#14142=ADVANCED_FACE('',(#9392),#369,.T.);
#14143=ADVANCED_FACE('',(#9393,#9394),#370,.F.);
#14144=ADVANCED_FACE('',(#9395),#9610,.F.);
#14145=ADVANCED_FACE('',(#9396),#371,.T.);
#14146=ADVANCED_FACE('',(#9397),#372,.F.);
#14147=ADVANCED_FACE('',(#9398),#9611,.F.);
#14148=ADVANCED_FACE('',(#9399),#9612,.T.);
#14149=ADVANCED_FACE('',(#9400),#9613,.T.);
#14150=ADVANCED_FACE('',(#9401),#373,.F.);
#14151=ADVANCED_FACE('',(#9402),#374,.F.);
#14152=ADVANCED_FACE('',(#9403),#9614,.T.);
#14153=ADVANCED_FACE('',(#9404),#375,.F.);
#14154=ADVANCED_FACE('',(#9405),#9615,.F.);
#14155=ADVANCED_FACE('',(#9406),#9616,.T.);
#14156=ADVANCED_FACE('',(#9407),#9617,.T.);
#14157=ADVANCED_FACE('',(#9408),#376,.F.);
#14158=ADVANCED_FACE('',(#9409),#377,.F.);
#14159=ADVANCED_FACE('',(#9410),#9618,.T.);
#14160=ADVANCED_FACE('',(#9411),#378,.F.);
#14161=ADVANCED_FACE('',(#9412),#9619,.F.);
#14162=ADVANCED_FACE('',(#9413),#9620,.T.);
#14163=ADVANCED_FACE('',(#9414),#9621,.T.);
#14164=ADVANCED_FACE('',(#9415),#379,.F.);
#14165=ADVANCED_FACE('',(#9416),#380,.F.);
#14166=ADVANCED_FACE('',(#9417),#9622,.T.);
#14167=ADVANCED_FACE('',(#9418),#381,.F.);
#14168=ADVANCED_FACE('',(#9419),#9623,.F.);
#14169=ADVANCED_FACE('',(#9420),#9624,.T.);
#14170=ADVANCED_FACE('',(#9421),#9625,.T.);
#14171=ADVANCED_FACE('',(#9422),#382,.F.);
#14172=ADVANCED_FACE('',(#9423),#383,.F.);
#14173=ADVANCED_FACE('',(#9424),#9626,.T.);
#14174=ADVANCED_FACE('',(#9425),#384,.F.);
#14175=ADVANCED_FACE('',(#9426),#9627,.F.);
#14176=ADVANCED_FACE('',(#9427),#9628,.T.);
#14177=ADVANCED_FACE('',(#9428),#9629,.T.);
#14178=ADVANCED_FACE('',(#9429),#385,.F.);
#14179=ADVANCED_FACE('',(#9430),#386,.F.);
#14180=ADVANCED_FACE('',(#9431),#9630,.T.);
#14181=ADVANCED_FACE('',(#9432),#9631,.T.);
#14182=ADVANCED_FACE('',(#9433),#9632,.T.);
#14183=ADVANCED_FACE('',(#9434),#387,.T.);
#14184=ADVANCED_FACE('',(#9435),#9633,.T.);
#14185=ADVANCED_FACE('',(#9436),#9634,.T.);
#14186=ADVANCED_FACE('',(#9437),#388,.T.);
#14187=ADVANCED_FACE('',(#9438),#9635,.T.);
#14188=ADVANCED_FACE('',(#9439),#9636,.T.);
#14189=ADVANCED_FACE('',(#9440),#389,.T.);
#14190=ADVANCED_FACE('',(#9441),#9637,.T.);
#14191=ADVANCED_FACE('',(#9442),#9638,.T.);
#14192=ADVANCED_FACE('',(#9443),#390,.T.);
#14193=ADVANCED_FACE('',(#9444),#9639,.T.);
#14194=ADVANCED_FACE('',(#9445),#9640,.T.);
#14195=ADVANCED_FACE('',(#9446),#391,.T.);
#14196=ADVANCED_FACE('',(#9447),#9641,.T.);
#14197=ADVANCED_FACE('',(#9448),#9642,.T.);
#14198=ADVANCED_FACE('',(#9449),#9643,.T.);
#14199=ADVANCED_FACE('',(#9450),#9644,.T.);
#14200=ADVANCED_FACE('',(#9451),#9645,.T.);
#14201=ADVANCED_FACE('',(#9452),#9646,.T.);
#14202=ADVANCED_FACE('',(#9453),#9647,.T.);
#14203=ADVANCED_FACE('',(#9454),#9648,.T.);
#14204=ADVANCED_FACE('',(#9455),#9649,.T.);
#14205=ADVANCED_FACE('',(#9456),#9650,.T.);
#14206=ADVANCED_FACE('',(#9457),#9651,.T.);
#14207=ADVANCED_FACE('',(#9458),#9652,.T.);
#14208=ADVANCED_FACE('',(#9459),#9653,.T.);
#14209=ADVANCED_FACE('',(#9460),#9654,.T.);
#14210=ADVANCED_FACE('',(#9461),#9655,.T.);
#14211=ADVANCED_FACE('',(#9462),#9656,.T.);
#14212=ADVANCED_FACE('',(#9463),#9657,.T.);
#14213=ADVANCED_FACE('',(#9464),#9658,.T.);
#14214=ADVANCED_FACE('',(#9465),#9659,.T.);
#14215=ADVANCED_FACE('',(#9466),#9660,.T.);
#14216=ADVANCED_FACE('',(#9467),#9661,.T.);
#14217=ADVANCED_FACE('',(#9468),#9662,.T.);
#14218=ADVANCED_FACE('',(#9469),#9663,.T.);
#14219=ADVANCED_FACE('',(#9470),#9664,.T.);
#14220=ADVANCED_FACE('',(#9471),#9665,.T.);
#14221=ADVANCED_FACE('',(#9472),#9666,.T.);
#14222=ADVANCED_FACE('',(#9473),#9667,.T.);
#14223=ADVANCED_FACE('',(#9474),#9668,.T.);
#14224=ADVANCED_FACE('',(#9475),#9669,.T.);
#14225=ADVANCED_FACE('',(#9476),#9670,.T.);
#14226=ADVANCED_FACE('',(#9477),#392,.F.);
#14227=ADVANCED_FACE('',(#9478),#9671,.T.);
#14228=ADVANCED_FACE('',(#9479),#393,.F.);
#14229=ADVANCED_FACE('',(#9480),#9672,.T.);
#14230=ADVANCED_FACE('',(#9481),#394,.F.);
#14231=ADVANCED_FACE('',(#9482),#9673,.T.);
#14232=ADVANCED_FACE('',(#9483),#395,.F.);
#14233=ADVANCED_FACE('',(#9484),#9674,.T.);
#14234=ADVANCED_FACE('',(#9485),#396,.F.);
#14235=ADVANCED_FACE('',(#9486),#9675,.T.);
#14236=ADVANCED_FACE('',(#9487),#397,.F.);
#14237=ADVANCED_FACE('',(#9488),#9676,.T.);
#14238=ADVANCED_FACE('',(#9489),#398,.F.);
#14239=ADVANCED_FACE('',(#9490),#9677,.T.);
#14240=ADVANCED_FACE('',(#9491),#399,.F.);
#14241=ADVANCED_FACE('',(#9492),#400,.F.);
#14242=ADVANCED_FACE('',(#9493),#401,.T.);
#14243=ADVANCED_FACE('',(#9494),#77,.T.);
#14244=ADVANCED_FACE('',(#9495),#402,.T.);
#14245=ADVANCED_FACE('',(#9496),#78,.T.);
#14246=ADVANCED_FACE('',(#9497),#403,.T.);
#14247=ADVANCED_FACE('',(#9498),#79,.T.);
#14248=ADVANCED_FACE('',(#9499),#404,.T.);
#14249=CLOSED_SHELL('',(#13678,#13679,#13680,#13681,#13682,#13683,#13684,
#13685,#13686,#13687,#13688,#13689,#13690,#13691,#13692,#13693,#13694,#13695,
#13696,#13697,#13698,#13699,#13700,#13701,#13702,#13703,#13704,#13705,#13706,
#13707,#13708,#13709,#13710,#13711,#13712,#13713,#13714,#13715,#13716,#13717,
#13718,#13719,#13720,#13721,#13722,#13723,#13724,#13725,#13726,#13727,#13728,
#13729,#13730,#13731,#13732,#13733,#13734,#13735,#13736,#13737,#13738,#13739,
#13740,#13741,#13742,#13743,#13744,#13745,#13746,#13747,#13748,#13749,#13750,
#13751,#13752,#13753,#13754,#13755,#13756,#13757,#13758,#13759,#13760,#13761,
#13762,#13763,#13764,#13765,#13766,#13767,#13768,#13769,#13770,#13771,#13772,
#13773,#13774,#13775,#13776,#13777,#13778,#13779,#13780,#13781,#13782,#13783,
#13784,#13785,#13786,#13787,#13788,#13789,#13790,#13791,#13792,#13793,#13794,
#13795,#13796,#13797,#13798,#13799,#13800,#13801,#13802,#13803,#13804,#13805,
#13806,#13807,#13808,#13809,#13810,#13811,#13812,#13813,#13814,#13815,#13816,
#13817,#13818,#13819,#13820,#13821,#13822,#13823,#13824,#13825,#13826,#13827,
#13828,#13829,#13830,#13831,#13832,#13833,#13834,#13835,#13836,#13837,#13838,
#13839,#13840,#13841,#13842,#13843,#13844,#13845,#13846,#13847,#13848,#13849,
#13850,#13851,#13852,#13853,#13854,#13855,#13856,#13857,#13858,#13859,#13860,
#13861,#13862,#13863,#13864,#13865,#13866,#13867,#13868,#13869,#13870,#13871,
#13872,#13873,#13874,#13875,#13876,#13877,#13878,#13879,#13880,#13881,#13882,
#13883,#13884,#13885,#13886,#13887,#13888,#13889,#13890,#13891,#13892,#13893,
#13894,#13895,#13896,#13897,#13898,#13899,#13900,#13901,#13902,#13903,#13904,
#13905,#13906,#13907,#13908,#13909,#13910,#13911,#13912,#13913,#13914,#13915,
#13916,#13917,#13918,#13919,#13920,#13921,#13922,#13923,#13924,#13925,#13926,
#13927,#13928,#13929,#13930,#13931,#13932,#13933,#13934,#13935,#13936,#13937,
#13938,#13939,#13940,#13941,#13942,#13943,#13944,#13945,#13946,#13947,#13948,
#13949,#13950,#13951,#13952,#13953,#13954,#13955,#13956,#13957,#13958,#13959,
#13960,#13961,#13962,#13963,#13964,#13965,#13966,#13967,#13968,#13969,#13970,
#13971,#13972,#13973,#13974,#13975,#13976,#13977,#13978,#13979,#13980,#13981,
#13982,#13983,#13984,#13985,#13986,#13987,#13988,#13989,#13990,#13991,#13992,
#13993,#13994,#13995,#13996,#13997,#13998,#13999,#14000,#14001,#14002,#14003,
#14004,#14005,#14006,#14007,#14008,#14009,#14010,#14011,#14012,#14013,#14014,
#14015,#14016,#14017,#14018,#14019,#14020,#14021,#14022,#14023,#14024,#14025,
#14026,#14027,#14028,#14029,#14030,#14031,#14032,#14033,#14034,#14035,#14036,
#14037,#14038,#14039,#14040,#14041,#14042,#14043,#14044,#14045,#14046,#14047,
#14048,#14049,#14050,#14051,#14052,#14053,#14054,#14055,#14056,#14057,#14058,
#14059,#14060,#14061,#14062,#14063,#14064,#14065,#14066,#14067,#14068,#14069,
#14070,#14071,#14072,#14073,#14074,#14075,#14076,#14077,#14078,#14079,#14080,
#14081,#14082,#14083,#14084,#14085,#14086,#14087,#14088,#14089,#14090,#14091,
#14092,#14093,#14094,#14095,#14096,#14097,#14098,#14099,#14100,#14101,#14102,
#14103,#14104,#14105,#14106,#14107,#14108,#14109,#14110,#14111,#14112,#14113,
#14114,#14115,#14116,#14117,#14118,#14119,#14120,#14121,#14122,#14123,#14124,
#14125,#14126,#14127,#14128,#14129,#14130,#14131,#14132,#14133,#14134,#14135,
#14136,#14137,#14138,#14139,#14140,#14141,#14142,#14143,#14144,#14145,#14146,
#14147,#14148,#14149,#14150,#14151,#14152,#14153,#14154,#14155,#14156,#14157,
#14158,#14159,#14160,#14161,#14162,#14163,#14164,#14165,#14166,#14167,#14168,
#14169,#14170,#14171,#14172,#14173,#14174,#14175,#14176,#14177,#14178,#14179,
#14180,#14181,#14182,#14183,#14184,#14185,#14186,#14187,#14188,#14189,#14190,
#14191,#14192,#14193,#14194,#14195,#14196,#14197,#14198,#14199,#14200,#14201,
#14202,#14203,#14204,#14205,#14206,#14207,#14208,#14209,#14210,#14211,#14212,
#14213,#14214,#14215,#14216,#14217,#14218,#14219,#14220,#14221,#14222,#14223,
#14224,#14225,#14226,#14227,#14228,#14229,#14230,#14231,#14232,#14233,#14234,
#14235,#14236,#14237,#14238,#14239,#14240,#14241,#14242,#14243,#14244,#14245,
#14246,#14247,#14248));
#14250=MANIFOLD_SOLID_BREP('2604-3105',#14249);
#14251=SHAPE_DEFINITION_REPRESENTATION(#21443,#14252);
#14252=SHAPE_REPRESENTATION('2604-3105',(#14253),#21438);
#14253=AXIS2_PLACEMENT_3D('',#18222,#15244,#15245);
#14254=AXIS2_PLACEMENT_3D('',#18223,#15246,#15247);
#14255=AXIS2_PLACEMENT_3D('',#18227,#15249,#15250);
#14256=AXIS2_PLACEMENT_3D('',#18231,#15252,#15253);
#14257=AXIS2_PLACEMENT_3D('',#18232,#15254,#15255);
#14258=AXIS2_PLACEMENT_3D('',#18255,#15257,#15258);
#14259=AXIS2_PLACEMENT_3D('',#18259,#15260,#15261);
#14260=AXIS2_PLACEMENT_3D('',#18261,#15262,#15263);
#14261=AXIS2_PLACEMENT_3D('',#18262,#15264,#15265);
#14262=AXIS2_PLACEMENT_3D('',#18264,#15266,#15267);
#14263=AXIS2_PLACEMENT_3D('',#18277,#15274,#15275);
#14264=AXIS2_PLACEMENT_3D('',#18278,#15276,#15277);
#14265=AXIS2_PLACEMENT_3D('',#18281,#15278,#15279);
#14266=AXIS2_PLACEMENT_3D('',#18289,#15283,#15284);
#14267=AXIS2_PLACEMENT_3D('',#18291,#15285,#15286);
#14268=AXIS2_PLACEMENT_3D('',#18293,#15287,#15288);
#14269=AXIS2_PLACEMENT_3D('',#18297,#15290,#15291);
#14270=AXIS2_PLACEMENT_3D('',#18298,#15292,#15293);
#14271=AXIS2_PLACEMENT_3D('',#18321,#15295,#15296);
#14272=AXIS2_PLACEMENT_3D('',#18325,#15298,#15299);
#14273=AXIS2_PLACEMENT_3D('',#18327,#15300,#15301);
#14274=AXIS2_PLACEMENT_3D('',#18328,#15302,#15303);
#14275=AXIS2_PLACEMENT_3D('',#18330,#15304,#15305);
#14276=AXIS2_PLACEMENT_3D('',#18343,#15312,#15313);
#14277=AXIS2_PLACEMENT_3D('',#18344,#15314,#15315);
#14278=AXIS2_PLACEMENT_3D('',#18347,#15316,#15317);
#14279=AXIS2_PLACEMENT_3D('',#18355,#15321,#15322);
#14280=AXIS2_PLACEMENT_3D('',#18357,#15323,#15324);
#14281=AXIS2_PLACEMENT_3D('',#18359,#15325,#15326);
#14282=AXIS2_PLACEMENT_3D('',#18363,#15328,#15329);
#14283=AXIS2_PLACEMENT_3D('',#18364,#15330,#15331);
#14284=AXIS2_PLACEMENT_3D('',#18387,#15333,#15334);
#14285=AXIS2_PLACEMENT_3D('',#18391,#15336,#15337);
#14286=AXIS2_PLACEMENT_3D('',#18393,#15338,#15339);
#14287=AXIS2_PLACEMENT_3D('',#18394,#15340,#15341);
#14288=AXIS2_PLACEMENT_3D('',#18396,#15342,#15343);
#14289=AXIS2_PLACEMENT_3D('',#18409,#15350,#15351);
#14290=AXIS2_PLACEMENT_3D('',#18410,#15352,#15353);
#14291=AXIS2_PLACEMENT_3D('',#18413,#15354,#15355);
#14292=AXIS2_PLACEMENT_3D('',#18421,#15359,#15360);
#14293=AXIS2_PLACEMENT_3D('',#18423,#15361,#15362);
#14294=AXIS2_PLACEMENT_3D('',#18425,#15363,#15364);
#14295=AXIS2_PLACEMENT_3D('',#18429,#15366,#15367);
#14296=AXIS2_PLACEMENT_3D('',#18430,#15368,#15369);
#14297=AXIS2_PLACEMENT_3D('',#18453,#15371,#15372);
#14298=AXIS2_PLACEMENT_3D('',#18457,#15374,#15375);
#14299=AXIS2_PLACEMENT_3D('',#18459,#15376,#15377);
#14300=AXIS2_PLACEMENT_3D('',#18460,#15378,#15379);
#14301=AXIS2_PLACEMENT_3D('',#18462,#15380,#15381);
#14302=AXIS2_PLACEMENT_3D('',#18475,#15388,#15389);
#14303=AXIS2_PLACEMENT_3D('',#18476,#15390,#15391);
#14304=AXIS2_PLACEMENT_3D('',#18479,#15392,#15393);
#14305=AXIS2_PLACEMENT_3D('',#18487,#15397,#15398);
#14306=AXIS2_PLACEMENT_3D('',#18489,#15399,#15400);
#14307=AXIS2_PLACEMENT_3D('',#18491,#15401,#15402);
#14308=AXIS2_PLACEMENT_3D('',#18495,#15404,#15405);
#14309=AXIS2_PLACEMENT_3D('',#18496,#15406,#15407);
#14310=AXIS2_PLACEMENT_3D('',#18498,#15409,#15410);
#14311=AXIS2_PLACEMENT_3D('',#18502,#15412,#15413);
#14312=AXIS2_PLACEMENT_3D('',#18503,#15414,#15415);
#14313=AXIS2_PLACEMENT_3D('',#18505,#15417,#15418);
#14314=AXIS2_PLACEMENT_3D('',#18509,#15420,#15421);
#14315=AXIS2_PLACEMENT_3D('',#18510,#15422,#15423);
#14316=AXIS2_PLACEMENT_3D('',#18512,#15425,#15426);
#14317=AXIS2_PLACEMENT_3D('',#18516,#15428,#15429);
#14318=AXIS2_PLACEMENT_3D('',#18517,#15430,#15431);
#14319=AXIS2_PLACEMENT_3D('',#18519,#15433,#15434);
#14320=AXIS2_PLACEMENT_3D('',#18523,#15436,#15437);
#14321=AXIS2_PLACEMENT_3D('',#18524,#15438,#15439);
#14322=AXIS2_PLACEMENT_3D('',#18547,#15441,#15442);
#14323=AXIS2_PLACEMENT_3D('',#18551,#15444,#15445);
#14324=AXIS2_PLACEMENT_3D('',#18553,#15446,#15447);
#14325=AXIS2_PLACEMENT_3D('',#18554,#15448,#15449);
#14326=AXIS2_PLACEMENT_3D('',#18556,#15450,#15451);
#14327=AXIS2_PLACEMENT_3D('',#18569,#15458,#15459);
#14328=AXIS2_PLACEMENT_3D('',#18570,#15460,#15461);
#14329=AXIS2_PLACEMENT_3D('',#18573,#15462,#15463);
#14330=AXIS2_PLACEMENT_3D('',#18581,#15467,#15468);
#14331=AXIS2_PLACEMENT_3D('',#18583,#15469,#15470);
#14332=AXIS2_PLACEMENT_3D('',#18585,#15471,#15472);
#14333=AXIS2_PLACEMENT_3D('',#18589,#15474,#15475);
#14334=AXIS2_PLACEMENT_3D('',#18590,#15476,#15477);
#14335=AXIS2_PLACEMENT_3D('',#18592,#15479,#15480);
#14336=AXIS2_PLACEMENT_3D('',#18596,#15482,#15483);
#14337=AXIS2_PLACEMENT_3D('',#18597,#15484,#15485);
#14338=AXIS2_PLACEMENT_3D('',#18601,#15487,#15488);
#14339=AXIS2_PLACEMENT_3D('',#18602,#15489,#15490);
#14340=AXIS2_PLACEMENT_3D('',#18608,#15493,#15494);
#14341=AXIS2_PLACEMENT_3D('',#18611,#15496,#15497);
#14342=AXIS2_PLACEMENT_3D('',#18612,#15498,#15499);
#14343=AXIS2_PLACEMENT_3D('',#18618,#15502,#15503);
#14344=AXIS2_PLACEMENT_3D('',#18624,#15506,#15507);
#14345=AXIS2_PLACEMENT_3D('',#18625,#15508,#15509);
#14346=AXIS2_PLACEMENT_3D('',#18629,#15511,#15512);
#14347=AXIS2_PLACEMENT_3D('',#18630,#15513,#15514);
#14348=AXIS2_PLACEMENT_3D('',#18636,#15517,#15518);
#14349=AXIS2_PLACEMENT_3D('',#18639,#15520,#15521);
#14350=AXIS2_PLACEMENT_3D('',#18640,#15522,#15523);
#14351=AXIS2_PLACEMENT_3D('',#18646,#15526,#15527);
#14352=AXIS2_PLACEMENT_3D('',#18652,#15530,#15531);
#14353=AXIS2_PLACEMENT_3D('',#18653,#15532,#15533);
#14354=AXIS2_PLACEMENT_3D('',#18657,#15535,#15536);
#14355=AXIS2_PLACEMENT_3D('',#18658,#15537,#15538);
#14356=AXIS2_PLACEMENT_3D('',#18664,#15541,#15542);
#14357=AXIS2_PLACEMENT_3D('',#18667,#15544,#15545);
#14358=AXIS2_PLACEMENT_3D('',#18668,#15546,#15547);
#14359=AXIS2_PLACEMENT_3D('',#18674,#15550,#15551);
#14360=AXIS2_PLACEMENT_3D('',#18680,#15554,#15555);
#14361=AXIS2_PLACEMENT_3D('',#18681,#15556,#15557);
#14362=AXIS2_PLACEMENT_3D('',#18685,#15559,#15560);
#14363=AXIS2_PLACEMENT_3D('',#18686,#15561,#15562);
#14364=AXIS2_PLACEMENT_3D('',#18692,#15565,#15566);
#14365=AXIS2_PLACEMENT_3D('',#18695,#15568,#15569);
#14366=AXIS2_PLACEMENT_3D('',#18696,#15570,#15571);
#14367=AXIS2_PLACEMENT_3D('',#18702,#15574,#15575);
#14368=AXIS2_PLACEMENT_3D('',#18708,#15578,#15579);
#14369=AXIS2_PLACEMENT_3D('',#18709,#15580,#15581);
#14370=AXIS2_PLACEMENT_3D('',#18713,#15583,#15584);
#14371=AXIS2_PLACEMENT_3D('',#18714,#15585,#15586);
#14372=AXIS2_PLACEMENT_3D('',#18720,#15589,#15590);
#14373=AXIS2_PLACEMENT_3D('',#18723,#15592,#15593);
#14374=AXIS2_PLACEMENT_3D('',#18724,#15594,#15595);
#14375=AXIS2_PLACEMENT_3D('',#18730,#15598,#15599);
#14376=AXIS2_PLACEMENT_3D('',#18736,#15602,#15603);
#14377=AXIS2_PLACEMENT_3D('',#18737,#15604,#15605);
#14378=AXIS2_PLACEMENT_3D('',#18738,#15606,#15607);
#14379=AXIS2_PLACEMENT_3D('',#18743,#15609,#15610);
#14380=AXIS2_PLACEMENT_3D('',#18746,#15612,#15613);
#14381=AXIS2_PLACEMENT_3D('',#18747,#15614,#15615);
#14382=AXIS2_PLACEMENT_3D('',#18752,#15617,#15618);
#14383=AXIS2_PLACEMENT_3D('',#18755,#15620,#15621);
#14384=AXIS2_PLACEMENT_3D('',#18756,#15622,#15623);
#14385=AXIS2_PLACEMENT_3D('',#18761,#15625,#15626);
#14386=AXIS2_PLACEMENT_3D('',#18764,#15628,#15629);
#14387=AXIS2_PLACEMENT_3D('',#18765,#15630,#15631);
#14388=AXIS2_PLACEMENT_3D('',#18770,#15633,#15634);
#14389=AXIS2_PLACEMENT_3D('',#18773,#15636,#15637);
#14390=AXIS2_PLACEMENT_3D('',#18774,#15638,#15639);
#14391=AXIS2_PLACEMENT_3D('',#18779,#15641,#15642);
#14392=AXIS2_PLACEMENT_3D('',#18782,#15644,#15645);
#14393=AXIS2_PLACEMENT_3D('',#18783,#15646,#15647);
#14394=AXIS2_PLACEMENT_3D('',#18785,#15648,#15649);
#14395=AXIS2_PLACEMENT_3D('',#18787,#15650,#15651);
#14396=AXIS2_PLACEMENT_3D('',#18789,#15652,#15653);
#14397=AXIS2_PLACEMENT_3D('',#18791,#15654,#15655);
#14398=AXIS2_PLACEMENT_3D('',#18800,#15659,#15660);
#14399=AXIS2_PLACEMENT_3D('',#18804,#15662,#15663);
#14400=AXIS2_PLACEMENT_3D('',#18812,#15667,#15668);
#14401=AXIS2_PLACEMENT_3D('',#18816,#15670,#15671);
#14402=AXIS2_PLACEMENT_3D('',#18824,#15675,#15676);
#14403=AXIS2_PLACEMENT_3D('',#18828,#15678,#15679);
#14404=AXIS2_PLACEMENT_3D('',#18836,#15683,#15684);
#14405=AXIS2_PLACEMENT_3D('',#18840,#15686,#15687);
#14406=AXIS2_PLACEMENT_3D('',#18848,#15691,#15692);
#14407=AXIS2_PLACEMENT_3D('',#18852,#15694,#15695);
#14408=AXIS2_PLACEMENT_3D('',#18855,#15697,#15698);
#14409=AXIS2_PLACEMENT_3D('',#18862,#15702,#15703);
#14410=AXIS2_PLACEMENT_3D('',#18877,#15711,#15712);
#14411=AXIS2_PLACEMENT_3D('',#18884,#15716,#15717);
#14412=AXIS2_PLACEMENT_3D('',#18891,#15721,#15722);
#14413=AXIS2_PLACEMENT_3D('',#18896,#15725,#15726);
#14414=AXIS2_PLACEMENT_3D('',#18930,#15746,#15747);
#14415=AXIS2_PLACEMENT_3D('',#18931,#15748,#15749);
#14416=AXIS2_PLACEMENT_3D('',#18932,#15750,#15751);
#14417=AXIS2_PLACEMENT_3D('',#18933,#15752,#15753);
#14418=AXIS2_PLACEMENT_3D('',#18953,#15761,#15762);
#14419=AXIS2_PLACEMENT_3D('',#18978,#15770,#15771);
#14420=AXIS2_PLACEMENT_3D('',#18998,#15779,#15780);
#14421=AXIS2_PLACEMENT_3D('',#19023,#15788,#15789);
#14422=AXIS2_PLACEMENT_3D('',#19043,#15797,#15798);
#14423=AXIS2_PLACEMENT_3D('',#19068,#15806,#15807);
#14424=AXIS2_PLACEMENT_3D('',#19088,#15815,#15816);
#14425=AXIS2_PLACEMENT_3D('',#19113,#15824,#15825);
#14426=AXIS2_PLACEMENT_3D('',#19133,#15833,#15834);
#14427=AXIS2_PLACEMENT_3D('',#19158,#15842,#15843);
#14428=AXIS2_PLACEMENT_3D('',#19159,#15844,#15845);
#14429=AXIS2_PLACEMENT_3D('',#19163,#15847,#15848);
#14430=AXIS2_PLACEMENT_3D('',#19167,#15850,#15851);
#14431=AXIS2_PLACEMENT_3D('',#19168,#15852,#15853);
#14432=AXIS2_PLACEMENT_3D('',#19185,#15857,#15858);
#14433=AXIS2_PLACEMENT_3D('',#19186,#15859,#15860);
#14434=AXIS2_PLACEMENT_3D('',#19190,#15862,#15863);
#14435=AXIS2_PLACEMENT_3D('',#19194,#15865,#15866);
#14436=AXIS2_PLACEMENT_3D('',#19195,#15867,#15868);
#14437=AXIS2_PLACEMENT_3D('',#19212,#15872,#15873);
#14438=AXIS2_PLACEMENT_3D('',#19213,#15874,#15875);
#14439=AXIS2_PLACEMENT_3D('',#19217,#15877,#15878);
#14440=AXIS2_PLACEMENT_3D('',#19221,#15880,#15881);
#14441=AXIS2_PLACEMENT_3D('',#19222,#15882,#15883);
#14442=AXIS2_PLACEMENT_3D('',#19239,#15887,#15888);
#14443=AXIS2_PLACEMENT_3D('',#19240,#15889,#15890);
#14444=AXIS2_PLACEMENT_3D('',#19244,#15892,#15893);
#14445=AXIS2_PLACEMENT_3D('',#19248,#15895,#15896);
#14446=AXIS2_PLACEMENT_3D('',#19249,#15897,#15898);
#14447=AXIS2_PLACEMENT_3D('',#19266,#15902,#15903);
#14448=AXIS2_PLACEMENT_3D('',#19267,#15904,#15905);
#14449=AXIS2_PLACEMENT_3D('',#19271,#15907,#15908);
#14450=AXIS2_PLACEMENT_3D('',#19275,#15910,#15911);
#14451=AXIS2_PLACEMENT_3D('',#19276,#15912,#15913);
#14452=AXIS2_PLACEMENT_3D('',#19293,#15917,#15918);
#14453=AXIS2_PLACEMENT_3D('',#19294,#15919,#15920);
#14454=AXIS2_PLACEMENT_3D('',#19296,#15921,#15922);
#14455=AXIS2_PLACEMENT_3D('',#19299,#15924,#15925);
#14456=AXIS2_PLACEMENT_3D('',#19311,#15929,#15930);
#14457=AXIS2_PLACEMENT_3D('',#19312,#15931,#15932);
#14458=AXIS2_PLACEMENT_3D('',#19314,#15933,#15934);
#14459=AXIS2_PLACEMENT_3D('',#19317,#15936,#15937);
#14460=AXIS2_PLACEMENT_3D('',#19329,#15941,#15942);
#14461=AXIS2_PLACEMENT_3D('',#19330,#15943,#15944);
#14462=AXIS2_PLACEMENT_3D('',#19332,#15945,#15946);
#14463=AXIS2_PLACEMENT_3D('',#19335,#15948,#15949);
#14464=AXIS2_PLACEMENT_3D('',#19347,#15953,#15954);
#14465=AXIS2_PLACEMENT_3D('',#19348,#15955,#15956);
#14466=AXIS2_PLACEMENT_3D('',#19350,#15957,#15958);
#14467=AXIS2_PLACEMENT_3D('',#19353,#15960,#15961);
#14468=AXIS2_PLACEMENT_3D('',#19365,#15965,#15966);
#14469=AXIS2_PLACEMENT_3D('',#19366,#15967,#15968);
#14470=AXIS2_PLACEMENT_3D('',#19368,#15969,#15970);
#14471=AXIS2_PLACEMENT_3D('',#19371,#15972,#15973);
#14472=AXIS2_PLACEMENT_3D('',#19383,#15977,#15978);
#14473=AXIS2_PLACEMENT_3D('',#19384,#15979,#15980);
#14474=AXIS2_PLACEMENT_3D('',#19387,#15982,#15983);
#14475=AXIS2_PLACEMENT_3D('',#19389,#15984,#15985);
#14476=AXIS2_PLACEMENT_3D('',#19394,#15988,#15989);
#14477=AXIS2_PLACEMENT_3D('',#19395,#15990,#15991);
#14478=AXIS2_PLACEMENT_3D('',#19398,#15993,#15994);
#14479=AXIS2_PLACEMENT_3D('',#19400,#15995,#15996);
#14480=AXIS2_PLACEMENT_3D('',#19405,#15999,#16000);
#14481=AXIS2_PLACEMENT_3D('',#19406,#16001,#16002);
#14482=AXIS2_PLACEMENT_3D('',#19409,#16004,#16005);
#14483=AXIS2_PLACEMENT_3D('',#19411,#16006,#16007);
#14484=AXIS2_PLACEMENT_3D('',#19416,#16010,#16011);
#14485=AXIS2_PLACEMENT_3D('',#19417,#16012,#16013);
#14486=AXIS2_PLACEMENT_3D('',#19420,#16015,#16016);
#14487=AXIS2_PLACEMENT_3D('',#19422,#16017,#16018);
#14488=AXIS2_PLACEMENT_3D('',#19427,#16021,#16022);
#14489=AXIS2_PLACEMENT_3D('',#19428,#16023,#16024);
#14490=AXIS2_PLACEMENT_3D('',#19431,#16026,#16027);
#14491=AXIS2_PLACEMENT_3D('',#19433,#16028,#16029);
#14492=AXIS2_PLACEMENT_3D('',#19438,#16032,#16033);
#14493=AXIS2_PLACEMENT_3D('',#19439,#16034,#16035);
#14494=AXIS2_PLACEMENT_3D('',#19444,#16038,#16039);
#14495=AXIS2_PLACEMENT_3D('',#19449,#16042,#16043);
#14496=AXIS2_PLACEMENT_3D('',#19450,#16044,#16045);
#14497=AXIS2_PLACEMENT_3D('',#19455,#16048,#16049);
#14498=AXIS2_PLACEMENT_3D('',#19456,#16050,#16051);
#14499=AXIS2_PLACEMENT_3D('',#19461,#16054,#16055);
#14500=AXIS2_PLACEMENT_3D('',#19462,#16056,#16057);
#14501=AXIS2_PLACEMENT_3D('',#19463,#16058,#16059);
#14502=AXIS2_PLACEMENT_3D('',#19468,#16061,#16062);
#14503=AXIS2_PLACEMENT_3D('',#19471,#16064,#16065);
#14504=AXIS2_PLACEMENT_3D('',#19472,#16066,#16067);
#14505=AXIS2_PLACEMENT_3D('',#19476,#16069,#16070);
#14506=AXIS2_PLACEMENT_3D('',#19477,#16071,#16072);
#14507=AXIS2_PLACEMENT_3D('',#19497,#16086,#16087);
#14508=AXIS2_PLACEMENT_3D('',#19500,#16089,#16090);
#14509=AXIS2_PLACEMENT_3D('',#19501,#16091,#16092);
#14510=AXIS2_PLACEMENT_3D('',#19567,#16111,#16112);
#14511=AXIS2_PLACEMENT_3D('',#19568,#16113,#16114);
#14512=AXIS2_PLACEMENT_3D('',#19572,#16116,#16117);
#14513=AXIS2_PLACEMENT_3D('',#19573,#16118,#16119);
#14514=AXIS2_PLACEMENT_3D('',#19577,#16121,#16122);
#14515=AXIS2_PLACEMENT_3D('',#19581,#16124,#16125);
#14516=AXIS2_PLACEMENT_3D('',#19585,#16127,#16128);
#14517=AXIS2_PLACEMENT_3D('',#19593,#16132,#16133);
#14518=AXIS2_PLACEMENT_3D('',#19597,#16135,#16136);
#14519=AXIS2_PLACEMENT_3D('',#19601,#16138,#16139);
#14520=AXIS2_PLACEMENT_3D('',#19605,#16141,#16142);
#14521=AXIS2_PLACEMENT_3D('',#19607,#16143,#16144);
#14522=AXIS2_PLACEMENT_3D('',#19611,#16146,#16147);
#14523=AXIS2_PLACEMENT_3D('',#19615,#16149,#16150);
#14524=AXIS2_PLACEMENT_3D('',#19619,#16152,#16153);
#14525=AXIS2_PLACEMENT_3D('',#19623,#16155,#16156);
#14526=AXIS2_PLACEMENT_3D('',#19631,#16160,#16161);
#14527=AXIS2_PLACEMENT_3D('',#19635,#16163,#16164);
#14528=AXIS2_PLACEMENT_3D('',#19639,#16166,#16167);
#14529=AXIS2_PLACEMENT_3D('',#19643,#16169,#16170);
#14530=AXIS2_PLACEMENT_3D('',#19645,#16171,#16172);
#14531=AXIS2_PLACEMENT_3D('',#19649,#16174,#16175);
#14532=AXIS2_PLACEMENT_3D('',#19653,#16177,#16178);
#14533=AXIS2_PLACEMENT_3D('',#19657,#16180,#16181);
#14534=AXIS2_PLACEMENT_3D('',#19661,#16183,#16184);
#14535=AXIS2_PLACEMENT_3D('',#19669,#16188,#16189);
#14536=AXIS2_PLACEMENT_3D('',#19673,#16191,#16192);
#14537=AXIS2_PLACEMENT_3D('',#19677,#16194,#16195);
#14538=AXIS2_PLACEMENT_3D('',#19681,#16197,#16198);
#14539=AXIS2_PLACEMENT_3D('',#19683,#16199,#16200);
#14540=AXIS2_PLACEMENT_3D('',#19687,#16202,#16203);
#14541=AXIS2_PLACEMENT_3D('',#19691,#16205,#16206);
#14542=AXIS2_PLACEMENT_3D('',#19695,#16208,#16209);
#14543=AXIS2_PLACEMENT_3D('',#19699,#16211,#16212);
#14544=AXIS2_PLACEMENT_3D('',#19707,#16216,#16217);
#14545=AXIS2_PLACEMENT_3D('',#19711,#16219,#16220);
#14546=AXIS2_PLACEMENT_3D('',#19715,#16222,#16223);
#14547=AXIS2_PLACEMENT_3D('',#19719,#16225,#16226);
#14548=AXIS2_PLACEMENT_3D('',#19721,#16227,#16228);
#14549=AXIS2_PLACEMENT_3D('',#19725,#16230,#16231);
#14550=AXIS2_PLACEMENT_3D('',#19729,#16233,#16234);
#14551=AXIS2_PLACEMENT_3D('',#19733,#16236,#16237);
#14552=AXIS2_PLACEMENT_3D('',#19737,#16239,#16240);
#14553=AXIS2_PLACEMENT_3D('',#19745,#16244,#16245);
#14554=AXIS2_PLACEMENT_3D('',#19749,#16247,#16248);
#14555=AXIS2_PLACEMENT_3D('',#19753,#16250,#16251);
#14556=AXIS2_PLACEMENT_3D('',#19757,#16253,#16254);
#14557=AXIS2_PLACEMENT_3D('',#19759,#16255,#16256);
#14558=AXIS2_PLACEMENT_3D('',#19763,#16258,#16259);
#14559=AXIS2_PLACEMENT_3D('',#19769,#16263,#16264);
#14560=AXIS2_PLACEMENT_3D('',#19770,#16265,#16266);
#14561=AXIS2_PLACEMENT_3D('',#19771,#16267,#16268);
#14562=AXIS2_PLACEMENT_3D('',#19772,#16269,#16270);
#14563=AXIS2_PLACEMENT_3D('',#19773,#16271,#16272);
#14564=AXIS2_PLACEMENT_3D('',#19778,#16274,#16275);
#14565=AXIS2_PLACEMENT_3D('',#19783,#16278,#16279);
#14566=AXIS2_PLACEMENT_3D('',#19787,#16281,#16282);
#14567=AXIS2_PLACEMENT_3D('',#19793,#16285,#16286);
#14568=AXIS2_PLACEMENT_3D('',#19797,#16288,#16289);
#14569=AXIS2_PLACEMENT_3D('',#19801,#16291,#16292);
#14570=AXIS2_PLACEMENT_3D('',#19802,#16293,#16294);
#14571=AXIS2_PLACEMENT_3D('',#19803,#16295,#16296);
#14572=AXIS2_PLACEMENT_3D('',#19804,#16297,#16298);
#14573=AXIS2_PLACEMENT_3D('',#19805,#16299,#16300);
#14574=AXIS2_PLACEMENT_3D('',#19807,#16301,#16302);
#14575=AXIS2_PLACEMENT_3D('',#19808,#16303,#16304);
#14576=AXIS2_PLACEMENT_3D('',#19809,#16305,#16306);
#14577=AXIS2_PLACEMENT_3D('',#19810,#16307,#16308);
#14578=AXIS2_PLACEMENT_3D('',#19815,#16311,#16312);
#14579=AXIS2_PLACEMENT_3D('',#19817,#16313,#16314);
#14580=AXIS2_PLACEMENT_3D('',#19818,#16315,#16316);
#14581=AXIS2_PLACEMENT_3D('',#19820,#16317,#16318);
#14582=AXIS2_PLACEMENT_3D('',#19821,#16319,#16320);
#14583=AXIS2_PLACEMENT_3D('',#19822,#16321,#16322);
#14584=AXIS2_PLACEMENT_3D('',#19824,#16324,#16325);
#14585=AXIS2_PLACEMENT_3D('',#19825,#16326,#16327);
#14586=AXIS2_PLACEMENT_3D('',#19827,#16329,#16330);
#14587=AXIS2_PLACEMENT_3D('',#19829,#16332,#16333);
#14588=AXIS2_PLACEMENT_3D('',#19831,#16335,#16336);
#14589=AXIS2_PLACEMENT_3D('',#19832,#16337,#16338);
#14590=AXIS2_PLACEMENT_3D('',#19833,#16339,#16340);
#14591=AXIS2_PLACEMENT_3D('',#19834,#16341,#16342);
#14592=AXIS2_PLACEMENT_3D('',#19836,#16343,#16344);
#14593=AXIS2_PLACEMENT_3D('',#19837,#16345,#16346);
#14594=AXIS2_PLACEMENT_3D('',#19838,#16347,#16348);
#14595=AXIS2_PLACEMENT_3D('',#19839,#16349,#16350);
#14596=AXIS2_PLACEMENT_3D('',#19844,#16353,#16354);
#14597=AXIS2_PLACEMENT_3D('',#19846,#16355,#16356);
#14598=AXIS2_PLACEMENT_3D('',#19847,#16357,#16358);
#14599=AXIS2_PLACEMENT_3D('',#19849,#16359,#16360);
#14600=AXIS2_PLACEMENT_3D('',#19850,#16361,#16362);
#14601=AXIS2_PLACEMENT_3D('',#19851,#16363,#16364);
#14602=AXIS2_PLACEMENT_3D('',#19853,#16366,#16367);
#14603=AXIS2_PLACEMENT_3D('',#19854,#16368,#16369);
#14604=AXIS2_PLACEMENT_3D('',#19856,#16371,#16372);
#14605=AXIS2_PLACEMENT_3D('',#19858,#16374,#16375);
#14606=AXIS2_PLACEMENT_3D('',#19860,#16377,#16378);
#14607=AXIS2_PLACEMENT_3D('',#19861,#16379,#16380);
#14608=AXIS2_PLACEMENT_3D('',#19862,#16381,#16382);
#14609=AXIS2_PLACEMENT_3D('',#19863,#16383,#16384);
#14610=AXIS2_PLACEMENT_3D('',#19865,#16385,#16386);
#14611=AXIS2_PLACEMENT_3D('',#19866,#16387,#16388);
#14612=AXIS2_PLACEMENT_3D('',#19867,#16389,#16390);
#14613=AXIS2_PLACEMENT_3D('',#19868,#16391,#16392);
#14614=AXIS2_PLACEMENT_3D('',#19873,#16395,#16396);
#14615=AXIS2_PLACEMENT_3D('',#19875,#16397,#16398);
#14616=AXIS2_PLACEMENT_3D('',#19876,#16399,#16400);
#14617=AXIS2_PLACEMENT_3D('',#19878,#16401,#16402);
#14618=AXIS2_PLACEMENT_3D('',#19879,#16403,#16404);
#14619=AXIS2_PLACEMENT_3D('',#19880,#16405,#16406);
#14620=AXIS2_PLACEMENT_3D('',#19882,#16408,#16409);
#14621=AXIS2_PLACEMENT_3D('',#19883,#16410,#16411);
#14622=AXIS2_PLACEMENT_3D('',#19885,#16413,#16414);
#14623=AXIS2_PLACEMENT_3D('',#19887,#16416,#16417);
#14624=AXIS2_PLACEMENT_3D('',#19889,#16419,#16420);
#14625=AXIS2_PLACEMENT_3D('',#19890,#16421,#16422);
#14626=AXIS2_PLACEMENT_3D('',#19891,#16423,#16424);
#14627=AXIS2_PLACEMENT_3D('',#19892,#16425,#16426);
#14628=AXIS2_PLACEMENT_3D('',#19894,#16427,#16428);
#14629=AXIS2_PLACEMENT_3D('',#19895,#16429,#16430);
#14630=AXIS2_PLACEMENT_3D('',#19896,#16431,#16432);
#14631=AXIS2_PLACEMENT_3D('',#19897,#16433,#16434);
#14632=AXIS2_PLACEMENT_3D('',#19902,#16437,#16438);
#14633=AXIS2_PLACEMENT_3D('',#19904,#16439,#16440);
#14634=AXIS2_PLACEMENT_3D('',#19905,#16441,#16442);
#14635=AXIS2_PLACEMENT_3D('',#19907,#16443,#16444);
#14636=AXIS2_PLACEMENT_3D('',#19908,#16445,#16446);
#14637=AXIS2_PLACEMENT_3D('',#19909,#16447,#16448);
#14638=AXIS2_PLACEMENT_3D('',#19911,#16450,#16451);
#14639=AXIS2_PLACEMENT_3D('',#19912,#16452,#16453);
#14640=AXIS2_PLACEMENT_3D('',#19914,#16455,#16456);
#14641=AXIS2_PLACEMENT_3D('',#19916,#16458,#16459);
#14642=AXIS2_PLACEMENT_3D('',#19918,#16461,#16462);
#14643=AXIS2_PLACEMENT_3D('',#19919,#16463,#16464);
#14644=AXIS2_PLACEMENT_3D('',#19920,#16465,#16466);
#14645=AXIS2_PLACEMENT_3D('',#19921,#16467,#16468);
#14646=AXIS2_PLACEMENT_3D('',#19923,#16469,#16470);
#14647=AXIS2_PLACEMENT_3D('',#19924,#16471,#16472);
#14648=AXIS2_PLACEMENT_3D('',#19925,#16473,#16474);
#14649=AXIS2_PLACEMENT_3D('',#19926,#16475,#16476);
#14650=AXIS2_PLACEMENT_3D('',#19931,#16479,#16480);
#14651=AXIS2_PLACEMENT_3D('',#19933,#16481,#16482);
#14652=AXIS2_PLACEMENT_3D('',#19934,#16483,#16484);
#14653=AXIS2_PLACEMENT_3D('',#19936,#16485,#16486);
#14654=AXIS2_PLACEMENT_3D('',#19937,#16487,#16488);
#14655=AXIS2_PLACEMENT_3D('',#19938,#16489,#16490);
#14656=AXIS2_PLACEMENT_3D('',#19940,#16492,#16493);
#14657=AXIS2_PLACEMENT_3D('',#19941,#16494,#16495);
#14658=AXIS2_PLACEMENT_3D('',#19943,#16497,#16498);
#14659=AXIS2_PLACEMENT_3D('',#19945,#16500,#16501);
#14660=AXIS2_PLACEMENT_3D('',#19947,#16503,#16504);
#14661=AXIS2_PLACEMENT_3D('',#19948,#16505,#16506);
#14662=AXIS2_PLACEMENT_3D('',#19949,#16507,#16508);
#14663=AXIS2_PLACEMENT_3D('',#19950,#16509,#16510);
#14664=AXIS2_PLACEMENT_3D('',#19951,#16511,#16512);
#14665=AXIS2_PLACEMENT_3D('',#19952,#16513,#16514);
#14666=AXIS2_PLACEMENT_3D('',#19953,#16515,#16516);
#14667=AXIS2_PLACEMENT_3D('',#19954,#16517,#16518);
#14668=AXIS2_PLACEMENT_3D('',#19955,#16519,#16520);
#14669=AXIS2_PLACEMENT_3D('',#19956,#16521,#16522);
#14670=AXIS2_PLACEMENT_3D('',#19957,#16523,#16524);
#14671=AXIS2_PLACEMENT_3D('',#19958,#16525,#16526);
#14672=AXIS2_PLACEMENT_3D('',#19959,#16527,#16528);
#14673=AXIS2_PLACEMENT_3D('',#19960,#16529,#16530);
#14674=AXIS2_PLACEMENT_3D('',#19961,#16531,#16532);
#14675=AXIS2_PLACEMENT_3D('',#19962,#16533,#16534);
#14676=AXIS2_PLACEMENT_3D('',#19963,#16535,#16536);
#14677=AXIS2_PLACEMENT_3D('',#19964,#16537,#16538);
#14678=AXIS2_PLACEMENT_3D('',#19965,#16539,#16540);
#14679=AXIS2_PLACEMENT_3D('',#19966,#16541,#16542);
#14680=AXIS2_PLACEMENT_3D('',#19967,#16543,#16544);
#14681=AXIS2_PLACEMENT_3D('',#19968,#16545,#16546);
#14682=AXIS2_PLACEMENT_3D('',#19969,#16547,#16548);
#14683=AXIS2_PLACEMENT_3D('',#19970,#16549,#16550);
#14684=AXIS2_PLACEMENT_3D('',#19971,#16551,#16552);
#14685=AXIS2_PLACEMENT_3D('',#19972,#16553,#16554);
#14686=AXIS2_PLACEMENT_3D('',#19973,#16555,#16556);
#14687=AXIS2_PLACEMENT_3D('',#19979,#16560,#16561);
#14688=AXIS2_PLACEMENT_3D('',#19983,#16564,#16565);
#14689=AXIS2_PLACEMENT_3D('',#19987,#16568,#16569);
#14690=AXIS2_PLACEMENT_3D('',#19989,#16571,#16572);
#14691=AXIS2_PLACEMENT_3D('',#19990,#16573,#16574);
#14692=AXIS2_PLACEMENT_3D('',#19996,#16578,#16579);
#14693=AXIS2_PLACEMENT_3D('',#20000,#16582,#16583);
#14694=AXIS2_PLACEMENT_3D('',#20004,#16586,#16587);
#14695=AXIS2_PLACEMENT_3D('',#20006,#16589,#16590);
#14696=AXIS2_PLACEMENT_3D('',#20007,#16591,#16592);
#14697=AXIS2_PLACEMENT_3D('',#20013,#16596,#16597);
#14698=AXIS2_PLACEMENT_3D('',#20017,#16600,#16601);
#14699=AXIS2_PLACEMENT_3D('',#20021,#16604,#16605);
#14700=AXIS2_PLACEMENT_3D('',#20023,#16607,#16608);
#14701=AXIS2_PLACEMENT_3D('',#20024,#16609,#16610);
#14702=AXIS2_PLACEMENT_3D('',#20030,#16614,#16615);
#14703=AXIS2_PLACEMENT_3D('',#20034,#16618,#16619);
#14704=AXIS2_PLACEMENT_3D('',#20038,#16622,#16623);
#14705=AXIS2_PLACEMENT_3D('',#20040,#16625,#16626);
#14706=AXIS2_PLACEMENT_3D('',#20041,#16627,#16628);
#14707=AXIS2_PLACEMENT_3D('',#20047,#16632,#16633);
#14708=AXIS2_PLACEMENT_3D('',#20051,#16636,#16637);
#14709=AXIS2_PLACEMENT_3D('',#20055,#16640,#16641);
#14710=AXIS2_PLACEMENT_3D('',#20057,#16643,#16644);
#14711=AXIS2_PLACEMENT_3D('',#20058,#16645,#16646);
#14712=AXIS2_PLACEMENT_3D('',#20064,#16650,#16651);
#14713=AXIS2_PLACEMENT_3D('',#20068,#16654,#16655);
#14714=AXIS2_PLACEMENT_3D('',#20072,#16658,#16659);
#14715=AXIS2_PLACEMENT_3D('',#20074,#16661,#16662);
#14716=AXIS2_PLACEMENT_3D('',#20075,#16663,#16664);
#14717=AXIS2_PLACEMENT_3D('',#20081,#16668,#16669);
#14718=AXIS2_PLACEMENT_3D('',#20085,#16672,#16673);
#14719=AXIS2_PLACEMENT_3D('',#20089,#16676,#16677);
#14720=AXIS2_PLACEMENT_3D('',#20091,#16679,#16680);
#14721=AXIS2_PLACEMENT_3D('',#20092,#16681,#16682);
#14722=AXIS2_PLACEMENT_3D('',#20098,#16686,#16687);
#14723=AXIS2_PLACEMENT_3D('',#20102,#16690,#16691);
#14724=AXIS2_PLACEMENT_3D('',#20106,#16694,#16695);
#14725=AXIS2_PLACEMENT_3D('',#20108,#16697,#16698);
#14726=AXIS2_PLACEMENT_3D('',#20109,#16699,#16700);
#14727=AXIS2_PLACEMENT_3D('',#20115,#16704,#16705);
#14728=AXIS2_PLACEMENT_3D('',#20119,#16708,#16709);
#14729=AXIS2_PLACEMENT_3D('',#20123,#16712,#16713);
#14730=AXIS2_PLACEMENT_3D('',#20125,#16715,#16716);
#14731=AXIS2_PLACEMENT_3D('',#20126,#16717,#16718);
#14732=AXIS2_PLACEMENT_3D('',#20132,#16722,#16723);
#14733=AXIS2_PLACEMENT_3D('',#20136,#16726,#16727);
#14734=AXIS2_PLACEMENT_3D('',#20140,#16730,#16731);
#14735=AXIS2_PLACEMENT_3D('',#20142,#16733,#16734);
#14736=AXIS2_PLACEMENT_3D('',#20143,#16735,#16736);
#14737=AXIS2_PLACEMENT_3D('',#20144,#16737,#16738);
#14738=AXIS2_PLACEMENT_3D('',#20146,#16739,#16740);
#14739=AXIS2_PLACEMENT_3D('',#20147,#16741,#16742);
#14740=AXIS2_PLACEMENT_3D('',#20149,#16743,#16744);
#14741=AXIS2_PLACEMENT_3D('',#20150,#16745,#16746);
#14742=AXIS2_PLACEMENT_3D('',#20151,#16747,#16748);
#14743=AXIS2_PLACEMENT_3D('',#20153,#16749,#16750);
#14744=AXIS2_PLACEMENT_3D('',#20154,#16751,#16752);
#14745=AXIS2_PLACEMENT_3D('',#20156,#16753,#16754);
#14746=AXIS2_PLACEMENT_3D('',#20157,#16755,#16756);
#14747=AXIS2_PLACEMENT_3D('',#20158,#16757,#16758);
#14748=AXIS2_PLACEMENT_3D('',#20160,#16759,#16760);
#14749=AXIS2_PLACEMENT_3D('',#20161,#16761,#16762);
#14750=AXIS2_PLACEMENT_3D('',#20163,#16763,#16764);
#14751=AXIS2_PLACEMENT_3D('',#20164,#16765,#16766);
#14752=AXIS2_PLACEMENT_3D('',#20165,#16767,#16768);
#14753=AXIS2_PLACEMENT_3D('',#20167,#16769,#16770);
#14754=AXIS2_PLACEMENT_3D('',#20168,#16771,#16772);
#14755=AXIS2_PLACEMENT_3D('',#20170,#16773,#16774);
#14756=AXIS2_PLACEMENT_3D('',#20171,#16775,#16776);
#14757=AXIS2_PLACEMENT_3D('',#20172,#16777,#16778);
#14758=AXIS2_PLACEMENT_3D('',#20174,#16779,#16780);
#14759=AXIS2_PLACEMENT_3D('',#20175,#16781,#16782);
#14760=AXIS2_PLACEMENT_3D('',#20177,#16783,#16784);
#14761=AXIS2_PLACEMENT_3D('',#20178,#16785,#16786);
#14762=AXIS2_PLACEMENT_3D('',#20184,#16790,#16791);
#14763=AXIS2_PLACEMENT_3D('',#20188,#16794,#16795);
#14764=AXIS2_PLACEMENT_3D('',#20192,#16798,#16799);
#14765=AXIS2_PLACEMENT_3D('',#20193,#16800,#16801);
#14766=AXIS2_PLACEMENT_3D('',#20196,#16803,#16804);
#14767=AXIS2_PLACEMENT_3D('',#20200,#16807,#16808);
#14768=AXIS2_PLACEMENT_3D('',#20201,#16809,#16810);
#14769=AXIS2_PLACEMENT_3D('',#20202,#16811,#16812);
#14770=AXIS2_PLACEMENT_3D('',#20203,#16813,#16814);
#14771=AXIS2_PLACEMENT_3D('',#20209,#16818,#16819);
#14772=AXIS2_PLACEMENT_3D('',#20213,#16822,#16823);
#14773=AXIS2_PLACEMENT_3D('',#20217,#16826,#16827);
#14774=AXIS2_PLACEMENT_3D('',#20218,#16828,#16829);
#14775=AXIS2_PLACEMENT_3D('',#20221,#16831,#16832);
#14776=AXIS2_PLACEMENT_3D('',#20225,#16835,#16836);
#14777=AXIS2_PLACEMENT_3D('',#20226,#16837,#16838);
#14778=AXIS2_PLACEMENT_3D('',#20227,#16839,#16840);
#14779=AXIS2_PLACEMENT_3D('',#20228,#16841,#16842);
#14780=AXIS2_PLACEMENT_3D('',#20234,#16846,#16847);
#14781=AXIS2_PLACEMENT_3D('',#20238,#16850,#16851);
#14782=AXIS2_PLACEMENT_3D('',#20242,#16854,#16855);
#14783=AXIS2_PLACEMENT_3D('',#20243,#16856,#16857);
#14784=AXIS2_PLACEMENT_3D('',#20246,#16859,#16860);
#14785=AXIS2_PLACEMENT_3D('',#20250,#16863,#16864);
#14786=AXIS2_PLACEMENT_3D('',#20251,#16865,#16866);
#14787=AXIS2_PLACEMENT_3D('',#20252,#16867,#16868);
#14788=AXIS2_PLACEMENT_3D('',#20253,#16869,#16870);
#14789=AXIS2_PLACEMENT_3D('',#20259,#16874,#16875);
#14790=AXIS2_PLACEMENT_3D('',#20263,#16878,#16879);
#14791=AXIS2_PLACEMENT_3D('',#20267,#16882,#16883);
#14792=AXIS2_PLACEMENT_3D('',#20268,#16884,#16885);
#14793=AXIS2_PLACEMENT_3D('',#20271,#16887,#16888);
#14794=AXIS2_PLACEMENT_3D('',#20275,#16891,#16892);
#14795=AXIS2_PLACEMENT_3D('',#20276,#16893,#16894);
#14796=AXIS2_PLACEMENT_3D('',#20277,#16895,#16896);
#14797=AXIS2_PLACEMENT_3D('',#20278,#16897,#16898);
#14798=AXIS2_PLACEMENT_3D('',#20284,#16902,#16903);
#14799=AXIS2_PLACEMENT_3D('',#20288,#16906,#16907);
#14800=AXIS2_PLACEMENT_3D('',#20292,#16910,#16911);
#14801=AXIS2_PLACEMENT_3D('',#20293,#16912,#16913);
#14802=AXIS2_PLACEMENT_3D('',#20296,#16915,#16916);
#14803=AXIS2_PLACEMENT_3D('',#20300,#16919,#16920);
#14804=AXIS2_PLACEMENT_3D('',#20301,#16921,#16922);
#14805=AXIS2_PLACEMENT_3D('',#20302,#16923,#16924);
#14806=AXIS2_PLACEMENT_3D('',#20303,#16925,#16926);
#14807=AXIS2_PLACEMENT_3D('',#20309,#16930,#16931);
#14808=AXIS2_PLACEMENT_3D('',#20310,#16932,#16933);
#14809=AXIS2_PLACEMENT_3D('',#20313,#16935,#16936);
#14810=AXIS2_PLACEMENT_3D('',#20317,#16939,#16940);
#14811=AXIS2_PLACEMENT_3D('',#20318,#16941,#16942);
#14812=AXIS2_PLACEMENT_3D('',#20321,#16944,#16945);
#14813=AXIS2_PLACEMENT_3D('',#20322,#16946,#16947);
#14814=AXIS2_PLACEMENT_3D('',#20325,#16949,#16950);
#14815=AXIS2_PLACEMENT_3D('',#20329,#16953,#16954);
#14816=AXIS2_PLACEMENT_3D('',#20330,#16955,#16956);
#14817=AXIS2_PLACEMENT_3D('',#20333,#16958,#16959);
#14818=AXIS2_PLACEMENT_3D('',#20337,#16962,#16963);
#14819=AXIS2_PLACEMENT_3D('',#20338,#16964,#16965);
#14820=AXIS2_PLACEMENT_3D('',#20341,#16967,#16968);
#14821=AXIS2_PLACEMENT_3D('',#20345,#16971,#16972);
#14822=AXIS2_PLACEMENT_3D('',#20346,#16973,#16974);
#14823=AXIS2_PLACEMENT_3D('',#20349,#16976,#16977);
#14824=AXIS2_PLACEMENT_3D('',#20353,#16980,#16981);
#14825=AXIS2_PLACEMENT_3D('',#20357,#16984,#16985);
#14826=AXIS2_PLACEMENT_3D('',#20361,#16988,#16989);
#14827=AXIS2_PLACEMENT_3D('',#20362,#16990,#16991);
#14828=AXIS2_PLACEMENT_3D('',#20365,#16993,#16994);
#14829=AXIS2_PLACEMENT_3D('',#20369,#16997,#16998);
#14830=AXIS2_PLACEMENT_3D('',#20370,#16999,#17000);
#14831=AXIS2_PLACEMENT_3D('',#20373,#17002,#17003);
#14832=AXIS2_PLACEMENT_3D('',#20377,#17006,#17007);
#14833=AXIS2_PLACEMENT_3D('',#20378,#17008,#17009);
#14834=AXIS2_PLACEMENT_3D('',#20379,#17010,#17011);
#14835=AXIS2_PLACEMENT_3D('',#20383,#17013,#17014);
#14836=AXIS2_PLACEMENT_3D('',#20387,#17016,#17017);
#14837=AXIS2_PLACEMENT_3D('',#20389,#17018,#17019);
#14838=AXIS2_PLACEMENT_3D('',#20393,#17021,#17022);
#14839=AXIS2_PLACEMENT_3D('',#20397,#17024,#17025);
#14840=AXIS2_PLACEMENT_3D('',#20401,#17027,#17028);
#14841=AXIS2_PLACEMENT_3D('',#20409,#17032,#17033);
#14842=AXIS2_PLACEMENT_3D('',#20413,#17035,#17036);
#14843=AXIS2_PLACEMENT_3D('',#20417,#17038,#17039);
#14844=AXIS2_PLACEMENT_3D('',#20418,#17040,#17041);
#14845=AXIS2_PLACEMENT_3D('',#20421,#17044,#17045);
#14846=AXIS2_PLACEMENT_3D('',#20423,#17047,#17048);
#14847=AXIS2_PLACEMENT_3D('',#20425,#17050,#17051);
#14848=AXIS2_PLACEMENT_3D('',#20427,#17053,#17054);
#14849=AXIS2_PLACEMENT_3D('',#20429,#17056,#17057);
#14850=AXIS2_PLACEMENT_3D('',#20431,#17059,#17060);
#14851=AXIS2_PLACEMENT_3D('',#20433,#17062,#17063);
#14852=AXIS2_PLACEMENT_3D('',#20435,#17065,#17066);
#14853=AXIS2_PLACEMENT_3D('',#20437,#17068,#17069);
#14854=AXIS2_PLACEMENT_3D('',#20439,#17071,#17072);
#14855=AXIS2_PLACEMENT_3D('',#20441,#17074,#17075);
#14856=AXIS2_PLACEMENT_3D('',#20443,#17077,#17078);
#14857=AXIS2_PLACEMENT_3D('',#20445,#17080,#17081);
#14858=AXIS2_PLACEMENT_3D('',#20447,#17083,#17084);
#14859=AXIS2_PLACEMENT_3D('',#20449,#17086,#17087);
#14860=AXIS2_PLACEMENT_3D('',#20451,#17089,#17090);
#14861=AXIS2_PLACEMENT_3D('',#20453,#17092,#17093);
#14862=AXIS2_PLACEMENT_3D('',#20455,#17095,#17096);
#14863=AXIS2_PLACEMENT_3D('',#20456,#17097,#17098);
#14864=AXIS2_PLACEMENT_3D('',#20462,#17102,#17103);
#14865=AXIS2_PLACEMENT_3D('',#20463,#17104,#17105);
#14866=AXIS2_PLACEMENT_3D('',#20466,#17107,#17108);
#14867=AXIS2_PLACEMENT_3D('',#20470,#17111,#17112);
#14868=AXIS2_PLACEMENT_3D('',#20471,#17113,#17114);
#14869=AXIS2_PLACEMENT_3D('',#20474,#17116,#17117);
#14870=AXIS2_PLACEMENT_3D('',#20475,#17118,#17119);
#14871=AXIS2_PLACEMENT_3D('',#20478,#17121,#17122);
#14872=AXIS2_PLACEMENT_3D('',#20482,#17125,#17126);
#14873=AXIS2_PLACEMENT_3D('',#20483,#17127,#17128);
#14874=AXIS2_PLACEMENT_3D('',#20486,#17130,#17131);
#14875=AXIS2_PLACEMENT_3D('',#20490,#17134,#17135);
#14876=AXIS2_PLACEMENT_3D('',#20491,#17136,#17137);
#14877=AXIS2_PLACEMENT_3D('',#20494,#17139,#17140);
#14878=AXIS2_PLACEMENT_3D('',#20498,#17143,#17144);
#14879=AXIS2_PLACEMENT_3D('',#20499,#17145,#17146);
#14880=AXIS2_PLACEMENT_3D('',#20502,#17148,#17149);
#14881=AXIS2_PLACEMENT_3D('',#20506,#17152,#17153);
#14882=AXIS2_PLACEMENT_3D('',#20510,#17156,#17157);
#14883=AXIS2_PLACEMENT_3D('',#20514,#17160,#17161);
#14884=AXIS2_PLACEMENT_3D('',#20515,#17162,#17163);
#14885=AXIS2_PLACEMENT_3D('',#20518,#17165,#17166);
#14886=AXIS2_PLACEMENT_3D('',#20522,#17169,#17170);
#14887=AXIS2_PLACEMENT_3D('',#20523,#17171,#17172);
#14888=AXIS2_PLACEMENT_3D('',#20526,#17174,#17175);
#14889=AXIS2_PLACEMENT_3D('',#20530,#17178,#17179);
#14890=AXIS2_PLACEMENT_3D('',#20531,#17180,#17181);
#14891=AXIS2_PLACEMENT_3D('',#20532,#17182,#17183);
#14892=AXIS2_PLACEMENT_3D('',#20538,#17187,#17188);
#14893=AXIS2_PLACEMENT_3D('',#20539,#17189,#17190);
#14894=AXIS2_PLACEMENT_3D('',#20542,#17192,#17193);
#14895=AXIS2_PLACEMENT_3D('',#20546,#17196,#17197);
#14896=AXIS2_PLACEMENT_3D('',#20547,#17198,#17199);
#14897=AXIS2_PLACEMENT_3D('',#20550,#17201,#17202);
#14898=AXIS2_PLACEMENT_3D('',#20551,#17203,#17204);
#14899=AXIS2_PLACEMENT_3D('',#20554,#17206,#17207);
#14900=AXIS2_PLACEMENT_3D('',#20558,#17210,#17211);
#14901=AXIS2_PLACEMENT_3D('',#20559,#17212,#17213);
#14902=AXIS2_PLACEMENT_3D('',#20562,#17215,#17216);
#14903=AXIS2_PLACEMENT_3D('',#20566,#17219,#17220);
#14904=AXIS2_PLACEMENT_3D('',#20567,#17221,#17222);
#14905=AXIS2_PLACEMENT_3D('',#20570,#17224,#17225);
#14906=AXIS2_PLACEMENT_3D('',#20574,#17228,#17229);
#14907=AXIS2_PLACEMENT_3D('',#20575,#17230,#17231);
#14908=AXIS2_PLACEMENT_3D('',#20578,#17233,#17234);
#14909=AXIS2_PLACEMENT_3D('',#20582,#17237,#17238);
#14910=AXIS2_PLACEMENT_3D('',#20586,#17241,#17242);
#14911=AXIS2_PLACEMENT_3D('',#20590,#17245,#17246);
#14912=AXIS2_PLACEMENT_3D('',#20591,#17247,#17248);
#14913=AXIS2_PLACEMENT_3D('',#20594,#17250,#17251);
#14914=AXIS2_PLACEMENT_3D('',#20598,#17254,#17255);
#14915=AXIS2_PLACEMENT_3D('',#20599,#17256,#17257);
#14916=AXIS2_PLACEMENT_3D('',#20602,#17259,#17260);
#14917=AXIS2_PLACEMENT_3D('',#20606,#17263,#17264);
#14918=AXIS2_PLACEMENT_3D('',#20607,#17265,#17266);
#14919=AXIS2_PLACEMENT_3D('',#20608,#17267,#17268);
#14920=AXIS2_PLACEMENT_3D('',#20614,#17272,#17273);
#14921=AXIS2_PLACEMENT_3D('',#20615,#17274,#17275);
#14922=AXIS2_PLACEMENT_3D('',#20618,#17277,#17278);
#14923=AXIS2_PLACEMENT_3D('',#20622,#17281,#17282);
#14924=AXIS2_PLACEMENT_3D('',#20623,#17283,#17284);
#14925=AXIS2_PLACEMENT_3D('',#20626,#17286,#17287);
#14926=AXIS2_PLACEMENT_3D('',#20627,#17288,#17289);
#14927=AXIS2_PLACEMENT_3D('',#20630,#17291,#17292);
#14928=AXIS2_PLACEMENT_3D('',#20634,#17295,#17296);
#14929=AXIS2_PLACEMENT_3D('',#20635,#17297,#17298);
#14930=AXIS2_PLACEMENT_3D('',#20638,#17300,#17301);
#14931=AXIS2_PLACEMENT_3D('',#20642,#17304,#17305);
#14932=AXIS2_PLACEMENT_3D('',#20643,#17306,#17307);
#14933=AXIS2_PLACEMENT_3D('',#20646,#17309,#17310);
#14934=AXIS2_PLACEMENT_3D('',#20650,#17313,#17314);
#14935=AXIS2_PLACEMENT_3D('',#20651,#17315,#17316);
#14936=AXIS2_PLACEMENT_3D('',#20654,#17318,#17319);
#14937=AXIS2_PLACEMENT_3D('',#20658,#17322,#17323);
#14938=AXIS2_PLACEMENT_3D('',#20662,#17326,#17327);
#14939=AXIS2_PLACEMENT_3D('',#20666,#17330,#17331);
#14940=AXIS2_PLACEMENT_3D('',#20667,#17332,#17333);
#14941=AXIS2_PLACEMENT_3D('',#20670,#17335,#17336);
#14942=AXIS2_PLACEMENT_3D('',#20674,#17339,#17340);
#14943=AXIS2_PLACEMENT_3D('',#20675,#17341,#17342);
#14944=AXIS2_PLACEMENT_3D('',#20678,#17344,#17345);
#14945=AXIS2_PLACEMENT_3D('',#20682,#17348,#17349);
#14946=AXIS2_PLACEMENT_3D('',#20683,#17350,#17351);
#14947=AXIS2_PLACEMENT_3D('',#20684,#17352,#17353);
#14948=AXIS2_PLACEMENT_3D('',#20690,#17357,#17358);
#14949=AXIS2_PLACEMENT_3D('',#20691,#17359,#17360);
#14950=AXIS2_PLACEMENT_3D('',#20694,#17362,#17363);
#14951=AXIS2_PLACEMENT_3D('',#20698,#17366,#17367);
#14952=AXIS2_PLACEMENT_3D('',#20699,#17368,#17369);
#14953=AXIS2_PLACEMENT_3D('',#20702,#17371,#17372);
#14954=AXIS2_PLACEMENT_3D('',#20703,#17373,#17374);
#14955=AXIS2_PLACEMENT_3D('',#20706,#17376,#17377);
#14956=AXIS2_PLACEMENT_3D('',#20710,#17380,#17381);
#14957=AXIS2_PLACEMENT_3D('',#20711,#17382,#17383);
#14958=AXIS2_PLACEMENT_3D('',#20714,#17385,#17386);
#14959=AXIS2_PLACEMENT_3D('',#20718,#17389,#17390);
#14960=AXIS2_PLACEMENT_3D('',#20719,#17391,#17392);
#14961=AXIS2_PLACEMENT_3D('',#20722,#17394,#17395);
#14962=AXIS2_PLACEMENT_3D('',#20726,#17398,#17399);
#14963=AXIS2_PLACEMENT_3D('',#20727,#17400,#17401);
#14964=AXIS2_PLACEMENT_3D('',#20730,#17403,#17404);
#14965=AXIS2_PLACEMENT_3D('',#20734,#17407,#17408);
#14966=AXIS2_PLACEMENT_3D('',#20738,#17411,#17412);
#14967=AXIS2_PLACEMENT_3D('',#20742,#17415,#17416);
#14968=AXIS2_PLACEMENT_3D('',#20743,#17417,#17418);
#14969=AXIS2_PLACEMENT_3D('',#20746,#17420,#17421);
#14970=AXIS2_PLACEMENT_3D('',#20750,#17424,#17425);
#14971=AXIS2_PLACEMENT_3D('',#20751,#17426,#17427);
#14972=AXIS2_PLACEMENT_3D('',#20754,#17429,#17430);
#14973=AXIS2_PLACEMENT_3D('',#20758,#17433,#17434);
#14974=AXIS2_PLACEMENT_3D('',#20759,#17435,#17436);
#14975=AXIS2_PLACEMENT_3D('',#20760,#17437,#17438);
#14976=AXIS2_PLACEMENT_3D('',#20764,#17440,#17441);
#14977=AXIS2_PLACEMENT_3D('',#20768,#17443,#17444);
#14978=AXIS2_PLACEMENT_3D('',#20770,#17445,#17446);
#14979=AXIS2_PLACEMENT_3D('',#20774,#17448,#17449);
#14980=AXIS2_PLACEMENT_3D('',#20778,#17451,#17452);
#14981=AXIS2_PLACEMENT_3D('',#20782,#17454,#17455);
#14982=AXIS2_PLACEMENT_3D('',#20790,#17459,#17460);
#14983=AXIS2_PLACEMENT_3D('',#20794,#17462,#17463);
#14984=AXIS2_PLACEMENT_3D('',#20798,#17465,#17466);
#14985=AXIS2_PLACEMENT_3D('',#20799,#17467,#17468);
#14986=AXIS2_PLACEMENT_3D('',#20802,#17471,#17472);
#14987=AXIS2_PLACEMENT_3D('',#20804,#17474,#17475);
#14988=AXIS2_PLACEMENT_3D('',#20806,#17477,#17478);
#14989=AXIS2_PLACEMENT_3D('',#20808,#17480,#17481);
#14990=AXIS2_PLACEMENT_3D('',#20810,#17483,#17484);
#14991=AXIS2_PLACEMENT_3D('',#20812,#17486,#17487);
#14992=AXIS2_PLACEMENT_3D('',#20814,#17489,#17490);
#14993=AXIS2_PLACEMENT_3D('',#20816,#17492,#17493);
#14994=AXIS2_PLACEMENT_3D('',#20818,#17495,#17496);
#14995=AXIS2_PLACEMENT_3D('',#20820,#17498,#17499);
#14996=AXIS2_PLACEMENT_3D('',#20822,#17501,#17502);
#14997=AXIS2_PLACEMENT_3D('',#20824,#17504,#17505);
#14998=AXIS2_PLACEMENT_3D('',#20826,#17507,#17508);
#14999=AXIS2_PLACEMENT_3D('',#20828,#17510,#17511);
#15000=AXIS2_PLACEMENT_3D('',#20830,#17513,#17514);
#15001=AXIS2_PLACEMENT_3D('',#20832,#17516,#17517);
#15002=AXIS2_PLACEMENT_3D('',#20834,#17519,#17520);
#15003=AXIS2_PLACEMENT_3D('',#20836,#17522,#17523);
#15004=AXIS2_PLACEMENT_3D('',#20837,#17524,#17525);
#15005=AXIS2_PLACEMENT_3D('',#20841,#17527,#17528);
#15006=AXIS2_PLACEMENT_3D('',#20845,#17530,#17531);
#15007=AXIS2_PLACEMENT_3D('',#20847,#17532,#17533);
#15008=AXIS2_PLACEMENT_3D('',#20851,#17535,#17536);
#15009=AXIS2_PLACEMENT_3D('',#20855,#17538,#17539);
#15010=AXIS2_PLACEMENT_3D('',#20859,#17541,#17542);
#15011=AXIS2_PLACEMENT_3D('',#20867,#17546,#17547);
#15012=AXIS2_PLACEMENT_3D('',#20871,#17549,#17550);
#15013=AXIS2_PLACEMENT_3D('',#20875,#17552,#17553);
#15014=AXIS2_PLACEMENT_3D('',#20876,#17554,#17555);
#15015=AXIS2_PLACEMENT_3D('',#20879,#17558,#17559);
#15016=AXIS2_PLACEMENT_3D('',#20881,#17561,#17562);
#15017=AXIS2_PLACEMENT_3D('',#20883,#17564,#17565);
#15018=AXIS2_PLACEMENT_3D('',#20885,#17567,#17568);
#15019=AXIS2_PLACEMENT_3D('',#20887,#17570,#17571);
#15020=AXIS2_PLACEMENT_3D('',#20889,#17573,#17574);
#15021=AXIS2_PLACEMENT_3D('',#20891,#17576,#17577);
#15022=AXIS2_PLACEMENT_3D('',#20893,#17579,#17580);
#15023=AXIS2_PLACEMENT_3D('',#20895,#17582,#17583);
#15024=AXIS2_PLACEMENT_3D('',#20897,#17585,#17586);
#15025=AXIS2_PLACEMENT_3D('',#20899,#17588,#17589);
#15026=AXIS2_PLACEMENT_3D('',#20901,#17591,#17592);
#15027=AXIS2_PLACEMENT_3D('',#20903,#17594,#17595);
#15028=AXIS2_PLACEMENT_3D('',#20905,#17597,#17598);
#15029=AXIS2_PLACEMENT_3D('',#20907,#17600,#17601);
#15030=AXIS2_PLACEMENT_3D('',#20909,#17603,#17604);
#15031=AXIS2_PLACEMENT_3D('',#20911,#17606,#17607);
#15032=AXIS2_PLACEMENT_3D('',#20913,#17609,#17610);
#15033=AXIS2_PLACEMENT_3D('',#20914,#17611,#17612);
#15034=AXIS2_PLACEMENT_3D('',#20918,#17614,#17615);
#15035=AXIS2_PLACEMENT_3D('',#20922,#17617,#17618);
#15036=AXIS2_PLACEMENT_3D('',#20924,#17619,#17620);
#15037=AXIS2_PLACEMENT_3D('',#20928,#17622,#17623);
#15038=AXIS2_PLACEMENT_3D('',#20932,#17625,#17626);
#15039=AXIS2_PLACEMENT_3D('',#20936,#17628,#17629);
#15040=AXIS2_PLACEMENT_3D('',#20944,#17633,#17634);
#15041=AXIS2_PLACEMENT_3D('',#20948,#17636,#17637);
#15042=AXIS2_PLACEMENT_3D('',#20952,#17639,#17640);
#15043=AXIS2_PLACEMENT_3D('',#20953,#17641,#17642);
#15044=AXIS2_PLACEMENT_3D('',#20956,#17645,#17646);
#15045=AXIS2_PLACEMENT_3D('',#20958,#17648,#17649);
#15046=AXIS2_PLACEMENT_3D('',#20960,#17651,#17652);
#15047=AXIS2_PLACEMENT_3D('',#20962,#17654,#17655);
#15048=AXIS2_PLACEMENT_3D('',#20964,#17657,#17658);
#15049=AXIS2_PLACEMENT_3D('',#20966,#17660,#17661);
#15050=AXIS2_PLACEMENT_3D('',#20968,#17663,#17664);
#15051=AXIS2_PLACEMENT_3D('',#20970,#17666,#17667);
#15052=AXIS2_PLACEMENT_3D('',#20972,#17669,#17670);
#15053=AXIS2_PLACEMENT_3D('',#20974,#17672,#17673);
#15054=AXIS2_PLACEMENT_3D('',#20976,#17675,#17676);
#15055=AXIS2_PLACEMENT_3D('',#20978,#17678,#17679);
#15056=AXIS2_PLACEMENT_3D('',#20980,#17681,#17682);
#15057=AXIS2_PLACEMENT_3D('',#20982,#17684,#17685);
#15058=AXIS2_PLACEMENT_3D('',#20984,#17687,#17688);
#15059=AXIS2_PLACEMENT_3D('',#20986,#17690,#17691);
#15060=AXIS2_PLACEMENT_3D('',#20988,#17693,#17694);
#15061=AXIS2_PLACEMENT_3D('',#20990,#17696,#17697);
#15062=AXIS2_PLACEMENT_3D('',#20991,#17698,#17699);
#15063=AXIS2_PLACEMENT_3D('',#20995,#17701,#17702);
#15064=AXIS2_PLACEMENT_3D('',#20999,#17704,#17705);
#15065=AXIS2_PLACEMENT_3D('',#21001,#17706,#17707);
#15066=AXIS2_PLACEMENT_3D('',#21005,#17709,#17710);
#15067=AXIS2_PLACEMENT_3D('',#21009,#17712,#17713);
#15068=AXIS2_PLACEMENT_3D('',#21013,#17715,#17716);
#15069=AXIS2_PLACEMENT_3D('',#21021,#17720,#17721);
#15070=AXIS2_PLACEMENT_3D('',#21025,#17723,#17724);
#15071=AXIS2_PLACEMENT_3D('',#21029,#17726,#17727);
#15072=AXIS2_PLACEMENT_3D('',#21030,#17728,#17729);
#15073=AXIS2_PLACEMENT_3D('',#21033,#17732,#17733);
#15074=AXIS2_PLACEMENT_3D('',#21035,#17735,#17736);
#15075=AXIS2_PLACEMENT_3D('',#21037,#17738,#17739);
#15076=AXIS2_PLACEMENT_3D('',#21039,#17741,#17742);
#15077=AXIS2_PLACEMENT_3D('',#21041,#17744,#17745);
#15078=AXIS2_PLACEMENT_3D('',#21043,#17747,#17748);
#15079=AXIS2_PLACEMENT_3D('',#21045,#17750,#17751);
#15080=AXIS2_PLACEMENT_3D('',#21047,#17753,#17754);
#15081=AXIS2_PLACEMENT_3D('',#21049,#17756,#17757);
#15082=AXIS2_PLACEMENT_3D('',#21051,#17759,#17760);
#15083=AXIS2_PLACEMENT_3D('',#21053,#17762,#17763);
#15084=AXIS2_PLACEMENT_3D('',#21055,#17765,#17766);
#15085=AXIS2_PLACEMENT_3D('',#21057,#17768,#17769);
#15086=AXIS2_PLACEMENT_3D('',#21059,#17771,#17772);
#15087=AXIS2_PLACEMENT_3D('',#21061,#17774,#17775);
#15088=AXIS2_PLACEMENT_3D('',#21063,#17777,#17778);
#15089=AXIS2_PLACEMENT_3D('',#21065,#17780,#17781);
#15090=AXIS2_PLACEMENT_3D('',#21067,#17783,#17784);
#15091=AXIS2_PLACEMENT_3D('',#21068,#17785,#17786);
#15092=AXIS2_PLACEMENT_3D('',#21072,#17789,#17790);
#15093=AXIS2_PLACEMENT_3D('',#21076,#17793,#17794);
#15094=AXIS2_PLACEMENT_3D('',#21081,#17798,#17799);
#15095=AXIS2_PLACEMENT_3D('',#21082,#17800,#17801);
#15096=AXIS2_PLACEMENT_3D('',#21084,#17803,#17804);
#15097=AXIS2_PLACEMENT_3D('',#21085,#17805,#17806);
#15098=AXIS2_PLACEMENT_3D('',#21089,#17809,#17810);
#15099=AXIS2_PLACEMENT_3D('',#21093,#17813,#17814);
#15100=AXIS2_PLACEMENT_3D('',#21098,#17818,#17819);
#15101=AXIS2_PLACEMENT_3D('',#21099,#17820,#17821);
#15102=AXIS2_PLACEMENT_3D('',#21101,#17823,#17824);
#15103=AXIS2_PLACEMENT_3D('',#21102,#17825,#17826);
#15104=AXIS2_PLACEMENT_3D('',#21106,#17829,#17830);
#15105=AXIS2_PLACEMENT_3D('',#21110,#17833,#17834);
#15106=AXIS2_PLACEMENT_3D('',#21115,#17838,#17839);
#15107=AXIS2_PLACEMENT_3D('',#21116,#17840,#17841);
#15108=AXIS2_PLACEMENT_3D('',#21118,#17843,#17844);
#15109=AXIS2_PLACEMENT_3D('',#21119,#17845,#17846);
#15110=AXIS2_PLACEMENT_3D('',#21123,#17849,#17850);
#15111=AXIS2_PLACEMENT_3D('',#21127,#17853,#17854);
#15112=AXIS2_PLACEMENT_3D('',#21132,#17858,#17859);
#15113=AXIS2_PLACEMENT_3D('',#21133,#17860,#17861);
#15114=AXIS2_PLACEMENT_3D('',#21135,#17863,#17864);
#15115=AXIS2_PLACEMENT_3D('',#21136,#17865,#17866);
#15116=AXIS2_PLACEMENT_3D('',#21140,#17869,#17870);
#15117=AXIS2_PLACEMENT_3D('',#21144,#17873,#17874);
#15118=AXIS2_PLACEMENT_3D('',#21149,#17878,#17879);
#15119=AXIS2_PLACEMENT_3D('',#21150,#17880,#17881);
#15120=AXIS2_PLACEMENT_3D('',#21152,#17883,#17884);
#15121=AXIS2_PLACEMENT_3D('',#21153,#17885,#17886);
#15122=AXIS2_PLACEMENT_3D('',#21155,#17888,#17889);
#15123=AXIS2_PLACEMENT_3D('',#21157,#17891,#17892);
#15124=AXIS2_PLACEMENT_3D('',#21166,#17893,#17894);
#15125=AXIS2_PLACEMENT_3D('',#21167,#17895,#17896);
#15126=AXIS2_PLACEMENT_3D('',#21169,#17898,#17899);
#15127=AXIS2_PLACEMENT_3D('',#21176,#17904,#17905);
#15128=AXIS2_PLACEMENT_3D('',#21177,#17906,#17907);
#15129=AXIS2_PLACEMENT_3D('',#21178,#17908,#17909);
#15130=AXIS2_PLACEMENT_3D('',#21180,#17911,#17912);
#15131=AXIS2_PLACEMENT_3D('',#21182,#17914,#17915);
#15132=AXIS2_PLACEMENT_3D('',#21191,#17916,#17917);
#15133=AXIS2_PLACEMENT_3D('',#21192,#17918,#17919);
#15134=AXIS2_PLACEMENT_3D('',#21194,#17921,#17922);
#15135=AXIS2_PLACEMENT_3D('',#21201,#17927,#17928);
#15136=AXIS2_PLACEMENT_3D('',#21202,#17929,#17930);
#15137=AXIS2_PLACEMENT_3D('',#21203,#17931,#17932);
#15138=AXIS2_PLACEMENT_3D('',#21205,#17934,#17935);
#15139=AXIS2_PLACEMENT_3D('',#21207,#17937,#17938);
#15140=AXIS2_PLACEMENT_3D('',#21216,#17939,#17940);
#15141=AXIS2_PLACEMENT_3D('',#21217,#17941,#17942);
#15142=AXIS2_PLACEMENT_3D('',#21219,#17944,#17945);
#15143=AXIS2_PLACEMENT_3D('',#21226,#17950,#17951);
#15144=AXIS2_PLACEMENT_3D('',#21227,#17952,#17953);
#15145=AXIS2_PLACEMENT_3D('',#21228,#17954,#17955);
#15146=AXIS2_PLACEMENT_3D('',#21230,#17957,#17958);
#15147=AXIS2_PLACEMENT_3D('',#21232,#17960,#17961);
#15148=AXIS2_PLACEMENT_3D('',#21241,#17962,#17963);
#15149=AXIS2_PLACEMENT_3D('',#21242,#17964,#17965);
#15150=AXIS2_PLACEMENT_3D('',#21244,#17967,#17968);
#15151=AXIS2_PLACEMENT_3D('',#21251,#17973,#17974);
#15152=AXIS2_PLACEMENT_3D('',#21252,#17975,#17976);
#15153=AXIS2_PLACEMENT_3D('',#21253,#17977,#17978);
#15154=AXIS2_PLACEMENT_3D('',#21255,#17980,#17981);
#15155=AXIS2_PLACEMENT_3D('',#21257,#17983,#17984);
#15156=AXIS2_PLACEMENT_3D('',#21266,#17985,#17986);
#15157=AXIS2_PLACEMENT_3D('',#21267,#17987,#17988);
#15158=AXIS2_PLACEMENT_3D('',#21269,#17990,#17991);
#15159=AXIS2_PLACEMENT_3D('',#21276,#17996,#17997);
#15160=AXIS2_PLACEMENT_3D('',#21277,#17998,#17999);
#15161=AXIS2_PLACEMENT_3D('',#21278,#18000,#18001);
#15162=AXIS2_PLACEMENT_3D('',#21279,#18002,#18003);
#15163=AXIS2_PLACEMENT_3D('',#21280,#18004,#18005);
#15164=AXIS2_PLACEMENT_3D('',#21281,#18006,#18007);
#15165=AXIS2_PLACEMENT_3D('',#21283,#18009,#18010);
#15166=AXIS2_PLACEMENT_3D('',#21284,#18011,#18012);
#15167=AXIS2_PLACEMENT_3D('',#21285,#18013,#18014);
#15168=AXIS2_PLACEMENT_3D('',#21286,#18015,#18016);
#15169=AXIS2_PLACEMENT_3D('',#21288,#18018,#18019);
#15170=AXIS2_PLACEMENT_3D('',#21289,#18020,#18021);
#15171=AXIS2_PLACEMENT_3D('',#21290,#18022,#18023);
#15172=AXIS2_PLACEMENT_3D('',#21291,#18024,#18025);
#15173=AXIS2_PLACEMENT_3D('',#21293,#18027,#18028);
#15174=AXIS2_PLACEMENT_3D('',#21294,#18029,#18030);
#15175=AXIS2_PLACEMENT_3D('',#21295,#18031,#18032);
#15176=AXIS2_PLACEMENT_3D('',#21296,#18033,#18034);
#15177=AXIS2_PLACEMENT_3D('',#21298,#18036,#18037);
#15178=AXIS2_PLACEMENT_3D('',#21299,#18038,#18039);
#15179=AXIS2_PLACEMENT_3D('',#21300,#18040,#18041);
#15180=AXIS2_PLACEMENT_3D('',#21301,#18042,#18043);
#15181=AXIS2_PLACEMENT_3D('',#21303,#18045,#18046);
#15182=AXIS2_PLACEMENT_3D('',#21305,#18048,#18049);
#15183=AXIS2_PLACEMENT_3D('',#21307,#18051,#18052);
#15184=AXIS2_PLACEMENT_3D('',#21308,#18053,#18054);
#15185=AXIS2_PLACEMENT_3D('',#21310,#18056,#18057);
#15186=AXIS2_PLACEMENT_3D('',#21312,#18059,#18060);
#15187=AXIS2_PLACEMENT_3D('',#21313,#18061,#18062);
#15188=AXIS2_PLACEMENT_3D('',#21315,#18064,#18065);
#15189=AXIS2_PLACEMENT_3D('',#21317,#18067,#18068);
#15190=AXIS2_PLACEMENT_3D('',#21318,#18069,#18070);
#15191=AXIS2_PLACEMENT_3D('',#21320,#18072,#18073);
#15192=AXIS2_PLACEMENT_3D('',#21322,#18075,#18076);
#15193=AXIS2_PLACEMENT_3D('',#21323,#18077,#18078);
#15194=AXIS2_PLACEMENT_3D('',#21325,#18080,#18081);
#15195=AXIS2_PLACEMENT_3D('',#21327,#18083,#18084);
#15196=AXIS2_PLACEMENT_3D('',#21328,#18085,#18086);
#15197=AXIS2_PLACEMENT_3D('',#21330,#18088,#18089);
#15198=AXIS2_PLACEMENT_3D('',#21332,#18091,#18092);
#15199=AXIS2_PLACEMENT_3D('',#21333,#18093,#18094);
#15200=AXIS2_PLACEMENT_3D('',#21335,#18096,#18097);
#15201=AXIS2_PLACEMENT_3D('',#21337,#18099,#18100);
#15202=AXIS2_PLACEMENT_3D('',#21338,#18101,#18102);
#15203=AXIS2_PLACEMENT_3D('',#21340,#18104,#18105);
#15204=AXIS2_PLACEMENT_3D('',#21342,#18107,#18108);
#15205=AXIS2_PLACEMENT_3D('',#21343,#18109,#18110);
#15206=AXIS2_PLACEMENT_3D('',#21345,#18112,#18113);
#15207=AXIS2_PLACEMENT_3D('',#21347,#18115,#18116);
#15208=AXIS2_PLACEMENT_3D('',#21348,#18117,#18118);
#15209=AXIS2_PLACEMENT_3D('',#21350,#18120,#18121);
#15210=AXIS2_PLACEMENT_3D('',#21352,#18123,#18124);
#15211=AXIS2_PLACEMENT_3D('',#21353,#18125,#18126);
#15212=AXIS2_PLACEMENT_3D('',#21359,#18130,#18131);
#15213=AXIS2_PLACEMENT_3D('',#21362,#18133,#18134);
#15214=AXIS2_PLACEMENT_3D('',#21363,#18135,#18136);
#15215=AXIS2_PLACEMENT_3D('',#21367,#18139,#18140);
#15216=AXIS2_PLACEMENT_3D('',#21370,#18142,#18143);
#15217=AXIS2_PLACEMENT_3D('',#21371,#18144,#18145);
#15218=AXIS2_PLACEMENT_3D('',#21375,#18148,#18149);
#15219=AXIS2_PLACEMENT_3D('',#21376,#18150,#18151);
#15220=AXIS2_PLACEMENT_3D('',#21377,#18152,#18153);
#15221=AXIS2_PLACEMENT_3D('',#21381,#18156,#18157);
#15222=AXIS2_PLACEMENT_3D('',#21384,#18159,#18160);
#15223=AXIS2_PLACEMENT_3D('',#21385,#18161,#18162);
#15224=AXIS2_PLACEMENT_3D('',#21389,#18165,#18166);
#15225=AXIS2_PLACEMENT_3D('',#21392,#18168,#18169);
#15226=AXIS2_PLACEMENT_3D('',#21393,#18170,#18171);
#15227=AXIS2_PLACEMENT_3D('',#21397,#18174,#18175);
#15228=AXIS2_PLACEMENT_3D('',#21400,#18177,#18178);
#15229=AXIS2_PLACEMENT_3D('',#21401,#18179,#18180);
#15230=AXIS2_PLACEMENT_3D('',#21405,#18183,#18184);
#15231=AXIS2_PLACEMENT_3D('',#21408,#18186,#18187);
#15232=AXIS2_PLACEMENT_3D('',#21409,#18188,#18189);
#15233=AXIS2_PLACEMENT_3D('',#21411,#18191,#18192);
#15234=AXIS2_PLACEMENT_3D('',#21412,#18193,#18194);
#15235=AXIS2_PLACEMENT_3D('',#21418,#18198,#18199);
#15236=AXIS2_PLACEMENT_3D('',#21421,#18201,#18202);
#15237=AXIS2_PLACEMENT_3D('',#21422,#18203,#18204);
#15238=AXIS2_PLACEMENT_3D('',#21426,#18207,#18208);
#15239=AXIS2_PLACEMENT_3D('',#21429,#18210,#18211);
#15240=AXIS2_PLACEMENT_3D('',#21430,#18212,#18213);
#15241=AXIS2_PLACEMENT_3D('',#21434,#18216,#18217);
#15242=AXIS2_PLACEMENT_3D('',#21435,#18218,#18219);
#15243=AXIS2_PLACEMENT_3D('',#21436,#18220,#18221);
#15244=DIRECTION('',(0.,0.,1.));
#15245=DIRECTION('',(1.,0.,0.));
#15246=DIRECTION('',(0.,0.,-1.));
#15247=DIRECTION('',(-1.,0.,0.));
#15248=DIRECTION('',(0.,0.,-1.));
#15249=DIRECTION('',(0.,-0.173648177666931,-0.984807753012208));
#15250=DIRECTION('',(0.,0.984807753012208,-0.173648177666931));
#15251=DIRECTION('',(0.,0.,-1.));
#15252=DIRECTION('',(0.,0.,1.));
#15253=DIRECTION('',(1.,0.,0.));
#15254=DIRECTION('',(0.,0.,-1.));
#15255=DIRECTION('',(-1.,0.,0.));
#15256=DIRECTION('',(0.,0.,-1.));
#15257=DIRECTION('',(1.,0.,0.));
#15258=DIRECTION('',(0.,0.,-1.));
#15259=DIRECTION('',(0.,-1.,0.));
#15260=DIRECTION('',(1.,0.,0.));
#15261=DIRECTION('',(0.,0.,-1.));
#15262=DIRECTION('',(1.,0.,0.));
#15263=DIRECTION('',(0.,0.,-1.));
#15264=DIRECTION('',(1.,0.,0.));
#15265=DIRECTION('',(0.,0.,-1.));
#15266=DIRECTION('',(1.,0.,0.));
#15267=DIRECTION('',(0.,0.,-1.));
#15268=DIRECTION('',(0.,-1.,0.));
#15269=DIRECTION('',(0.,0.,-1.));
#15270=DIRECTION('',(0.,-1.,0.));
#15271=DIRECTION('',(0.,0.,-1.));
#15272=DIRECTION('',(0.,-1.,0.));
#15273=DIRECTION('',(0.,0.,-1.));
#15274=DIRECTION('',(-0.766044443118978,-0.642787609686539,0.));
#15275=DIRECTION('',(0.642787609686539,-0.766044443118978,0.));
#15276=DIRECTION('',(-0.766044443118978,-0.642787609686539,0.));
#15277=DIRECTION('',(-0.642787609686539,0.766044443118978,0.));
#15278=DIRECTION('',(-0.766044443118978,-0.642787609686539,0.));
#15279=DIRECTION('',(-0.642787609686539,0.766044443118978,0.));
#15280=DIRECTION('',(-0.642787609686539,0.766044443118978,0.));
#15281=DIRECTION('',(0.,0.,-1.));
#15282=DIRECTION('',(-0.642787609686539,0.766044443118978,0.));
#15283=DIRECTION('',(-0.766044443118978,-0.642787609686539,0.));
#15284=DIRECTION('',(-0.642787609686539,0.766044443118978,0.));
#15285=DIRECTION('',(-0.766044443118978,-0.642787609686539,0.));
#15286=DIRECTION('',(-0.642787609686539,0.766044443118978,0.));
#15287=DIRECTION('',(-0.766044443118978,-0.642787609686539,0.));
#15288=DIRECTION('',(-0.642787609686539,0.766044443118978,0.));
#15289=DIRECTION('',(0.,0.,-1.));
#15290=DIRECTION('',(-0.766044443118978,-0.642787609686539,0.));
#15291=DIRECTION('',(-0.642787609686539,0.766044443118978,0.));
#15292=DIRECTION('',(0.,0.,-1.));
#15293=DIRECTION('',(-1.,0.,0.));
#15294=DIRECTION('',(0.,0.,-1.));
#15295=DIRECTION('',(1.,0.,0.));
#15296=DIRECTION('',(0.,0.,-1.));
#15297=DIRECTION('',(0.,-1.,0.));
#15298=DIRECTION('',(1.,0.,0.));
#15299=DIRECTION('',(0.,0.,-1.));
#15300=DIRECTION('',(1.,0.,0.));
#15301=DIRECTION('',(0.,0.,-1.));
#15302=DIRECTION('',(1.,0.,0.));
#15303=DIRECTION('',(0.,0.,-1.));
#15304=DIRECTION('',(1.,0.,0.));
#15305=DIRECTION('',(0.,0.,-1.));
#15306=DIRECTION('',(0.,-1.,0.));
#15307=DIRECTION('',(0.,0.,-1.));
#15308=DIRECTION('',(0.,-1.,0.));
#15309=DIRECTION('',(0.,0.,-1.));
#15310=DIRECTION('',(0.,-1.,0.));
#15311=DIRECTION('',(0.,0.,-1.));
#15312=DIRECTION('',(-0.766044443118978,-0.642787609686539,0.));
#15313=DIRECTION('',(0.642787609686539,-0.766044443118978,0.));
#15314=DIRECTION('',(-0.766044443118978,-0.642787609686539,0.));
#15315=DIRECTION('',(-0.642787609686539,0.766044443118978,0.));
#15316=DIRECTION('',(-0.766044443118978,-0.642787609686539,0.));
#15317=DIRECTION('',(-0.642787609686539,0.766044443118978,0.));
#15318=DIRECTION('',(-0.642787609686539,0.766044443118978,0.));
#15319=DIRECTION('',(0.,0.,-1.));
#15320=DIRECTION('',(-0.642787609686539,0.766044443118978,0.));
#15321=DIRECTION('',(-0.766044443118978,-0.642787609686539,0.));
#15322=DIRECTION('',(-0.642787609686539,0.766044443118978,0.));
#15323=DIRECTION('',(-0.766044443118978,-0.642787609686539,0.));
#15324=DIRECTION('',(-0.642787609686539,0.766044443118978,0.));
#15325=DIRECTION('',(-0.766044443118978,-0.642787609686539,0.));
#15326=DIRECTION('',(-0.642787609686539,0.766044443118978,0.));
#15327=DIRECTION('',(0.,0.,-1.));
#15328=DIRECTION('',(-0.766044443118978,-0.642787609686539,0.));
#15329=DIRECTION('',(-0.642787609686539,0.766044443118978,0.));
#15330=DIRECTION('',(0.,0.,-1.));
#15331=DIRECTION('',(-1.,0.,0.));
#15332=DIRECTION('',(0.,0.,-1.));
#15333=DIRECTION('',(1.,0.,0.));
#15334=DIRECTION('',(0.,0.,-1.));
#15335=DIRECTION('',(0.,-1.,0.));
#15336=DIRECTION('',(1.,0.,0.));
#15337=DIRECTION('',(0.,0.,-1.));
#15338=DIRECTION('',(1.,0.,0.));
#15339=DIRECTION('',(0.,0.,-1.));
#15340=DIRECTION('',(1.,0.,0.));
#15341=DIRECTION('',(0.,0.,-1.));
#15342=DIRECTION('',(1.,0.,0.));
#15343=DIRECTION('',(0.,0.,-1.));
#15344=DIRECTION('',(0.,-1.,0.));
#15345=DIRECTION('',(0.,0.,-1.));
#15346=DIRECTION('',(0.,-1.,0.));
#15347=DIRECTION('',(0.,0.,-1.));
#15348=DIRECTION('',(0.,-1.,0.));
#15349=DIRECTION('',(0.,0.,-1.));
#15350=DIRECTION('',(-0.766044443118978,-0.642787609686539,0.));
#15351=DIRECTION('',(0.642787609686539,-0.766044443118978,0.));
#15352=DIRECTION('',(-0.766044443118978,-0.642787609686539,0.));
#15353=DIRECTION('',(-0.642787609686539,0.766044443118978,0.));
#15354=DIRECTION('',(-0.766044443118978,-0.642787609686539,0.));
#15355=DIRECTION('',(-0.642787609686539,0.766044443118978,0.));
#15356=DIRECTION('',(-0.642787609686539,0.766044443118978,0.));
#15357=DIRECTION('',(0.,0.,-1.));
#15358=DIRECTION('',(-0.642787609686539,0.766044443118978,0.));
#15359=DIRECTION('',(-0.766044443118978,-0.642787609686539,0.));
#15360=DIRECTION('',(-0.642787609686539,0.766044443118978,0.));
#15361=DIRECTION('',(-0.766044443118978,-0.642787609686539,0.));
#15362=DIRECTION('',(-0.642787609686539,0.766044443118978,0.));
#15363=DIRECTION('',(-0.766044443118978,-0.642787609686539,0.));
#15364=DIRECTION('',(-0.642787609686539,0.766044443118978,0.));
#15365=DIRECTION('',(0.,0.,-1.));
#15366=DIRECTION('',(-0.766044443118978,-0.642787609686539,0.));
#15367=DIRECTION('',(-0.642787609686539,0.766044443118978,0.));
#15368=DIRECTION('',(0.,0.,-1.));
#15369=DIRECTION('',(-1.,0.,0.));
#15370=DIRECTION('',(0.,0.,-1.));
#15371=DIRECTION('',(1.,0.,0.));
#15372=DIRECTION('',(0.,0.,-1.));
#15373=DIRECTION('',(0.,-1.,0.));
#15374=DIRECTION('',(1.,0.,0.));
#15375=DIRECTION('',(0.,0.,-1.));
#15376=DIRECTION('',(1.,0.,0.));
#15377=DIRECTION('',(0.,0.,-1.));
#15378=DIRECTION('',(1.,0.,0.));
#15379=DIRECTION('',(0.,0.,-1.));
#15380=DIRECTION('',(1.,0.,0.));
#15381=DIRECTION('',(0.,0.,-1.));
#15382=DIRECTION('',(0.,-1.,0.));
#15383=DIRECTION('',(0.,0.,-1.));
#15384=DIRECTION('',(0.,-1.,0.));
#15385=DIRECTION('',(0.,0.,-1.));
#15386=DIRECTION('',(0.,-1.,0.));
#15387=DIRECTION('',(0.,0.,-1.));
#15388=DIRECTION('',(-0.766044443118978,-0.642787609686539,0.));
#15389=DIRECTION('',(0.642787609686539,-0.766044443118978,0.));
#15390=DIRECTION('',(-0.766044443118978,-0.642787609686539,0.));
#15391=DIRECTION('',(-0.642787609686539,0.766044443118978,0.));
#15392=DIRECTION('',(-0.766044443118978,-0.642787609686539,0.));
#15393=DIRECTION('',(-0.642787609686539,0.766044443118978,0.));
#15394=DIRECTION('',(-0.642787609686539,0.766044443118978,0.));
#15395=DIRECTION('',(0.,0.,-1.));
#15396=DIRECTION('',(-0.642787609686539,0.766044443118978,0.));
#15397=DIRECTION('',(-0.766044443118978,-0.642787609686539,0.));
#15398=DIRECTION('',(-0.642787609686539,0.766044443118978,0.));
#15399=DIRECTION('',(-0.766044443118978,-0.642787609686539,0.));
#15400=DIRECTION('',(-0.642787609686539,0.766044443118978,0.));
#15401=DIRECTION('',(-0.766044443118978,-0.642787609686539,0.));
#15402=DIRECTION('',(-0.642787609686539,0.766044443118978,0.));
#15403=DIRECTION('',(0.,0.,-1.));
#15404=DIRECTION('',(-0.766044443118978,-0.642787609686539,0.));
#15405=DIRECTION('',(-0.642787609686539,0.766044443118978,0.));
#15406=DIRECTION('',(0.,0.,1.));
#15407=DIRECTION('',(1.,0.,0.));
#15408=DIRECTION('',(-1.,0.,0.));
#15409=DIRECTION('',(0.,0.,1.));
#15410=DIRECTION('',(1.,0.,0.));
#15411=DIRECTION('',(0.642787609686539,0.766044443118978,0.));
#15412=DIRECTION('',(0.,0.,1.));
#15413=DIRECTION('',(1.,0.,0.));
#15414=DIRECTION('',(0.,0.,1.));
#15415=DIRECTION('',(1.,0.,0.));
#15416=DIRECTION('',(-1.,0.,0.));
#15417=DIRECTION('',(0.,0.,1.));
#15418=DIRECTION('',(1.,0.,0.));
#15419=DIRECTION('',(0.642787609686539,0.766044443118978,0.));
#15420=DIRECTION('',(0.,0.,1.));
#15421=DIRECTION('',(1.,0.,0.));
#15422=DIRECTION('',(0.,0.,1.));
#15423=DIRECTION('',(1.,0.,0.));
#15424=DIRECTION('',(-1.,0.,0.));
#15425=DIRECTION('',(0.,0.,1.));
#15426=DIRECTION('',(1.,0.,0.));
#15427=DIRECTION('',(0.642787609686539,0.766044443118978,0.));
#15428=DIRECTION('',(0.,0.,1.));
#15429=DIRECTION('',(1.,0.,0.));
#15430=DIRECTION('',(0.,0.,1.));
#15431=DIRECTION('',(1.,0.,0.));
#15432=DIRECTION('',(-1.,0.,0.));
#15433=DIRECTION('',(0.,0.,1.));
#15434=DIRECTION('',(1.,0.,0.));
#15435=DIRECTION('',(0.642787609686539,0.766044443118978,0.));
#15436=DIRECTION('',(0.,0.,1.));
#15437=DIRECTION('',(1.,0.,0.));
#15438=DIRECTION('',(0.,0.,-1.));
#15439=DIRECTION('',(-1.,0.,0.));
#15440=DIRECTION('',(0.,0.,-1.));
#15441=DIRECTION('',(1.,0.,0.));
#15442=DIRECTION('',(0.,0.,-1.));
#15443=DIRECTION('',(0.,-1.,0.));
#15444=DIRECTION('',(1.,0.,0.));
#15445=DIRECTION('',(0.,0.,-1.));
#15446=DIRECTION('',(1.,0.,0.));
#15447=DIRECTION('',(0.,0.,-1.));
#15448=DIRECTION('',(1.,0.,0.));
#15449=DIRECTION('',(0.,0.,-1.));
#15450=DIRECTION('',(1.,0.,0.));
#15451=DIRECTION('',(0.,0.,-1.));
#15452=DIRECTION('',(0.,-1.,0.));
#15453=DIRECTION('',(0.,0.,-1.));
#15454=DIRECTION('',(0.,-1.,0.));
#15455=DIRECTION('',(0.,0.,-1.));
#15456=DIRECTION('',(0.,-1.,0.));
#15457=DIRECTION('',(0.,0.,-1.));
#15458=DIRECTION('',(-0.766044443118978,-0.642787609686539,0.));
#15459=DIRECTION('',(0.642787609686539,-0.766044443118978,0.));
#15460=DIRECTION('',(-0.766044443118978,-0.642787609686539,0.));
#15461=DIRECTION('',(-0.642787609686539,0.766044443118978,0.));
#15462=DIRECTION('',(-0.766044443118978,-0.642787609686539,0.));
#15463=DIRECTION('',(-0.642787609686539,0.766044443118978,0.));
#15464=DIRECTION('',(-0.642787609686539,0.766044443118978,0.));
#15465=DIRECTION('',(0.,0.,-1.));
#15466=DIRECTION('',(-0.642787609686539,0.766044443118978,0.));
#15467=DIRECTION('',(-0.766044443118978,-0.642787609686539,0.));
#15468=DIRECTION('',(-0.642787609686539,0.766044443118978,0.));
#15469=DIRECTION('',(-0.766044443118978,-0.642787609686539,0.));
#15470=DIRECTION('',(-0.642787609686539,0.766044443118978,0.));
#15471=DIRECTION('',(-0.766044443118978,-0.642787609686539,0.));
#15472=DIRECTION('',(-0.642787609686539,0.766044443118978,0.));
#15473=DIRECTION('',(0.,0.,-1.));
#15474=DIRECTION('',(-0.766044443118978,-0.642787609686539,0.));
#15475=DIRECTION('',(-0.642787609686539,0.766044443118978,0.));
#15476=DIRECTION('',(0.,0.,1.));
#15477=DIRECTION('',(1.,0.,0.));
#15478=DIRECTION('',(-1.,0.,0.));
#15479=DIRECTION('',(0.,0.,1.));
#15480=DIRECTION('',(1.,0.,0.));
#15481=DIRECTION('',(0.642787609686539,0.766044443118978,0.));
#15482=DIRECTION('',(0.,0.,1.));
#15483=DIRECTION('',(1.,0.,0.));
#15484=DIRECTION('',(0.,0.,1.));
#15485=DIRECTION('',(1.,0.,0.));
#15486=DIRECTION('',(-0.64278760968654,-0.766044443118978,0.));
#15487=DIRECTION('',(0.,0.,1.));
#15488=DIRECTION('',(1.,0.,0.));
#15489=DIRECTION('',(0.,0.,1.));
#15490=DIRECTION('',(1.,0.,0.));
#15491=DIRECTION('',(0.766044443118978,-0.642787609686539,0.));
#15492=DIRECTION('',(0.,-1.,0.));
#15493=DIRECTION('',(0.,0.,1.));
#15494=DIRECTION('',(1.,0.,0.));
#15495=DIRECTION('',(0.,1.,0.));
#15496=DIRECTION('',(0.,0.,1.));
#15497=DIRECTION('',(1.,0.,0.));
#15498=DIRECTION('',(0.,0.,1.));
#15499=DIRECTION('',(1.,0.,0.));
#15500=DIRECTION('',(-0.64278760968654,-0.766044443118978,0.));
#15501=DIRECTION('',(0.,1.,0.));
#15502=DIRECTION('',(0.,0.,1.));
#15503=DIRECTION('',(1.,0.,0.));
#15504=DIRECTION('',(0.,-1.,0.));
#15505=DIRECTION('',(0.766044443118978,-0.642787609686539,0.));
#15506=DIRECTION('',(0.,0.,1.));
#15507=DIRECTION('',(1.,0.,0.));
#15508=DIRECTION('',(0.,0.,1.));
#15509=DIRECTION('',(1.,0.,0.));
#15510=DIRECTION('',(-0.64278760968654,-0.766044443118978,0.));
#15511=DIRECTION('',(0.,0.,1.));
#15512=DIRECTION('',(1.,0.,0.));
#15513=DIRECTION('',(0.,0.,1.));
#15514=DIRECTION('',(1.,0.,0.));
#15515=DIRECTION('',(0.766044443118978,-0.642787609686539,0.));
#15516=DIRECTION('',(0.,-1.,0.));
#15517=DIRECTION('',(0.,0.,1.));
#15518=DIRECTION('',(1.,0.,0.));
#15519=DIRECTION('',(0.,1.,0.));
#15520=DIRECTION('',(0.,0.,1.));
#15521=DIRECTION('',(1.,0.,0.));
#15522=DIRECTION('',(0.,0.,1.));
#15523=DIRECTION('',(1.,0.,0.));
#15524=DIRECTION('',(-0.64278760968654,-0.766044443118978,0.));
#15525=DIRECTION('',(0.,1.,0.));
#15526=DIRECTION('',(0.,0.,1.));
#15527=DIRECTION('',(1.,0.,0.));
#15528=DIRECTION('',(0.,-1.,0.));
#15529=DIRECTION('',(0.766044443118978,-0.642787609686539,0.));
#15530=DIRECTION('',(0.,0.,1.));
#15531=DIRECTION('',(1.,0.,0.));
#15532=DIRECTION('',(0.,0.,1.));
#15533=DIRECTION('',(1.,0.,0.));
#15534=DIRECTION('',(-0.64278760968654,-0.766044443118978,0.));
#15535=DIRECTION('',(0.,0.,1.));
#15536=DIRECTION('',(1.,0.,0.));
#15537=DIRECTION('',(0.,0.,1.));
#15538=DIRECTION('',(1.,0.,0.));
#15539=DIRECTION('',(0.766044443118978,-0.642787609686539,0.));
#15540=DIRECTION('',(0.,-1.,0.));
#15541=DIRECTION('',(0.,0.,1.));
#15542=DIRECTION('',(1.,0.,0.));
#15543=DIRECTION('',(0.,1.,0.));
#15544=DIRECTION('',(0.,0.,1.));
#15545=DIRECTION('',(1.,0.,0.));
#15546=DIRECTION('',(0.,0.,1.));
#15547=DIRECTION('',(1.,0.,0.));
#15548=DIRECTION('',(-0.64278760968654,-0.766044443118978,0.));
#15549=DIRECTION('',(0.,1.,0.));
#15550=DIRECTION('',(0.,0.,1.));
#15551=DIRECTION('',(1.,0.,0.));
#15552=DIRECTION('',(0.,-1.,0.));
#15553=DIRECTION('',(0.766044443118978,-0.642787609686539,0.));
#15554=DIRECTION('',(0.,0.,1.));
#15555=DIRECTION('',(1.,0.,0.));
#15556=DIRECTION('',(0.,0.,1.));
#15557=DIRECTION('',(1.,0.,0.));
#15558=DIRECTION('',(-0.64278760968654,-0.766044443118978,0.));
#15559=DIRECTION('',(0.,0.,1.));
#15560=DIRECTION('',(1.,0.,0.));
#15561=DIRECTION('',(0.,0.,1.));
#15562=DIRECTION('',(1.,0.,0.));
#15563=DIRECTION('',(0.766044443118978,-0.642787609686539,0.));
#15564=DIRECTION('',(0.,-1.,0.));
#15565=DIRECTION('',(0.,0.,1.));
#15566=DIRECTION('',(1.,0.,0.));
#15567=DIRECTION('',(0.,1.,0.));
#15568=DIRECTION('',(0.,0.,1.));
#15569=DIRECTION('',(1.,0.,0.));
#15570=DIRECTION('',(0.,0.,1.));
#15571=DIRECTION('',(1.,0.,0.));
#15572=DIRECTION('',(-0.64278760968654,-0.766044443118978,0.));
#15573=DIRECTION('',(0.,1.,0.));
#15574=DIRECTION('',(0.,0.,1.));
#15575=DIRECTION('',(1.,0.,0.));
#15576=DIRECTION('',(0.,-1.,0.));
#15577=DIRECTION('',(0.766044443118978,-0.642787609686539,0.));
#15578=DIRECTION('',(0.,0.,1.));
#15579=DIRECTION('',(1.,0.,0.));
#15580=DIRECTION('',(0.,0.,1.));
#15581=DIRECTION('',(1.,0.,0.));
#15582=DIRECTION('',(-0.64278760968654,-0.766044443118978,0.));
#15583=DIRECTION('',(0.,0.,1.));
#15584=DIRECTION('',(1.,0.,0.));
#15585=DIRECTION('',(0.,0.,1.));
#15586=DIRECTION('',(1.,0.,0.));
#15587=DIRECTION('',(0.766044443118978,-0.642787609686539,0.));
#15588=DIRECTION('',(0.,-1.,0.));
#15589=DIRECTION('',(0.,0.,1.));
#15590=DIRECTION('',(1.,0.,0.));
#15591=DIRECTION('',(0.,1.,0.));
#15592=DIRECTION('',(0.,0.,1.));
#15593=DIRECTION('',(1.,0.,0.));
#15594=DIRECTION('',(0.,0.,1.));
#15595=DIRECTION('',(1.,0.,0.));
#15596=DIRECTION('',(-0.64278760968654,-0.766044443118978,0.));
#15597=DIRECTION('',(0.,1.,0.));
#15598=DIRECTION('',(0.,0.,1.));
#15599=DIRECTION('',(1.,0.,0.));
#15600=DIRECTION('',(0.,-1.,0.));
#15601=DIRECTION('',(0.766044443118978,-0.642787609686539,0.));
#15602=DIRECTION('',(0.,0.,1.));
#15603=DIRECTION('',(1.,0.,0.));
#15604=DIRECTION('',(0.,0.,-1.));
#15605=DIRECTION('',(-1.,0.,0.));
#15606=DIRECTION('',(0.,0.,-1.));
#15607=DIRECTION('',(-1.,0.,0.));
#15608=DIRECTION('',(0.,0.,-1.));
#15609=DIRECTION('',(0.,0.,1.));
#15610=DIRECTION('',(1.,0.,0.));
#15611=DIRECTION('',(0.,0.,-1.));
#15612=DIRECTION('',(0.,0.,-1.));
#15613=DIRECTION('',(-1.,0.,0.));
#15614=DIRECTION('',(0.,0.,1.));
#15615=DIRECTION('',(1.,0.,0.));
#15616=DIRECTION('',(0.,0.,-1.));
#15617=DIRECTION('',(0.,0.,-1.));
#15618=DIRECTION('',(-1.,0.,0.));
#15619=DIRECTION('',(0.,0.,-1.));
#15620=DIRECTION('',(0.,0.,-1.));
#15621=DIRECTION('',(-1.,0.,0.));
#15622=DIRECTION('',(0.,0.,-1.));
#15623=DIRECTION('',(-1.,0.,0.));
#15624=DIRECTION('',(0.,0.,-1.));
#15625=DIRECTION('',(0.,0.,1.));
#15626=DIRECTION('',(1.,0.,0.));
#15627=DIRECTION('',(0.,0.,-1.));
#15628=DIRECTION('',(0.,0.,-1.));
#15629=DIRECTION('',(-1.,0.,0.));
#15630=DIRECTION('',(0.,0.,-1.));
#15631=DIRECTION('',(-1.,0.,0.));
#15632=DIRECTION('',(0.,0.,-1.));
#15633=DIRECTION('',(0.,0.,1.));
#15634=DIRECTION('',(1.,0.,0.));
#15635=DIRECTION('',(0.,0.,-1.));
#15636=DIRECTION('',(0.,0.,-1.));
#15637=DIRECTION('',(-1.,0.,0.));
#15638=DIRECTION('',(0.,0.,-1.));
#15639=DIRECTION('',(-1.,0.,0.));
#15640=DIRECTION('',(0.,0.,-1.));
#15641=DIRECTION('',(0.,0.,1.));
#15642=DIRECTION('',(1.,0.,0.));
#15643=DIRECTION('',(0.,0.,-1.));
#15644=DIRECTION('',(1.,0.,0.));
#15645=DIRECTION('',(0.,0.,-1.));
#15646=DIRECTION('',(-1.,0.,0.));
#15647=DIRECTION('',(0.,0.,1.));
#15648=DIRECTION('',(-1.,0.,0.));
#15649=DIRECTION('',(0.,0.,1.));
#15650=DIRECTION('',(-1.,0.,0.));
#15651=DIRECTION('',(0.,0.,1.));
#15652=DIRECTION('',(-1.,0.,0.));
#15653=DIRECTION('',(0.,0.,1.));
#15654=DIRECTION('',(-1.,0.,0.));
#15655=DIRECTION('',(0.,0.,1.));
#15656=DIRECTION('',(0.,0.,1.));
#15657=DIRECTION('',(0.,-1.,0.));
#15658=DIRECTION('',(0.,3.33600668457078E-16,-1.));
#15659=DIRECTION('',(1.,0.,0.));
#15660=DIRECTION('',(0.,0.,-1.));
#15661=DIRECTION('',(0.,1.,0.));
#15662=DIRECTION('',(1.,0.,0.));
#15663=DIRECTION('',(0.,0.,-1.));
#15664=DIRECTION('',(0.,0.,1.));
#15665=DIRECTION('',(0.,-1.,0.));
#15666=DIRECTION('',(0.,3.33600668457078E-16,-1.));
#15667=DIRECTION('',(1.,0.,0.));
#15668=DIRECTION('',(0.,0.,-1.));
#15669=DIRECTION('',(0.,1.,0.));
#15670=DIRECTION('',(1.,0.,0.));
#15671=DIRECTION('',(0.,0.,-1.));
#15672=DIRECTION('',(0.,0.,1.));
#15673=DIRECTION('',(0.,-1.,0.));
#15674=DIRECTION('',(0.,3.33600668457078E-16,-1.));
#15675=DIRECTION('',(1.,0.,0.));
#15676=DIRECTION('',(0.,0.,-1.));
#15677=DIRECTION('',(0.,1.,0.));
#15678=DIRECTION('',(1.,0.,0.));
#15679=DIRECTION('',(0.,0.,-1.));
#15680=DIRECTION('',(0.,0.,1.));
#15681=DIRECTION('',(0.,-1.,0.));
#15682=DIRECTION('',(0.,3.33600668457078E-16,-1.));
#15683=DIRECTION('',(1.,0.,0.));
#15684=DIRECTION('',(0.,0.,-1.));
#15685=DIRECTION('',(0.,1.,0.));
#15686=DIRECTION('',(1.,0.,0.));
#15687=DIRECTION('',(0.,0.,-1.));
#15688=DIRECTION('',(0.,0.,1.));
#15689=DIRECTION('',(0.,-1.,0.));
#15690=DIRECTION('',(0.,3.33600668457078E-16,-1.));
#15691=DIRECTION('',(1.,0.,0.));
#15692=DIRECTION('',(0.,0.,-1.));
#15693=DIRECTION('',(0.,1.,0.));
#15694=DIRECTION('',(1.,0.,0.));
#15695=DIRECTION('',(0.,0.,-1.));
#15696=DIRECTION('',(0.,-1.,0.));
#15697=DIRECTION('',(1.,0.,0.));
#15698=DIRECTION('',(0.,0.,-1.));
#15699=DIRECTION('',(0.,0.,-1.));
#15700=DIRECTION('',(0.,1.,0.));
#15701=DIRECTION('',(0.,-1.,0.));
#15702=DIRECTION('',(1.,0.,0.));
#15703=DIRECTION('',(0.,0.,-1.));
#15704=DIRECTION('',(0.,0.,-1.));
#15705=DIRECTION('',(0.,1.,0.));
#15706=DIRECTION('',(0.,0.,-1.));
#15707=DIRECTION('',(0.,-1.,0.));
#15708=DIRECTION('',(0.,0.,-1.));
#15709=DIRECTION('',(0.,-1.,0.));
#15710=DIRECTION('',(0.,-1.,0.));
#15711=DIRECTION('',(1.,0.,0.));
#15712=DIRECTION('',(0.,0.,-1.));
#15713=DIRECTION('',(0.,0.,-1.));
#15714=DIRECTION('',(0.,1.,0.));
#15715=DIRECTION('',(0.,-1.,0.));
#15716=DIRECTION('',(1.,0.,0.));
#15717=DIRECTION('',(0.,0.,-1.));
#15718=DIRECTION('',(0.,0.,-1.));
#15719=DIRECTION('',(0.,1.,0.));
#15720=DIRECTION('',(0.,-1.,0.));
#15721=DIRECTION('',(1.,0.,0.));
#15722=DIRECTION('',(0.,0.,-1.));
#15723=DIRECTION('',(0.,0.,-1.));
#15724=DIRECTION('',(0.,1.,0.));
#15725=DIRECTION('',(0.766044443118978,-0.64278760968654,0.));
#15726=DIRECTION('',(0.64278760968654,0.766044443118978,0.));
#15727=DIRECTION('',(0.64278760968654,0.766044443118978,0.));
#15728=DIRECTION('',(-0.64278760968654,-0.766044443118978,0.));
#15729=DIRECTION('',(0.,0.,1.));
#15730=DIRECTION('',(0.64278760968654,0.766044443118978,0.));
#15731=DIRECTION('',(-0.64278760968654,-0.766044443118978,0.));
#15732=DIRECTION('',(0.,0.,1.));
#15733=DIRECTION('',(0.64278760968654,0.766044443118978,0.));
#15734=DIRECTION('',(-0.64278760968654,-0.766044443118978,0.));
#15735=DIRECTION('',(0.,0.,1.));
#15736=DIRECTION('',(0.64278760968654,0.766044443118978,0.));
#15737=DIRECTION('',(-0.64278760968654,-0.766044443118978,0.));
#15738=DIRECTION('',(0.,0.,-1.));
#15739=DIRECTION('',(-0.64278760968654,-0.766044443118978,0.));
#15740=DIRECTION('',(0.,0.,-1.));
#15741=DIRECTION('',(-0.64278760968654,-0.766044443118978,0.));
#15742=DIRECTION('',(0.,0.,1.));
#15743=DIRECTION('',(0.64278760968654,0.766044443118978,0.));
#15744=DIRECTION('',(-0.64278760968654,-0.766044443118978,0.));
#15745=DIRECTION('',(0.,0.,1.));
#15746=DIRECTION('',(0.,0.,-1.));
#15747=DIRECTION('',(-1.,0.,0.));
#15748=DIRECTION('',(0.,0.,1.));
#15749=DIRECTION('',(1.,0.,0.));
#15750=DIRECTION('',(0.,0.,1.));
#15751=DIRECTION('',(1.,0.,0.));
#15752=DIRECTION('',(-9.53144767020224E-17,-1.,0.));
#15753=DIRECTION('',(1.,-9.53144767020224E-17,0.));
#15754=DIRECTION('',(-1.,9.53144767020224E-17,0.));
#15755=DIRECTION('',(-1.,9.53144767020224E-17,0.));
#15756=DIRECTION('',(0.,0.,-1.));
#15757=DIRECTION('',(-1.,9.53144767020224E-17,0.));
#15758=DIRECTION('',(0.,0.,1.));
#15759=DIRECTION('',(1.,-9.53144767020224E-17,0.));
#15760=DIRECTION('',(0.,0.,-1.));
#15761=DIRECTION('',(-4.4863538171814E-16,-1.,0.));
#15762=DIRECTION('',(1.,-4.4863538171814E-16,0.));
#15763=DIRECTION('',(0.,0.,-1.));
#15764=DIRECTION('',(-1.,4.4863538171814E-16,0.));
#15765=DIRECTION('',(-1.,4.4863538171814E-16,0.));
#15766=DIRECTION('',(-1.,4.4863538171814E-16,0.));
#15767=DIRECTION('',(0.,0.,1.));
#15768=DIRECTION('',(1.,-4.4863538171814E-16,0.));
#15769=DIRECTION('',(0.,0.,-1.));
#15770=DIRECTION('',(-9.53144767020224E-17,-1.,0.));
#15771=DIRECTION('',(1.,-9.53144767020224E-17,0.));
#15772=DIRECTION('',(-1.,9.53144767020224E-17,0.));
#15773=DIRECTION('',(-1.,9.53144767020224E-17,0.));
#15774=DIRECTION('',(0.,0.,-1.));
#15775=DIRECTION('',(-1.,9.53144767020224E-17,0.));
#15776=DIRECTION('',(0.,0.,1.));
#15777=DIRECTION('',(1.,-9.53144767020224E-17,0.));
#15778=DIRECTION('',(0.,0.,-1.));
#15779=DIRECTION('',(-4.4863538171814E-16,-1.,0.));
#15780=DIRECTION('',(1.,-4.4863538171814E-16,0.));
#15781=DIRECTION('',(0.,0.,-1.));
#15782=DIRECTION('',(-1.,4.4863538171814E-16,0.));
#15783=DIRECTION('',(-1.,4.4863538171814E-16,0.));
#15784=DIRECTION('',(-1.,4.4863538171814E-16,0.));
#15785=DIRECTION('',(0.,0.,1.));
#15786=DIRECTION('',(1.,-4.4863538171814E-16,0.));
#15787=DIRECTION('',(0.,0.,-1.));
#15788=DIRECTION('',(-9.53144767020224E-17,-1.,0.));
#15789=DIRECTION('',(1.,-9.53144767020224E-17,0.));
#15790=DIRECTION('',(-1.,9.53144767020224E-17,0.));
#15791=DIRECTION('',(-1.,9.53144767020224E-17,0.));
#15792=DIRECTION('',(0.,0.,-1.));
#15793=DIRECTION('',(-1.,9.53144767020224E-17,0.));
#15794=DIRECTION('',(0.,0.,1.));
#15795=DIRECTION('',(1.,-9.53144767020224E-17,0.));
#15796=DIRECTION('',(0.,0.,-1.));
#15797=DIRECTION('',(-4.4863538171814E-16,-1.,0.));
#15798=DIRECTION('',(1.,-4.4863538171814E-16,0.));
#15799=DIRECTION('',(0.,0.,-1.));
#15800=DIRECTION('',(-1.,4.4863538171814E-16,0.));
#15801=DIRECTION('',(-1.,4.4863538171814E-16,0.));
#15802=DIRECTION('',(-1.,4.4863538171814E-16,0.));
#15803=DIRECTION('',(0.,0.,1.));
#15804=DIRECTION('',(1.,-4.4863538171814E-16,0.));
#15805=DIRECTION('',(0.,0.,-1.));
#15806=DIRECTION('',(-9.53144767020224E-17,-1.,0.));
#15807=DIRECTION('',(1.,-9.53144767020224E-17,0.));
#15808=DIRECTION('',(-1.,9.53144767020224E-17,0.));
#15809=DIRECTION('',(-1.,9.53144767020224E-17,0.));
#15810=DIRECTION('',(0.,0.,-1.));
#15811=DIRECTION('',(-1.,9.53144767020224E-17,0.));
#15812=DIRECTION('',(0.,0.,1.));
#15813=DIRECTION('',(1.,-9.53144767020224E-17,0.));
#15814=DIRECTION('',(0.,0.,-1.));
#15815=DIRECTION('',(-4.4863538171814E-16,-1.,0.));
#15816=DIRECTION('',(1.,-4.4863538171814E-16,0.));
#15817=DIRECTION('',(0.,0.,-1.));
#15818=DIRECTION('',(-1.,4.4863538171814E-16,0.));
#15819=DIRECTION('',(-1.,4.4863538171814E-16,0.));
#15820=DIRECTION('',(-1.,4.4863538171814E-16,0.));
#15821=DIRECTION('',(0.,0.,1.));
#15822=DIRECTION('',(1.,-4.4863538171814E-16,0.));
#15823=DIRECTION('',(0.,0.,-1.));
#15824=DIRECTION('',(-9.53144767020224E-17,-1.,0.));
#15825=DIRECTION('',(1.,-9.53144767020224E-17,0.));
#15826=DIRECTION('',(-1.,9.53144767020224E-17,0.));
#15827=DIRECTION('',(-1.,9.53144767020224E-17,0.));
#15828=DIRECTION('',(0.,0.,-1.));
#15829=DIRECTION('',(-1.,9.53144767020224E-17,0.));
#15830=DIRECTION('',(0.,0.,1.));
#15831=DIRECTION('',(1.,-9.53144767020224E-17,0.));
#15832=DIRECTION('',(0.,0.,-1.));
#15833=DIRECTION('',(-4.4863538171814E-16,-1.,0.));
#15834=DIRECTION('',(1.,-4.4863538171814E-16,0.));
#15835=DIRECTION('',(0.,0.,-1.));
#15836=DIRECTION('',(-1.,4.4863538171814E-16,0.));
#15837=DIRECTION('',(-1.,4.4863538171814E-16,0.));
#15838=DIRECTION('',(-1.,4.4863538171814E-16,0.));
#15839=DIRECTION('',(0.,0.,1.));
#15840=DIRECTION('',(1.,-4.4863538171814E-16,0.));
#15841=DIRECTION('',(0.,0.,-1.));
#15842=DIRECTION('',(0.,0.,1.));
#15843=DIRECTION('',(1.,0.,0.));
#15844=DIRECTION('',(0.,0.,-1.));
#15845=DIRECTION('',(-1.,0.,0.));
#15846=DIRECTION('',(0.,1.,0.));
#15847=DIRECTION('',(0.,0.,1.));
#15848=DIRECTION('',(1.,0.,0.));
#15849=DIRECTION('',(1.,0.,0.));
#15850=DIRECTION('',(0.,0.,1.));
#15851=DIRECTION('',(1.,0.,0.));
#15852=DIRECTION('',(1.,0.,0.));
#15853=DIRECTION('',(0.,0.,-1.));
#15854=DIRECTION('',(0.,-1.,0.));
#15855=DIRECTION('',(0.,0.,-1.));
#15856=DIRECTION('',(0.,-1.,0.));
#15857=DIRECTION('',(0.,0.,1.));
#15858=DIRECTION('',(1.,0.,0.));
#15859=DIRECTION('',(0.,0.,-1.));
#15860=DIRECTION('',(-1.,0.,0.));
#15861=DIRECTION('',(0.,1.,0.));
#15862=DIRECTION('',(0.,0.,1.));
#15863=DIRECTION('',(1.,0.,0.));
#15864=DIRECTION('',(1.,0.,0.));
#15865=DIRECTION('',(0.,0.,1.));
#15866=DIRECTION('',(1.,0.,0.));
#15867=DIRECTION('',(1.,0.,0.));
#15868=DIRECTION('',(0.,0.,-1.));
#15869=DIRECTION('',(0.,-1.,0.));
#15870=DIRECTION('',(0.,0.,-1.));
#15871=DIRECTION('',(0.,-1.,0.));
#15872=DIRECTION('',(0.,0.,1.));
#15873=DIRECTION('',(1.,0.,0.));
#15874=DIRECTION('',(0.,0.,-1.));
#15875=DIRECTION('',(-1.,0.,0.));
#15876=DIRECTION('',(0.,1.,0.));
#15877=DIRECTION('',(0.,0.,1.));
#15878=DIRECTION('',(1.,0.,0.));
#15879=DIRECTION('',(1.,0.,0.));
#15880=DIRECTION('',(0.,0.,1.));
#15881=DIRECTION('',(1.,0.,0.));
#15882=DIRECTION('',(1.,0.,0.));
#15883=DIRECTION('',(0.,0.,-1.));
#15884=DIRECTION('',(0.,-1.,0.));
#15885=DIRECTION('',(0.,0.,-1.));
#15886=DIRECTION('',(0.,-1.,0.));
#15887=DIRECTION('',(0.,0.,1.));
#15888=DIRECTION('',(1.,0.,0.));
#15889=DIRECTION('',(0.,0.,-1.));
#15890=DIRECTION('',(-1.,0.,0.));
#15891=DIRECTION('',(0.,1.,0.));
#15892=DIRECTION('',(0.,0.,1.));
#15893=DIRECTION('',(1.,0.,0.));
#15894=DIRECTION('',(1.,0.,0.));
#15895=DIRECTION('',(0.,0.,1.));
#15896=DIRECTION('',(1.,0.,0.));
#15897=DIRECTION('',(1.,0.,0.));
#15898=DIRECTION('',(0.,0.,-1.));
#15899=DIRECTION('',(0.,-1.,0.));
#15900=DIRECTION('',(0.,0.,-1.));
#15901=DIRECTION('',(0.,-1.,0.));
#15902=DIRECTION('',(0.,0.,1.));
#15903=DIRECTION('',(1.,0.,0.));
#15904=DIRECTION('',(0.,0.,-1.));
#15905=DIRECTION('',(-1.,0.,0.));
#15906=DIRECTION('',(0.,1.,0.));
#15907=DIRECTION('',(0.,0.,1.));
#15908=DIRECTION('',(1.,0.,0.));
#15909=DIRECTION('',(1.,0.,0.));
#15910=DIRECTION('',(0.,0.,1.));
#15911=DIRECTION('',(1.,0.,0.));
#15912=DIRECTION('',(1.,0.,0.));
#15913=DIRECTION('',(0.,0.,-1.));
#15914=DIRECTION('',(0.,-1.,0.));
#15915=DIRECTION('',(0.,0.,-1.));
#15916=DIRECTION('',(0.,-1.,0.));
#15917=DIRECTION('',(0.,0.,1.));
#15918=DIRECTION('',(1.,0.,0.));
#15919=DIRECTION('',(0.,0.,-1.));
#15920=DIRECTION('',(-1.,0.,0.));
#15921=DIRECTION('',(0.,0.,-1.));
#15922=DIRECTION('',(-1.,0.,0.));
#15923=DIRECTION('',(0.,1.,0.));
#15924=DIRECTION('',(1.,0.,0.));
#15925=DIRECTION('',(0.,0.,-1.));
#15926=DIRECTION('',(0.,-1.,0.));
#15927=DIRECTION('',(0.,-1.,0.));
#15928=DIRECTION('',(0.,0.,-1.));
#15929=DIRECTION('',(0.,0.,1.));
#15930=DIRECTION('',(1.,0.,0.));
#15931=DIRECTION('',(0.,0.,-1.));
#15932=DIRECTION('',(-1.,0.,0.));
#15933=DIRECTION('',(0.,0.,-1.));
#15934=DIRECTION('',(-1.,0.,0.));
#15935=DIRECTION('',(0.,1.,0.));
#15936=DIRECTION('',(1.,0.,0.));
#15937=DIRECTION('',(0.,0.,-1.));
#15938=DIRECTION('',(0.,-1.,0.));
#15939=DIRECTION('',(0.,-1.,0.));
#15940=DIRECTION('',(0.,0.,-1.));
#15941=DIRECTION('',(0.,0.,1.));
#15942=DIRECTION('',(1.,0.,0.));
#15943=DIRECTION('',(0.,0.,-1.));
#15944=DIRECTION('',(-1.,0.,0.));
#15945=DIRECTION('',(0.,0.,-1.));
#15946=DIRECTION('',(-1.,0.,0.));
#15947=DIRECTION('',(0.,1.,0.));
#15948=DIRECTION('',(1.,0.,0.));
#15949=DIRECTION('',(0.,0.,-1.));
#15950=DIRECTION('',(0.,-1.,0.));
#15951=DIRECTION('',(0.,-1.,0.));
#15952=DIRECTION('',(0.,0.,-1.));
#15953=DIRECTION('',(0.,0.,1.));
#15954=DIRECTION('',(1.,0.,0.));
#15955=DIRECTION('',(0.,0.,-1.));
#15956=DIRECTION('',(-1.,0.,0.));
#15957=DIRECTION('',(0.,0.,-1.));
#15958=DIRECTION('',(-1.,0.,0.));
#15959=DIRECTION('',(0.,1.,0.));
#15960=DIRECTION('',(1.,0.,0.));
#15961=DIRECTION('',(0.,0.,-1.));
#15962=DIRECTION('',(0.,-1.,0.));
#15963=DIRECTION('',(0.,-1.,0.));
#15964=DIRECTION('',(0.,0.,-1.));
#15965=DIRECTION('',(0.,0.,1.));
#15966=DIRECTION('',(1.,0.,0.));
#15967=DIRECTION('',(0.,0.,-1.));
#15968=DIRECTION('',(-1.,0.,0.));
#15969=DIRECTION('',(0.,0.,-1.));
#15970=DIRECTION('',(-1.,0.,0.));
#15971=DIRECTION('',(0.,1.,0.));
#15972=DIRECTION('',(1.,0.,0.));
#15973=DIRECTION('',(0.,0.,-1.));
#15974=DIRECTION('',(0.,-1.,0.));
#15975=DIRECTION('',(0.,-1.,0.));
#15976=DIRECTION('',(0.,0.,-1.));
#15977=DIRECTION('',(0.,0.,1.));
#15978=DIRECTION('',(1.,0.,0.));
#15979=DIRECTION('',(0.,0.,1.));
#15980=DIRECTION('',(1.,0.,0.));
#15981=DIRECTION('',(1.,0.,0.));
#15982=DIRECTION('',(0.,0.,1.));
#15983=DIRECTION('',(1.,0.,0.));
#15984=DIRECTION('',(0.,0.,1.));
#15985=DIRECTION('',(1.,0.,0.));
#15986=DIRECTION('',(-1.,0.,0.));
#15987=DIRECTION('',(1.5770213417971E-15,-1.,0.));
#15988=DIRECTION('',(0.,0.,1.));
#15989=DIRECTION('',(1.,0.,0.));
#15990=DIRECTION('',(0.,0.,1.));
#15991=DIRECTION('',(1.,0.,0.));
#15992=DIRECTION('',(1.,0.,0.));
#15993=DIRECTION('',(0.,0.,1.));
#15994=DIRECTION('',(1.,0.,0.));
#15995=DIRECTION('',(0.,0.,1.));
#15996=DIRECTION('',(1.,0.,0.));
#15997=DIRECTION('',(-1.,0.,0.));
#15998=DIRECTION('',(1.5770213417971E-15,-1.,0.));
#15999=DIRECTION('',(0.,0.,1.));
#16000=DIRECTION('',(1.,0.,0.));
#16001=DIRECTION('',(0.,0.,1.));
#16002=DIRECTION('',(1.,0.,0.));
#16003=DIRECTION('',(1.,0.,0.));
#16004=DIRECTION('',(0.,0.,1.));
#16005=DIRECTION('',(1.,0.,0.));
#16006=DIRECTION('',(0.,0.,1.));
#16007=DIRECTION('',(1.,0.,0.));
#16008=DIRECTION('',(-1.,0.,0.));
#16009=DIRECTION('',(1.5770213417971E-15,-1.,0.));
#16010=DIRECTION('',(0.,0.,1.));
#16011=DIRECTION('',(1.,0.,0.));
#16012=DIRECTION('',(0.,0.,1.));
#16013=DIRECTION('',(1.,0.,0.));
#16014=DIRECTION('',(1.,0.,0.));
#16015=DIRECTION('',(0.,0.,1.));
#16016=DIRECTION('',(1.,0.,0.));
#16017=DIRECTION('',(0.,0.,1.));
#16018=DIRECTION('',(1.,0.,0.));
#16019=DIRECTION('',(-1.,0.,0.));
#16020=DIRECTION('',(1.5770213417971E-15,-1.,0.));
#16021=DIRECTION('',(0.,0.,1.));
#16022=DIRECTION('',(1.,0.,0.));
#16023=DIRECTION('',(0.,0.,1.));
#16024=DIRECTION('',(1.,0.,0.));
#16025=DIRECTION('',(1.,0.,0.));
#16026=DIRECTION('',(0.,0.,1.));
#16027=DIRECTION('',(1.,0.,0.));
#16028=DIRECTION('',(0.,0.,1.));
#16029=DIRECTION('',(1.,0.,0.));
#16030=DIRECTION('',(-1.,0.,0.));
#16031=DIRECTION('',(1.5770213417971E-15,-1.,0.));
#16032=DIRECTION('',(0.,0.,-1.));
#16033=DIRECTION('',(-1.,0.,0.));
#16034=DIRECTION('',(0.,0.,1.));
#16035=DIRECTION('',(1.,0.,0.));
#16036=DIRECTION('',(0.,0.,-1.));
#16037=DIRECTION('',(0.,0.,-1.));
#16038=DIRECTION('',(0.,0.,-1.));
#16039=DIRECTION('',(-1.,0.,0.));
#16040=DIRECTION('',(0.,0.,-1.));
#16041=DIRECTION('',(0.,0.,-1.));
#16042=DIRECTION('',(0.,0.,1.));
#16043=DIRECTION('',(1.,0.,0.));
#16044=DIRECTION('',(0.,0.,-1.));
#16045=DIRECTION('',(-1.,0.,0.));
#16046=DIRECTION('',(0.,0.,-1.));
#16047=DIRECTION('',(0.,0.,-1.));
#16048=DIRECTION('',(0.,0.,1.));
#16049=DIRECTION('',(1.,0.,0.));
#16050=DIRECTION('',(0.,0.,-1.));
#16051=DIRECTION('',(-1.,0.,0.));
#16052=DIRECTION('',(0.,0.,-1.));
#16053=DIRECTION('',(0.,0.,-1.));
#16054=DIRECTION('',(0.,0.,1.));
#16055=DIRECTION('',(1.,0.,0.));
#16056=DIRECTION('',(0.,0.,-1.));
#16057=DIRECTION('',(-1.,0.,0.));
#16058=DIRECTION('',(0.,0.,1.));
#16059=DIRECTION('',(1.,0.,0.));
#16060=DIRECTION('',(0.,0.,-1.));
#16061=DIRECTION('',(0.,0.,1.));
#16062=DIRECTION('',(1.,0.,0.));
#16063=DIRECTION('',(0.,0.,-1.));
#16064=DIRECTION('',(0.,0.,-1.));
#16065=DIRECTION('',(-1.,0.,0.));
#16066=DIRECTION('',(0.,0.,1.));
#16067=DIRECTION('',(1.,0.,0.));
#16068=DIRECTION('',(0.,0.,-1.));
#16069=DIRECTION('',(0.,0.,1.));
#16070=DIRECTION('',(1.,0.,0.));
#16071=DIRECTION('',(0.,1.,0.));
#16072=DIRECTION('',(0.,0.,1.));
#16073=DIRECTION('',(1.,0.,0.));
#16074=DIRECTION('',(1.,0.,0.));
#16075=DIRECTION('',(0.,0.,-1.));
#16076=DIRECTION('',(1.,0.,0.));
#16077=DIRECTION('',(0.,0.,-1.));
#16078=DIRECTION('',(1.,0.,0.));
#16079=DIRECTION('',(0.,0.,-1.));
#16080=DIRECTION('',(1.,0.,0.));
#16081=DIRECTION('',(0.,0.,-1.));
#16082=DIRECTION('',(1.,0.,0.));
#16083=DIRECTION('',(0.,0.,-1.));
#16084=DIRECTION('',(0.,0.,-1.));
#16085=DIRECTION('',(1.,0.,0.));
#16086=DIRECTION('',(0.,0.,-1.));
#16087=DIRECTION('',(-1.,0.,0.));
#16088=DIRECTION('',(0.,0.,-1.));
#16089=DIRECTION('',(0.,0.,1.));
#16090=DIRECTION('',(1.,0.,0.));
#16091=DIRECTION('',(-1.,0.,0.));
#16092=DIRECTION('',(0.,0.,1.));
#16093=DIRECTION('',(0.,1.,0.));
#16094=DIRECTION('',(0.,0.,-1.));
#16095=DIRECTION('',(0.,1.,0.));
#16096=DIRECTION('',(0.,1.,0.));
#16097=DIRECTION('',(0.,0.,-1.));
#16098=DIRECTION('',(0.,1.,0.));
#16099=DIRECTION('',(0.,1.,0.));
#16100=DIRECTION('',(0.,0.,-1.));
#16101=DIRECTION('',(0.,1.,0.));
#16102=DIRECTION('',(0.,1.,0.));
#16103=DIRECTION('',(0.,0.,-1.));
#16104=DIRECTION('',(0.,1.,0.));
#16105=DIRECTION('',(0.,1.,0.));
#16106=DIRECTION('',(0.,0.,-1.));
#16107=DIRECTION('',(0.,1.,0.));
#16108=DIRECTION('',(0.,1.,0.));
#16109=DIRECTION('',(0.,0.,-1.));
#16110=DIRECTION('',(0.,1.,0.));
#16111=DIRECTION('',(0.,0.,-1.));
#16112=DIRECTION('',(-1.,0.,0.));
#16113=DIRECTION('',(0.,0.,1.));
#16114=DIRECTION('',(1.,0.,0.));
#16115=DIRECTION('',(0.,0.,-1.));
#16116=DIRECTION('',(0.,0.,1.));
#16117=DIRECTION('',(1.,0.,0.));
#16118=DIRECTION('',(0.,-1.,0.));
#16119=DIRECTION('',(0.,0.,-1.));
#16120=DIRECTION('',(0.,0.,1.));
#16121=DIRECTION('',(0.,1.,0.));
#16122=DIRECTION('',(0.,0.,1.));
#16123=DIRECTION('',(-1.,0.,0.));
#16124=DIRECTION('',(0.,1.,0.));
#16125=DIRECTION('',(0.,0.,1.));
#16126=DIRECTION('',(0.,0.,1.));
#16127=DIRECTION('',(0.,1.,0.));
#16128=DIRECTION('',(0.,0.,1.));
#16129=DIRECTION('',(-0.866025403784439,0.,0.5));
#16130=DIRECTION('',(-1.,0.,0.));
#16131=DIRECTION('',(-0.866025403784439,0.,-0.5));
#16132=DIRECTION('',(0.,1.,0.));
#16133=DIRECTION('',(0.,0.,1.));
#16134=DIRECTION('',(0.,0.,-1.));
#16135=DIRECTION('',(0.,1.,0.));
#16136=DIRECTION('',(0.,0.,1.));
#16137=DIRECTION('',(1.,0.,0.));
#16138=DIRECTION('',(0.,1.,0.));
#16139=DIRECTION('',(0.,0.,1.));
#16140=DIRECTION('',(0.866025403784438,0.,0.5));
#16141=DIRECTION('',(0.,1.,0.));
#16142=DIRECTION('',(0.,0.,1.));
#16143=DIRECTION('',(0.,1.,0.));
#16144=DIRECTION('',(0.,0.,1.));
#16145=DIRECTION('',(1.,0.,0.));
#16146=DIRECTION('',(0.,1.,0.));
#16147=DIRECTION('',(0.,0.,1.));
#16148=DIRECTION('',(0.,0.,1.));
#16149=DIRECTION('',(0.,1.,0.));
#16150=DIRECTION('',(0.,0.,1.));
#16151=DIRECTION('',(-1.,0.,0.));
#16152=DIRECTION('',(0.,1.,0.));
#16153=DIRECTION('',(0.,0.,1.));
#16154=DIRECTION('',(0.,0.,1.));
#16155=DIRECTION('',(0.,1.,0.));
#16156=DIRECTION('',(0.,0.,1.));
#16157=DIRECTION('',(-0.866025403784439,0.,0.5));
#16158=DIRECTION('',(-1.,0.,0.));
#16159=DIRECTION('',(-0.866025403784439,0.,-0.5));
#16160=DIRECTION('',(0.,1.,0.));
#16161=DIRECTION('',(0.,0.,1.));
#16162=DIRECTION('',(0.,0.,-1.));
#16163=DIRECTION('',(0.,1.,0.));
#16164=DIRECTION('',(0.,0.,1.));
#16165=DIRECTION('',(1.,0.,0.));
#16166=DIRECTION('',(0.,1.,0.));
#16167=DIRECTION('',(0.,0.,1.));
#16168=DIRECTION('',(0.866025403784438,0.,0.5));
#16169=DIRECTION('',(0.,1.,0.));
#16170=DIRECTION('',(0.,0.,1.));
#16171=DIRECTION('',(0.,1.,0.));
#16172=DIRECTION('',(0.,0.,1.));
#16173=DIRECTION('',(1.,0.,0.));
#16174=DIRECTION('',(0.,1.,0.));
#16175=DIRECTION('',(0.,0.,1.));
#16176=DIRECTION('',(0.,0.,1.));
#16177=DIRECTION('',(0.,1.,0.));
#16178=DIRECTION('',(0.,0.,1.));
#16179=DIRECTION('',(-1.,0.,0.));
#16180=DIRECTION('',(0.,1.,0.));
#16181=DIRECTION('',(0.,0.,1.));
#16182=DIRECTION('',(0.,0.,1.));
#16183=DIRECTION('',(0.,1.,0.));
#16184=DIRECTION('',(0.,0.,1.));
#16185=DIRECTION('',(-0.866025403784439,0.,0.5));
#16186=DIRECTION('',(-1.,0.,0.));
#16187=DIRECTION('',(-0.866025403784439,0.,-0.5));
#16188=DIRECTION('',(0.,1.,0.));
#16189=DIRECTION('',(0.,0.,1.));
#16190=DIRECTION('',(0.,0.,-1.));
#16191=DIRECTION('',(0.,1.,0.));
#16192=DIRECTION('',(0.,0.,1.));
#16193=DIRECTION('',(1.,0.,0.));
#16194=DIRECTION('',(0.,1.,0.));
#16195=DIRECTION('',(0.,0.,1.));
#16196=DIRECTION('',(0.866025403784438,0.,0.5));
#16197=DIRECTION('',(0.,1.,0.));
#16198=DIRECTION('',(0.,0.,1.));
#16199=DIRECTION('',(0.,1.,0.));
#16200=DIRECTION('',(0.,0.,1.));
#16201=DIRECTION('',(1.,0.,0.));
#16202=DIRECTION('',(0.,1.,0.));
#16203=DIRECTION('',(0.,0.,1.));
#16204=DIRECTION('',(0.,0.,1.));
#16205=DIRECTION('',(0.,1.,0.));
#16206=DIRECTION('',(0.,0.,1.));
#16207=DIRECTION('',(-1.,0.,0.));
#16208=DIRECTION('',(0.,1.,0.));
#16209=DIRECTION('',(0.,0.,1.));
#16210=DIRECTION('',(0.,0.,1.));
#16211=DIRECTION('',(0.,1.,0.));
#16212=DIRECTION('',(0.,0.,1.));
#16213=DIRECTION('',(-0.866025403784439,0.,0.5));
#16214=DIRECTION('',(-1.,0.,0.));
#16215=DIRECTION('',(-0.866025403784439,0.,-0.5));
#16216=DIRECTION('',(0.,1.,0.));
#16217=DIRECTION('',(0.,0.,1.));
#16218=DIRECTION('',(0.,0.,-1.));
#16219=DIRECTION('',(0.,1.,0.));
#16220=DIRECTION('',(0.,0.,1.));
#16221=DIRECTION('',(1.,0.,0.));
#16222=DIRECTION('',(0.,1.,0.));
#16223=DIRECTION('',(0.,0.,1.));
#16224=DIRECTION('',(0.866025403784438,0.,0.5));
#16225=DIRECTION('',(0.,1.,0.));
#16226=DIRECTION('',(0.,0.,1.));
#16227=DIRECTION('',(0.,1.,0.));
#16228=DIRECTION('',(0.,0.,1.));
#16229=DIRECTION('',(1.,0.,0.));
#16230=DIRECTION('',(0.,1.,0.));
#16231=DIRECTION('',(0.,0.,1.));
#16232=DIRECTION('',(0.,0.,1.));
#16233=DIRECTION('',(0.,1.,0.));
#16234=DIRECTION('',(0.,0.,1.));
#16235=DIRECTION('',(-1.,0.,0.));
#16236=DIRECTION('',(0.,1.,0.));
#16237=DIRECTION('',(0.,0.,1.));
#16238=DIRECTION('',(0.,0.,1.));
#16239=DIRECTION('',(0.,1.,0.));
#16240=DIRECTION('',(0.,0.,1.));
#16241=DIRECTION('',(-0.866025403784439,0.,0.5));
#16242=DIRECTION('',(-1.,0.,0.));
#16243=DIRECTION('',(-0.866025403784439,0.,-0.5));
#16244=DIRECTION('',(0.,1.,0.));
#16245=DIRECTION('',(0.,0.,1.));
#16246=DIRECTION('',(0.,0.,-1.));
#16247=DIRECTION('',(0.,1.,0.));
#16248=DIRECTION('',(0.,0.,1.));
#16249=DIRECTION('',(1.,0.,0.));
#16250=DIRECTION('',(0.,1.,0.));
#16251=DIRECTION('',(0.,0.,1.));
#16252=DIRECTION('',(0.866025403784438,0.,0.5));
#16253=DIRECTION('',(0.,1.,0.));
#16254=DIRECTION('',(0.,0.,1.));
#16255=DIRECTION('',(0.,1.,0.));
#16256=DIRECTION('',(0.,0.,1.));
#16257=DIRECTION('',(1.,0.,0.));
#16258=DIRECTION('',(0.,1.,0.));
#16259=DIRECTION('',(0.,0.,1.));
#16260=DIRECTION('',(-1.,0.,0.));
#16261=DIRECTION('',(0.,0.,-1.));
#16262=DIRECTION('',(-1.,0.,0.));
#16263=DIRECTION('',(0.,0.,-1.));
#16264=DIRECTION('',(-1.,0.,0.));
#16265=DIRECTION('',(0.,0.,1.));
#16266=DIRECTION('',(1.,0.,0.));
#16267=DIRECTION('',(0.,0.,1.));
#16268=DIRECTION('',(1.,0.,0.));
#16269=DIRECTION('',(0.,0.,1.));
#16270=DIRECTION('',(1.,0.,0.));
#16271=DIRECTION('',(0.,0.,1.));
#16272=DIRECTION('',(1.,0.,0.));
#16273=DIRECTION('',(1.,0.,0.));
#16274=DIRECTION('',(0.,0.,1.));
#16275=DIRECTION('',(1.,0.,0.));
#16276=DIRECTION('',(0.,-1.,0.));
#16277=DIRECTION('',(1.,0.,0.));
#16278=DIRECTION('',(0.,0.,1.));
#16279=DIRECTION('',(1.,0.,0.));
#16280=DIRECTION('',(-0.819152044288991,0.573576436351046,0.));
#16281=DIRECTION('',(0.,0.,1.));
#16282=DIRECTION('',(1.,0.,0.));
#16283=DIRECTION('',(0.25881904510252,0.965925826289068,0.));
#16284=DIRECTION('',(-0.99176267783789,-0.12808899581079,0.));
#16285=DIRECTION('',(0.,0.,1.));
#16286=DIRECTION('',(1.,0.,0.));
#16287=DIRECTION('',(0.343472902104616,0.9391625873723,0.));
#16288=DIRECTION('',(0.,0.,1.));
#16289=DIRECTION('',(1.,0.,0.));
#16290=DIRECTION('',(0.638390725864685,-0.769712466528872,0.));
#16291=DIRECTION('',(0.,0.,1.));
#16292=DIRECTION('',(1.,0.,0.));
#16293=DIRECTION('',(0.,0.,1.));
#16294=DIRECTION('',(1.,0.,0.));
#16295=DIRECTION('',(0.,0.,1.));
#16296=DIRECTION('',(1.,0.,0.));
#16297=DIRECTION('',(0.,0.,-1.));
#16298=DIRECTION('',(-1.,0.,0.));
#16299=DIRECTION('',(0.,0.,1.));
#16300=DIRECTION('',(1.,0.,0.));
#16301=DIRECTION('',(0.,0.,1.));
#16302=DIRECTION('',(1.,0.,0.));
#16303=DIRECTION('',(0.,0.,1.));
#16304=DIRECTION('',(1.,0.,0.));
#16305=DIRECTION('',(0.,0.,1.));
#16306=DIRECTION('',(1.,0.,0.));
#16307=DIRECTION('',(0.,0.,1.));
#16308=DIRECTION('',(1.,0.,0.));
#16309=DIRECTION('',(1.5770213417971E-15,-1.,0.));
#16310=DIRECTION('',(-1.,0.,0.));
#16311=DIRECTION('',(0.,0.,1.));
#16312=DIRECTION('',(1.,0.,0.));
#16313=DIRECTION('',(0.,0.,1.));
#16314=DIRECTION('',(1.,0.,0.));
#16315=DIRECTION('',(0.,0.,1.));
#16316=DIRECTION('',(1.,0.,0.));
#16317=DIRECTION('',(0.,0.,1.));
#16318=DIRECTION('',(1.,0.,0.));
#16319=DIRECTION('',(0.,0.,-1.));
#16320=DIRECTION('',(-1.,0.,0.));
#16321=DIRECTION('',(0.,0.,-1.));
#16322=DIRECTION('',(-1.,0.,0.));
#16323=DIRECTION('',(0.,0.,-1.));
#16324=DIRECTION('',(0.,0.,-1.));
#16325=DIRECTION('',(-1.,0.,0.));
#16326=DIRECTION('',(1.,1.5770213417971E-15,0.));
#16327=DIRECTION('',(-1.5770213417971E-15,1.,0.));
#16328=DIRECTION('',(0.,0.,-1.));
#16329=DIRECTION('',(0.,-1.,0.));
#16330=DIRECTION('',(0.,0.,-1.));
#16331=DIRECTION('',(0.,0.,-1.));
#16332=DIRECTION('',(0.,0.,-1.));
#16333=DIRECTION('',(-1.,0.,0.));
#16334=DIRECTION('',(0.,0.,-1.));
#16335=DIRECTION('',(0.,0.,-1.));
#16336=DIRECTION('',(-1.,0.,0.));
#16337=DIRECTION('',(0.,0.,1.));
#16338=DIRECTION('',(1.,0.,0.));
#16339=DIRECTION('',(0.,0.,-1.));
#16340=DIRECTION('',(-1.,0.,0.));
#16341=DIRECTION('',(0.,0.,1.));
#16342=DIRECTION('',(1.,0.,0.));
#16343=DIRECTION('',(0.,0.,1.));
#16344=DIRECTION('',(1.,0.,0.));
#16345=DIRECTION('',(0.,0.,1.));
#16346=DIRECTION('',(1.,0.,0.));
#16347=DIRECTION('',(0.,0.,1.));
#16348=DIRECTION('',(1.,0.,0.));
#16349=DIRECTION('',(0.,0.,1.));
#16350=DIRECTION('',(1.,0.,0.));
#16351=DIRECTION('',(1.5770213417971E-15,-1.,0.));
#16352=DIRECTION('',(-1.,0.,0.));
#16353=DIRECTION('',(0.,0.,1.));
#16354=DIRECTION('',(1.,0.,0.));
#16355=DIRECTION('',(0.,0.,1.));
#16356=DIRECTION('',(1.,0.,0.));
#16357=DIRECTION('',(0.,0.,1.));
#16358=DIRECTION('',(1.,0.,0.));
#16359=DIRECTION('',(0.,0.,1.));
#16360=DIRECTION('',(1.,0.,0.));
#16361=DIRECTION('',(0.,0.,-1.));
#16362=DIRECTION('',(-1.,0.,0.));
#16363=DIRECTION('',(0.,0.,-1.));
#16364=DIRECTION('',(-1.,0.,0.));
#16365=DIRECTION('',(0.,0.,-1.));
#16366=DIRECTION('',(0.,0.,-1.));
#16367=DIRECTION('',(-1.,0.,0.));
#16368=DIRECTION('',(1.,1.5770213417971E-15,0.));
#16369=DIRECTION('',(-1.5770213417971E-15,1.,0.));
#16370=DIRECTION('',(0.,0.,-1.));
#16371=DIRECTION('',(0.,-1.,0.));
#16372=DIRECTION('',(0.,0.,-1.));
#16373=DIRECTION('',(0.,0.,-1.));
#16374=DIRECTION('',(0.,0.,-1.));
#16375=DIRECTION('',(-1.,0.,0.));
#16376=DIRECTION('',(0.,0.,-1.));
#16377=DIRECTION('',(0.,0.,-1.));
#16378=DIRECTION('',(-1.,0.,0.));
#16379=DIRECTION('',(0.,0.,1.));
#16380=DIRECTION('',(1.,0.,0.));
#16381=DIRECTION('',(0.,0.,-1.));
#16382=DIRECTION('',(-1.,0.,0.));
#16383=DIRECTION('',(0.,0.,1.));
#16384=DIRECTION('',(1.,0.,0.));
#16385=DIRECTION('',(0.,0.,1.));
#16386=DIRECTION('',(1.,0.,0.));
#16387=DIRECTION('',(0.,0.,1.));
#16388=DIRECTION('',(1.,0.,0.));
#16389=DIRECTION('',(0.,0.,1.));
#16390=DIRECTION('',(1.,0.,0.));
#16391=DIRECTION('',(0.,0.,1.));
#16392=DIRECTION('',(1.,0.,0.));
#16393=DIRECTION('',(1.5770213417971E-15,-1.,0.));
#16394=DIRECTION('',(-1.,0.,0.));
#16395=DIRECTION('',(0.,0.,1.));
#16396=DIRECTION('',(1.,0.,0.));
#16397=DIRECTION('',(0.,0.,1.));
#16398=DIRECTION('',(1.,0.,0.));
#16399=DIRECTION('',(0.,0.,1.));
#16400=DIRECTION('',(1.,0.,0.));
#16401=DIRECTION('',(0.,0.,1.));
#16402=DIRECTION('',(1.,0.,0.));
#16403=DIRECTION('',(0.,0.,-1.));
#16404=DIRECTION('',(-1.,0.,0.));
#16405=DIRECTION('',(0.,0.,-1.));
#16406=DIRECTION('',(-1.,0.,0.));
#16407=DIRECTION('',(0.,0.,-1.));
#16408=DIRECTION('',(0.,0.,-1.));
#16409=DIRECTION('',(-1.,0.,0.));
#16410=DIRECTION('',(1.,1.5770213417971E-15,0.));
#16411=DIRECTION('',(-1.5770213417971E-15,1.,0.));
#16412=DIRECTION('',(0.,0.,-1.));
#16413=DIRECTION('',(0.,-1.,0.));
#16414=DIRECTION('',(0.,0.,-1.));
#16415=DIRECTION('',(0.,0.,-1.));
#16416=DIRECTION('',(0.,0.,-1.));
#16417=DIRECTION('',(-1.,0.,0.));
#16418=DIRECTION('',(0.,0.,-1.));
#16419=DIRECTION('',(0.,0.,-1.));
#16420=DIRECTION('',(-1.,0.,0.));
#16421=DIRECTION('',(0.,0.,1.));
#16422=DIRECTION('',(1.,0.,0.));
#16423=DIRECTION('',(0.,0.,-1.));
#16424=DIRECTION('',(-1.,0.,0.));
#16425=DIRECTION('',(0.,0.,1.));
#16426=DIRECTION('',(1.,0.,0.));
#16427=DIRECTION('',(0.,0.,1.));
#16428=DIRECTION('',(1.,0.,0.));
#16429=DIRECTION('',(0.,0.,1.));
#16430=DIRECTION('',(1.,0.,0.));
#16431=DIRECTION('',(0.,0.,1.));
#16432=DIRECTION('',(1.,0.,0.));
#16433=DIRECTION('',(0.,0.,1.));
#16434=DIRECTION('',(1.,0.,0.));
#16435=DIRECTION('',(1.5770213417971E-15,-1.,0.));
#16436=DIRECTION('',(-1.,0.,0.));
#16437=DIRECTION('',(0.,0.,1.));
#16438=DIRECTION('',(1.,0.,0.));
#16439=DIRECTION('',(0.,0.,1.));
#16440=DIRECTION('',(1.,0.,0.));
#16441=DIRECTION('',(0.,0.,1.));
#16442=DIRECTION('',(1.,0.,0.));
#16443=DIRECTION('',(0.,0.,1.));
#16444=DIRECTION('',(1.,0.,0.));
#16445=DIRECTION('',(0.,0.,-1.));
#16446=DIRECTION('',(-1.,0.,0.));
#16447=DIRECTION('',(0.,0.,-1.));
#16448=DIRECTION('',(-1.,0.,0.));
#16449=DIRECTION('',(0.,0.,-1.));
#16450=DIRECTION('',(0.,0.,-1.));
#16451=DIRECTION('',(-1.,0.,0.));
#16452=DIRECTION('',(1.,1.5770213417971E-15,0.));
#16453=DIRECTION('',(-1.5770213417971E-15,1.,0.));
#16454=DIRECTION('',(0.,0.,-1.));
#16455=DIRECTION('',(0.,-1.,0.));
#16456=DIRECTION('',(0.,0.,-1.));
#16457=DIRECTION('',(0.,0.,-1.));
#16458=DIRECTION('',(0.,0.,-1.));
#16459=DIRECTION('',(-1.,0.,0.));
#16460=DIRECTION('',(0.,0.,-1.));
#16461=DIRECTION('',(0.,0.,-1.));
#16462=DIRECTION('',(-1.,0.,0.));
#16463=DIRECTION('',(0.,0.,1.));
#16464=DIRECTION('',(1.,0.,0.));
#16465=DIRECTION('',(0.,0.,-1.));
#16466=DIRECTION('',(-1.,0.,0.));
#16467=DIRECTION('',(0.,0.,1.));
#16468=DIRECTION('',(1.,0.,0.));
#16469=DIRECTION('',(0.,0.,1.));
#16470=DIRECTION('',(1.,0.,0.));
#16471=DIRECTION('',(0.,0.,1.));
#16472=DIRECTION('',(1.,0.,0.));
#16473=DIRECTION('',(0.,0.,1.));
#16474=DIRECTION('',(1.,0.,0.));
#16475=DIRECTION('',(0.,0.,1.));
#16476=DIRECTION('',(1.,0.,0.));
#16477=DIRECTION('',(1.5770213417971E-15,-1.,0.));
#16478=DIRECTION('',(-1.,0.,0.));
#16479=DIRECTION('',(0.,0.,1.));
#16480=DIRECTION('',(1.,0.,0.));
#16481=DIRECTION('',(0.,0.,1.));
#16482=DIRECTION('',(1.,0.,0.));
#16483=DIRECTION('',(0.,0.,1.));
#16484=DIRECTION('',(1.,0.,0.));
#16485=DIRECTION('',(0.,0.,1.));
#16486=DIRECTION('',(1.,0.,0.));
#16487=DIRECTION('',(0.,0.,-1.));
#16488=DIRECTION('',(-1.,0.,0.));
#16489=DIRECTION('',(0.,0.,-1.));
#16490=DIRECTION('',(-1.,0.,0.));
#16491=DIRECTION('',(0.,0.,-1.));
#16492=DIRECTION('',(0.,0.,-1.));
#16493=DIRECTION('',(-1.,0.,0.));
#16494=DIRECTION('',(1.,1.5770213417971E-15,0.));
#16495=DIRECTION('',(-1.5770213417971E-15,1.,0.));
#16496=DIRECTION('',(0.,0.,-1.));
#16497=DIRECTION('',(0.,-1.,0.));
#16498=DIRECTION('',(0.,0.,-1.));
#16499=DIRECTION('',(0.,0.,-1.));
#16500=DIRECTION('',(0.,0.,-1.));
#16501=DIRECTION('',(-1.,0.,0.));
#16502=DIRECTION('',(0.,0.,-1.));
#16503=DIRECTION('',(0.,0.,-1.));
#16504=DIRECTION('',(-1.,0.,0.));
#16505=DIRECTION('',(0.,0.,1.));
#16506=DIRECTION('',(1.,0.,0.));
#16507=DIRECTION('',(0.,0.,1.));
#16508=DIRECTION('',(1.,0.,0.));
#16509=DIRECTION('',(0.,0.,1.));
#16510=DIRECTION('',(1.,0.,0.));
#16511=DIRECTION('',(0.,0.,1.));
#16512=DIRECTION('',(1.,0.,0.));
#16513=DIRECTION('',(0.,0.,1.));
#16514=DIRECTION('',(1.,0.,0.));
#16515=DIRECTION('',(0.,0.,1.));
#16516=DIRECTION('',(1.,0.,0.));
#16517=DIRECTION('',(0.,0.,1.));
#16518=DIRECTION('',(1.,0.,0.));
#16519=DIRECTION('',(0.,0.,1.));
#16520=DIRECTION('',(1.,0.,0.));
#16521=DIRECTION('',(0.,0.,1.));
#16522=DIRECTION('',(1.,0.,0.));
#16523=DIRECTION('',(0.,0.,1.));
#16524=DIRECTION('',(1.,0.,0.));
#16525=DIRECTION('',(0.,0.,-1.));
#16526=DIRECTION('',(-1.,0.,0.));
#16527=DIRECTION('',(0.,0.,-1.));
#16528=DIRECTION('',(-1.,0.,0.));
#16529=DIRECTION('',(0.,0.,1.));
#16530=DIRECTION('',(1.,0.,0.));
#16531=DIRECTION('',(0.,0.,-1.));
#16532=DIRECTION('',(-1.,0.,0.));
#16533=DIRECTION('',(0.,0.,-1.));
#16534=DIRECTION('',(-1.,0.,0.));
#16535=DIRECTION('',(0.,0.,1.));
#16536=DIRECTION('',(1.,0.,0.));
#16537=DIRECTION('',(0.,0.,-1.));
#16538=DIRECTION('',(-1.,0.,0.));
#16539=DIRECTION('',(0.,0.,-1.));
#16540=DIRECTION('',(-1.,0.,0.));
#16541=DIRECTION('',(0.,0.,1.));
#16542=DIRECTION('',(1.,0.,0.));
#16543=DIRECTION('',(0.,0.,-1.));
#16544=DIRECTION('',(-1.,0.,0.));
#16545=DIRECTION('',(0.,0.,-1.));
#16546=DIRECTION('',(-1.,0.,0.));
#16547=DIRECTION('',(0.,0.,1.));
#16548=DIRECTION('',(1.,0.,0.));
#16549=DIRECTION('',(0.,0.,-1.));
#16550=DIRECTION('',(-1.,0.,0.));
#16551=DIRECTION('',(0.,0.,-1.));
#16552=DIRECTION('',(-1.,0.,0.));
#16553=DIRECTION('',(0.,0.,1.));
#16554=DIRECTION('',(1.,0.,0.));
#16555=DIRECTION('',(1.,0.,0.));
#16556=DIRECTION('',(0.,0.,-1.));
#16557=DIRECTION('',(0.,-1.,0.));
#16558=DIRECTION('',(0.,0.,1.));
#16559=DIRECTION('',(0.,-1.,0.));
#16560=DIRECTION('',(0.,0.,-1.));
#16561=DIRECTION('',(-1.,0.,0.));
#16562=DIRECTION('',(1.,0.,0.));
#16563=DIRECTION('',(0.,-1.,0.));
#16564=DIRECTION('',(-1.,0.,0.));
#16565=DIRECTION('',(0.,0.,1.));
#16566=DIRECTION('',(0.,0.,-1.));
#16567=DIRECTION('',(0.,-1.,0.));
#16568=DIRECTION('',(0.,0.,1.));
#16569=DIRECTION('',(1.,0.,0.));
#16570=DIRECTION('',(-1.,0.,0.));
#16571=DIRECTION('',(0.,1.,0.));
#16572=DIRECTION('',(0.,0.,1.));
#16573=DIRECTION('',(1.,0.,0.));
#16574=DIRECTION('',(0.,0.,-1.));
#16575=DIRECTION('',(0.,-1.,0.));
#16576=DIRECTION('',(0.,0.,1.));
#16577=DIRECTION('',(0.,-1.,0.));
#16578=DIRECTION('',(0.,0.,-1.));
#16579=DIRECTION('',(-1.,0.,0.));
#16580=DIRECTION('',(1.,0.,0.));
#16581=DIRECTION('',(0.,-1.,0.));
#16582=DIRECTION('',(-1.,0.,0.));
#16583=DIRECTION('',(0.,0.,1.));
#16584=DIRECTION('',(0.,0.,-1.));
#16585=DIRECTION('',(0.,-1.,0.));
#16586=DIRECTION('',(0.,0.,1.));
#16587=DIRECTION('',(1.,0.,0.));
#16588=DIRECTION('',(-1.,0.,0.));
#16589=DIRECTION('',(0.,1.,0.));
#16590=DIRECTION('',(0.,0.,1.));
#16591=DIRECTION('',(1.,0.,0.));
#16592=DIRECTION('',(0.,0.,-1.));
#16593=DIRECTION('',(0.,-1.,0.));
#16594=DIRECTION('',(0.,0.,1.));
#16595=DIRECTION('',(0.,-1.,0.));
#16596=DIRECTION('',(0.,0.,-1.));
#16597=DIRECTION('',(-1.,0.,0.));
#16598=DIRECTION('',(1.,0.,0.));
#16599=DIRECTION('',(0.,-1.,0.));
#16600=DIRECTION('',(-1.,0.,0.));
#16601=DIRECTION('',(0.,0.,1.));
#16602=DIRECTION('',(0.,0.,-1.));
#16603=DIRECTION('',(0.,-1.,0.));
#16604=DIRECTION('',(0.,0.,1.));
#16605=DIRECTION('',(1.,0.,0.));
#16606=DIRECTION('',(-1.,0.,0.));
#16607=DIRECTION('',(0.,1.,0.));
#16608=DIRECTION('',(0.,0.,1.));
#16609=DIRECTION('',(1.,0.,0.));
#16610=DIRECTION('',(0.,0.,-1.));
#16611=DIRECTION('',(0.,-1.,0.));
#16612=DIRECTION('',(0.,0.,1.));
#16613=DIRECTION('',(0.,-1.,0.));
#16614=DIRECTION('',(0.,0.,-1.));
#16615=DIRECTION('',(-1.,0.,0.));
#16616=DIRECTION('',(1.,0.,0.));
#16617=DIRECTION('',(0.,-1.,0.));
#16618=DIRECTION('',(-1.,0.,0.));
#16619=DIRECTION('',(0.,0.,1.));
#16620=DIRECTION('',(0.,0.,-1.));
#16621=DIRECTION('',(0.,-1.,0.));
#16622=DIRECTION('',(0.,0.,1.));
#16623=DIRECTION('',(1.,0.,0.));
#16624=DIRECTION('',(-1.,0.,0.));
#16625=DIRECTION('',(0.,1.,0.));
#16626=DIRECTION('',(0.,0.,1.));
#16627=DIRECTION('',(1.,0.,0.));
#16628=DIRECTION('',(0.,0.,-1.));
#16629=DIRECTION('',(0.,-1.,0.));
#16630=DIRECTION('',(0.,0.,1.));
#16631=DIRECTION('',(0.,-1.,0.));
#16632=DIRECTION('',(0.,0.,-1.));
#16633=DIRECTION('',(-1.,0.,0.));
#16634=DIRECTION('',(1.,0.,0.));
#16635=DIRECTION('',(0.,-1.,0.));
#16636=DIRECTION('',(-1.,0.,0.));
#16637=DIRECTION('',(0.,0.,1.));
#16638=DIRECTION('',(0.,0.,-1.));
#16639=DIRECTION('',(0.,-1.,0.));
#16640=DIRECTION('',(0.,0.,1.));
#16641=DIRECTION('',(1.,0.,0.));
#16642=DIRECTION('',(-1.,0.,0.));
#16643=DIRECTION('',(0.,1.,0.));
#16644=DIRECTION('',(0.,0.,1.));
#16645=DIRECTION('',(1.,0.,0.));
#16646=DIRECTION('',(0.,0.,-1.));
#16647=DIRECTION('',(0.,-1.,0.));
#16648=DIRECTION('',(0.,0.,1.));
#16649=DIRECTION('',(0.,-1.,0.));
#16650=DIRECTION('',(0.,0.,-1.));
#16651=DIRECTION('',(-1.,0.,0.));
#16652=DIRECTION('',(1.,0.,0.));
#16653=DIRECTION('',(0.,-1.,0.));
#16654=DIRECTION('',(-1.,0.,0.));
#16655=DIRECTION('',(0.,0.,1.));
#16656=DIRECTION('',(0.,0.,-1.));
#16657=DIRECTION('',(0.,-1.,0.));
#16658=DIRECTION('',(0.,0.,1.));
#16659=DIRECTION('',(1.,0.,0.));
#16660=DIRECTION('',(-1.,0.,0.));
#16661=DIRECTION('',(0.,1.,0.));
#16662=DIRECTION('',(0.,0.,1.));
#16663=DIRECTION('',(1.,0.,0.));
#16664=DIRECTION('',(0.,0.,-1.));
#16665=DIRECTION('',(0.,-1.,0.));
#16666=DIRECTION('',(0.,0.,1.));
#16667=DIRECTION('',(0.,-1.,0.));
#16668=DIRECTION('',(0.,0.,-1.));
#16669=DIRECTION('',(-1.,0.,0.));
#16670=DIRECTION('',(1.,0.,0.));
#16671=DIRECTION('',(0.,-1.,0.));
#16672=DIRECTION('',(-1.,0.,0.));
#16673=DIRECTION('',(0.,0.,1.));
#16674=DIRECTION('',(0.,0.,-1.));
#16675=DIRECTION('',(0.,-1.,0.));
#16676=DIRECTION('',(0.,0.,1.));
#16677=DIRECTION('',(1.,0.,0.));
#16678=DIRECTION('',(-1.,0.,0.));
#16679=DIRECTION('',(0.,1.,0.));
#16680=DIRECTION('',(0.,0.,1.));
#16681=DIRECTION('',(1.,0.,0.));
#16682=DIRECTION('',(0.,0.,-1.));
#16683=DIRECTION('',(0.,-1.,0.));
#16684=DIRECTION('',(0.,0.,1.));
#16685=DIRECTION('',(0.,-1.,0.));
#16686=DIRECTION('',(0.,0.,-1.));
#16687=DIRECTION('',(-1.,0.,0.));
#16688=DIRECTION('',(1.,0.,0.));
#16689=DIRECTION('',(0.,-1.,0.));
#16690=DIRECTION('',(-1.,0.,0.));
#16691=DIRECTION('',(0.,0.,1.));
#16692=DIRECTION('',(0.,0.,-1.));
#16693=DIRECTION('',(0.,-1.,0.));
#16694=DIRECTION('',(0.,0.,1.));
#16695=DIRECTION('',(1.,0.,0.));
#16696=DIRECTION('',(-1.,0.,0.));
#16697=DIRECTION('',(0.,1.,0.));
#16698=DIRECTION('',(0.,0.,1.));
#16699=DIRECTION('',(1.,0.,0.));
#16700=DIRECTION('',(0.,0.,-1.));
#16701=DIRECTION('',(0.,-1.,0.));
#16702=DIRECTION('',(0.,0.,1.));
#16703=DIRECTION('',(0.,-1.,0.));
#16704=DIRECTION('',(0.,0.,-1.));
#16705=DIRECTION('',(-1.,0.,0.));
#16706=DIRECTION('',(1.,0.,0.));
#16707=DIRECTION('',(0.,-1.,0.));
#16708=DIRECTION('',(-1.,0.,0.));
#16709=DIRECTION('',(0.,0.,1.));
#16710=DIRECTION('',(0.,0.,-1.));
#16711=DIRECTION('',(0.,-1.,0.));
#16712=DIRECTION('',(0.,0.,1.));
#16713=DIRECTION('',(1.,0.,0.));
#16714=DIRECTION('',(-1.,0.,0.));
#16715=DIRECTION('',(0.,1.,0.));
#16716=DIRECTION('',(0.,0.,1.));
#16717=DIRECTION('',(1.,0.,0.));
#16718=DIRECTION('',(0.,0.,-1.));
#16719=DIRECTION('',(0.,-1.,0.));
#16720=DIRECTION('',(0.,0.,1.));
#16721=DIRECTION('',(0.,-1.,0.));
#16722=DIRECTION('',(0.,0.,-1.));
#16723=DIRECTION('',(-1.,0.,0.));
#16724=DIRECTION('',(1.,0.,0.));
#16725=DIRECTION('',(0.,-1.,0.));
#16726=DIRECTION('',(-1.,0.,0.));
#16727=DIRECTION('',(0.,0.,1.));
#16728=DIRECTION('',(0.,0.,-1.));
#16729=DIRECTION('',(0.,-1.,0.));
#16730=DIRECTION('',(0.,0.,1.));
#16731=DIRECTION('',(1.,0.,0.));
#16732=DIRECTION('',(-1.,0.,0.));
#16733=DIRECTION('',(0.,1.,0.));
#16734=DIRECTION('',(0.,0.,1.));
#16735=DIRECTION('',(-1.,0.,0.));
#16736=DIRECTION('',(0.,0.,1.));
#16737=DIRECTION('',(-1.,0.,0.));
#16738=DIRECTION('',(0.,0.,1.));
#16739=DIRECTION('',(-1.,0.,0.));
#16740=DIRECTION('',(0.,0.,1.));
#16741=DIRECTION('',(-1.,0.,0.));
#16742=DIRECTION('',(0.,0.,1.));
#16743=DIRECTION('',(-1.,0.,0.));
#16744=DIRECTION('',(0.,0.,1.));
#16745=DIRECTION('',(-1.,0.,0.));
#16746=DIRECTION('',(0.,0.,1.));
#16747=DIRECTION('',(-1.,0.,0.));
#16748=DIRECTION('',(0.,0.,1.));
#16749=DIRECTION('',(-1.,0.,0.));
#16750=DIRECTION('',(0.,0.,1.));
#16751=DIRECTION('',(-1.,0.,0.));
#16752=DIRECTION('',(0.,0.,1.));
#16753=DIRECTION('',(-1.,0.,0.));
#16754=DIRECTION('',(0.,0.,1.));
#16755=DIRECTION('',(-1.,0.,0.));
#16756=DIRECTION('',(0.,0.,1.));
#16757=DIRECTION('',(-1.,0.,0.));
#16758=DIRECTION('',(0.,0.,1.));
#16759=DIRECTION('',(-1.,0.,0.));
#16760=DIRECTION('',(0.,0.,1.));
#16761=DIRECTION('',(-1.,0.,0.));
#16762=DIRECTION('',(0.,0.,1.));
#16763=DIRECTION('',(-1.,0.,0.));
#16764=DIRECTION('',(0.,0.,1.));
#16765=DIRECTION('',(-1.,0.,0.));
#16766=DIRECTION('',(0.,0.,1.));
#16767=DIRECTION('',(-1.,0.,0.));
#16768=DIRECTION('',(0.,0.,1.));
#16769=DIRECTION('',(-1.,0.,0.));
#16770=DIRECTION('',(0.,0.,1.));
#16771=DIRECTION('',(-1.,0.,0.));
#16772=DIRECTION('',(0.,0.,1.));
#16773=DIRECTION('',(-1.,0.,0.));
#16774=DIRECTION('',(0.,0.,1.));
#16775=DIRECTION('',(-1.,0.,0.));
#16776=DIRECTION('',(0.,0.,1.));
#16777=DIRECTION('',(-1.,0.,0.));
#16778=DIRECTION('',(0.,0.,1.));
#16779=DIRECTION('',(-1.,0.,0.));
#16780=DIRECTION('',(0.,0.,1.));
#16781=DIRECTION('',(-1.,0.,0.));
#16782=DIRECTION('',(0.,0.,1.));
#16783=DIRECTION('',(-1.,0.,0.));
#16784=DIRECTION('',(0.,0.,1.));
#16785=DIRECTION('',(0.,-1.,0.));
#16786=DIRECTION('',(0.,0.,-1.));
#16787=DIRECTION('',(-1.,0.,0.));
#16788=DIRECTION('',(0.,0.,1.));
#16789=DIRECTION('',(-1.,0.,0.));
#16790=DIRECTION('',(0.,0.,-1.));
#16791=DIRECTION('',(-1.,0.,0.));
#16792=DIRECTION('',(0.,-1.,0.));
#16793=DIRECTION('',(-1.,0.,0.));
#16794=DIRECTION('',(0.,1.,3.33600668457078E-16));
#16795=DIRECTION('',(0.,-3.33600668457078E-16,1.));
#16796=DIRECTION('',(0.,3.33600668457078E-16,-1.));
#16797=DIRECTION('',(-1.,0.,0.));
#16798=DIRECTION('',(-1.,0.,0.));
#16799=DIRECTION('',(0.,0.,1.));
#16800=DIRECTION('',(1.,0.,0.));
#16801=DIRECTION('',(0.,0.,-1.));
#16802=DIRECTION('',(-1.,0.,0.));
#16803=DIRECTION('',(0.,0.,1.));
#16804=DIRECTION('',(1.,0.,0.));
#16805=DIRECTION('',(0.,1.,0.));
#16806=DIRECTION('',(-1.,0.,0.));
#16807=DIRECTION('',(-1.,0.,0.));
#16808=DIRECTION('',(0.,0.,1.));
#16809=DIRECTION('',(1.,0.,0.));
#16810=DIRECTION('',(0.,0.,-1.));
#16811=DIRECTION('',(1.,0.,0.));
#16812=DIRECTION('',(0.,0.,-1.));
#16813=DIRECTION('',(0.,-1.,0.));
#16814=DIRECTION('',(0.,0.,-1.));
#16815=DIRECTION('',(-1.,0.,0.));
#16816=DIRECTION('',(0.,0.,1.));
#16817=DIRECTION('',(-1.,0.,0.));
#16818=DIRECTION('',(0.,0.,-1.));
#16819=DIRECTION('',(-1.,0.,0.));
#16820=DIRECTION('',(0.,-1.,0.));
#16821=DIRECTION('',(-1.,0.,0.));
#16822=DIRECTION('',(0.,1.,3.33600668457078E-16));
#16823=DIRECTION('',(0.,-3.33600668457078E-16,1.));
#16824=DIRECTION('',(0.,3.33600668457078E-16,-1.));
#16825=DIRECTION('',(-1.,0.,0.));
#16826=DIRECTION('',(-1.,0.,0.));
#16827=DIRECTION('',(0.,0.,1.));
#16828=DIRECTION('',(1.,0.,0.));
#16829=DIRECTION('',(0.,0.,-1.));
#16830=DIRECTION('',(-1.,0.,0.));
#16831=DIRECTION('',(0.,0.,1.));
#16832=DIRECTION('',(1.,0.,0.));
#16833=DIRECTION('',(0.,1.,0.));
#16834=DIRECTION('',(-1.,0.,0.));
#16835=DIRECTION('',(-1.,0.,0.));
#16836=DIRECTION('',(0.,0.,1.));
#16837=DIRECTION('',(1.,0.,0.));
#16838=DIRECTION('',(0.,0.,-1.));
#16839=DIRECTION('',(1.,0.,0.));
#16840=DIRECTION('',(0.,0.,-1.));
#16841=DIRECTION('',(0.,-1.,0.));
#16842=DIRECTION('',(0.,0.,-1.));
#16843=DIRECTION('',(-1.,0.,0.));
#16844=DIRECTION('',(0.,0.,1.));
#16845=DIRECTION('',(-1.,0.,0.));
#16846=DIRECTION('',(0.,0.,-1.));
#16847=DIRECTION('',(-1.,0.,0.));
#16848=DIRECTION('',(0.,-1.,0.));
#16849=DIRECTION('',(-1.,0.,0.));
#16850=DIRECTION('',(0.,1.,3.33600668457078E-16));
#16851=DIRECTION('',(0.,-3.33600668457078E-16,1.));
#16852=DIRECTION('',(0.,3.33600668457078E-16,-1.));
#16853=DIRECTION('',(-1.,0.,0.));
#16854=DIRECTION('',(-1.,0.,0.));
#16855=DIRECTION('',(0.,0.,1.));
#16856=DIRECTION('',(1.,0.,0.));
#16857=DIRECTION('',(0.,0.,-1.));
#16858=DIRECTION('',(-1.,0.,0.));
#16859=DIRECTION('',(0.,0.,1.));
#16860=DIRECTION('',(1.,0.,0.));
#16861=DIRECTION('',(0.,1.,0.));
#16862=DIRECTION('',(-1.,0.,0.));
#16863=DIRECTION('',(-1.,0.,0.));
#16864=DIRECTION('',(0.,0.,1.));
#16865=DIRECTION('',(1.,0.,0.));
#16866=DIRECTION('',(0.,0.,-1.));
#16867=DIRECTION('',(1.,0.,0.));
#16868=DIRECTION('',(0.,0.,-1.));
#16869=DIRECTION('',(0.,-1.,0.));
#16870=DIRECTION('',(0.,0.,-1.));
#16871=DIRECTION('',(-1.,0.,0.));
#16872=DIRECTION('',(0.,0.,1.));
#16873=DIRECTION('',(-1.,0.,0.));
#16874=DIRECTION('',(0.,0.,-1.));
#16875=DIRECTION('',(-1.,0.,0.));
#16876=DIRECTION('',(0.,-1.,0.));
#16877=DIRECTION('',(-1.,0.,0.));
#16878=DIRECTION('',(0.,1.,3.33600668457078E-16));
#16879=DIRECTION('',(0.,-3.33600668457078E-16,1.));
#16880=DIRECTION('',(0.,3.33600668457078E-16,-1.));
#16881=DIRECTION('',(-1.,0.,0.));
#16882=DIRECTION('',(-1.,0.,0.));
#16883=DIRECTION('',(0.,0.,1.));
#16884=DIRECTION('',(1.,0.,0.));
#16885=DIRECTION('',(0.,0.,-1.));
#16886=DIRECTION('',(-1.,0.,0.));
#16887=DIRECTION('',(0.,0.,1.));
#16888=DIRECTION('',(1.,0.,0.));
#16889=DIRECTION('',(0.,1.,0.));
#16890=DIRECTION('',(-1.,0.,0.));
#16891=DIRECTION('',(-1.,0.,0.));
#16892=DIRECTION('',(0.,0.,1.));
#16893=DIRECTION('',(1.,0.,0.));
#16894=DIRECTION('',(0.,0.,-1.));
#16895=DIRECTION('',(1.,0.,0.));
#16896=DIRECTION('',(0.,0.,-1.));
#16897=DIRECTION('',(0.,-1.,0.));
#16898=DIRECTION('',(0.,0.,-1.));
#16899=DIRECTION('',(-1.,0.,0.));
#16900=DIRECTION('',(0.,0.,1.));
#16901=DIRECTION('',(-1.,0.,0.));
#16902=DIRECTION('',(0.,0.,-1.));
#16903=DIRECTION('',(-1.,0.,0.));
#16904=DIRECTION('',(0.,-1.,0.));
#16905=DIRECTION('',(-1.,0.,0.));
#16906=DIRECTION('',(0.,1.,3.33600668457078E-16));
#16907=DIRECTION('',(0.,-3.33600668457078E-16,1.));
#16908=DIRECTION('',(0.,3.33600668457078E-16,-1.));
#16909=DIRECTION('',(-1.,0.,0.));
#16910=DIRECTION('',(-1.,0.,0.));
#16911=DIRECTION('',(0.,0.,1.));
#16912=DIRECTION('',(1.,0.,0.));
#16913=DIRECTION('',(0.,0.,-1.));
#16914=DIRECTION('',(-1.,0.,0.));
#16915=DIRECTION('',(0.,0.,1.));
#16916=DIRECTION('',(1.,0.,0.));
#16917=DIRECTION('',(0.,1.,0.));
#16918=DIRECTION('',(-1.,0.,0.));
#16919=DIRECTION('',(-1.,0.,0.));
#16920=DIRECTION('',(0.,0.,1.));
#16921=DIRECTION('',(1.,0.,0.));
#16922=DIRECTION('',(0.,0.,-1.));
#16923=DIRECTION('',(1.,0.,0.));
#16924=DIRECTION('',(0.,0.,-1.));
#16925=DIRECTION('',(0.866025403784439,0.5,0.));
#16926=DIRECTION('',(-0.5,0.866025403784439,0.));
#16927=DIRECTION('',(0.,0.,1.));
#16928=DIRECTION('',(0.5,-0.866025403784439,0.));
#16929=DIRECTION('',(0.5,-0.866025403784439,7.22801448323672E-16));
#16930=DIRECTION('',(0.,1.,0.));
#16931=DIRECTION('',(1.,0.,0.));
#16932=DIRECTION('',(0.,1.,0.));
#16933=DIRECTION('',(1.,0.,0.));
#16934=DIRECTION('',(0.,-0.866025403784439,-0.5));
#16935=DIRECTION('',(0.,0.5,-0.866025403784439));
#16936=DIRECTION('',(0.,0.866025403784439,0.5));
#16937=DIRECTION('',(1.,0.,0.));
#16938=DIRECTION('',(0.,-0.866025403784439,-0.5));
#16939=DIRECTION('',(0.,-1.,0.));
#16940=DIRECTION('',(1.,0.,0.));
#16941=DIRECTION('',(0.,1.,0.));
#16942=DIRECTION('',(1.,0.,0.));
#16943=DIRECTION('',(0.496471676926349,-0.866025403784439,-0.0592948059271565));
#16944=DIRECTION('',(0.,1.,0.));
#16945=DIRECTION('',(1.,0.,0.));
#16946=DIRECTION('',(0.,1.,0.));
#16947=DIRECTION('',(1.,0.,0.));
#16948=DIRECTION('',(0.25,-0.866025403784439,-0.433012701892219));
#16949=DIRECTION('',(0.43301270189222,0.5,-0.75));
#16950=DIRECTION('',(0.,0.832050294337843,0.554700196225229));
#16951=DIRECTION('',(0.866025403784438,0.,0.5));
#16952=DIRECTION('',(0.250000000000002,-0.866025403784439,-0.433012701892218));
#16953=DIRECTION('',(0.,1.,0.));
#16954=DIRECTION('',(1.,0.,0.));
#16955=DIRECTION('',(0.,1.,0.));
#16956=DIRECTION('',(1.,0.,0.));
#16957=DIRECTION('',(0.,-0.866025403784439,-0.5));
#16958=DIRECTION('',(0.,0.5,-0.866025403784439));
#16959=DIRECTION('',(0.,0.866025403784439,0.5));
#16960=DIRECTION('',(1.,0.,0.));
#16961=DIRECTION('',(5.42101086242752E-16,-0.866025403784439,-0.5));
#16962=DIRECTION('',(0.,1.,0.));
#16963=DIRECTION('',(1.,0.,0.));
#16964=DIRECTION('',(0.,1.,0.));
#16965=DIRECTION('',(1.,0.,0.));
#16966=DIRECTION('',(-0.5,-0.866025403784439,0.));
#16967=DIRECTION('',(-0.866025403784439,0.5,0.));
#16968=DIRECTION('',(-0.5,-0.866025403784439,0.));
#16969=DIRECTION('',(0.,0.,-1.));
#16970=DIRECTION('',(-0.5,-0.866025403784439,2.16840434497101E-16));
#16971=DIRECTION('',(0.,1.,0.));
#16972=DIRECTION('',(1.,0.,0.));
#16973=DIRECTION('',(0.,1.,0.));
#16974=DIRECTION('',(1.,0.,0.));
#16975=DIRECTION('',(-0.25,-0.866025403784439,0.433012701892219));
#16976=DIRECTION('',(-0.433012701892219,0.5,0.75));
#16977=DIRECTION('',(0.,-0.832050294337844,0.554700196225229));
#16978=DIRECTION('',(-0.866025403784439,0.,-0.5));
#16979=DIRECTION('',(-0.132788176096108,-0.858356263574049,0.495572219835078));
#16980=DIRECTION('',(0.,0.5,0.866025403784439));
#16981=DIRECTION('',(0.,-0.866025403784439,0.5));
#16982=DIRECTION('',(-1.,0.,0.));
#16983=DIRECTION('',(0.132788176096108,-0.858356263574049,0.495572219835078));
#16984=DIRECTION('',(0.433012701892219,0.5,0.75));
#16985=DIRECTION('',(0.,-0.832050294337844,0.554700196225229));
#16986=DIRECTION('',(-0.866025403784439,0.,0.5));
#16987=DIRECTION('',(0.25,-0.866025403784439,0.43301270189222));
#16988=DIRECTION('',(0.,1.,0.));
#16989=DIRECTION('',(1.,0.,0.));
#16990=DIRECTION('',(0.,1.,0.));
#16991=DIRECTION('',(1.,0.,0.));
#16992=DIRECTION('',(0.5,-0.866025403784439,0.));
#16993=DIRECTION('',(0.866025403784439,0.5,0.));
#16994=DIRECTION('',(-0.5,0.866025403784439,0.));
#16995=DIRECTION('',(0.,0.,1.));
#16996=DIRECTION('',(0.5,-0.866025403784439,-5.42101086242753E-16));
#16997=DIRECTION('',(0.,-1.,0.));
#16998=DIRECTION('',(1.,0.,0.));
#16999=DIRECTION('',(0.,1.,0.));
#17000=DIRECTION('',(1.,0.,0.));
#17001=DIRECTION('',(0.,-0.866025403784439,0.5));
#17002=DIRECTION('',(0.,0.5,0.866025403784439));
#17003=DIRECTION('',(0.,-0.866025403784439,0.5));
#17004=DIRECTION('',(-1.,0.,0.));
#17005=DIRECTION('',(0.,-0.866025403784439,0.5));
#17006=DIRECTION('',(0.,1.,0.));
#17007=DIRECTION('',(1.,0.,0.));
#17008=DIRECTION('',(0.,1.,0.));
#17009=DIRECTION('',(1.,0.,0.));
#17010=DIRECTION('',(0.,1.,0.));
#17011=DIRECTION('',(0.,0.,1.));
#17012=DIRECTION('',(0.,0.,1.));
#17013=DIRECTION('',(0.,1.,0.));
#17014=DIRECTION('',(1.,0.,0.));
#17015=DIRECTION('',(1.,0.,0.));
#17016=DIRECTION('',(0.,1.,0.));
#17017=DIRECTION('',(1.,0.,0.));
#17018=DIRECTION('',(0.,1.,0.));
#17019=DIRECTION('',(1.,0.,0.));
#17020=DIRECTION('',(0.866025403784438,0.,0.5));
#17021=DIRECTION('',(0.,1.,0.));
#17022=DIRECTION('',(1.,0.,0.));
#17023=DIRECTION('',(1.,0.,0.));
#17024=DIRECTION('',(0.,1.,0.));
#17025=DIRECTION('',(1.,0.,0.));
#17026=DIRECTION('',(0.,0.,-1.));
#17027=DIRECTION('',(0.,1.,0.));
#17028=DIRECTION('',(1.,0.,0.));
#17029=DIRECTION('',(-0.866025403784439,0.,-0.5));
#17030=DIRECTION('',(-1.,0.,0.));
#17031=DIRECTION('',(-0.866025403784439,0.,0.5));
#17032=DIRECTION('',(0.,1.,0.));
#17033=DIRECTION('',(1.,0.,0.));
#17034=DIRECTION('',(0.,0.,1.));
#17035=DIRECTION('',(0.,1.,0.));
#17036=DIRECTION('',(1.,0.,0.));
#17037=DIRECTION('',(-1.,0.,0.));
#17038=DIRECTION('',(0.,1.,0.));
#17039=DIRECTION('',(1.,0.,0.));
#17040=DIRECTION('',(0.,-1.,0.));
#17041=DIRECTION('',(0.,0.,-1.));
#17042=DIRECTION('',(0.,-1.,0.));
#17043=DIRECTION('',(0.,-1.,0.));
#17044=DIRECTION('',(0.,0.,1.));
#17045=DIRECTION('',(1.,0.,0.));
#17046=DIRECTION('',(0.,-1.,0.));
#17047=DIRECTION('',(0.,-1.,0.));
#17048=DIRECTION('',(0.,0.,-1.));
#17049=DIRECTION('',(0.,-1.,0.));
#17050=DIRECTION('',(1.,0.,0.));
#17051=DIRECTION('',(0.,0.,-1.));
#17052=DIRECTION('',(0.,-1.,0.));
#17053=DIRECTION('',(0.,-1.,0.));
#17054=DIRECTION('',(0.,0.,-1.));
#17055=DIRECTION('',(0.,-1.,0.));
#17056=DIRECTION('',(0.5,0.,0.866025403784439));
#17057=DIRECTION('',(0.866025403784439,0.,-0.5));
#17058=DIRECTION('',(0.,-1.,0.));
#17059=DIRECTION('',(0.,0.,1.));
#17060=DIRECTION('',(1.,0.,0.));
#17061=DIRECTION('',(0.,-1.,0.));
#17062=DIRECTION('',(-0.5,0.,0.866025403784439));
#17063=DIRECTION('',(0.866025403784439,0.,0.5));
#17064=DIRECTION('',(0.,-1.,0.));
#17065=DIRECTION('',(0.,-1.,0.));
#17066=DIRECTION('',(0.,0.,-1.));
#17067=DIRECTION('',(0.,-1.,0.));
#17068=DIRECTION('',(-1.,0.,0.));
#17069=DIRECTION('',(0.,0.,1.));
#17070=DIRECTION('',(0.,-1.,0.));
#17071=DIRECTION('',(0.,-1.,0.));
#17072=DIRECTION('',(0.,0.,-1.));
#17073=DIRECTION('',(0.,-1.,0.));
#17074=DIRECTION('',(0.,0.,-1.));
#17075=DIRECTION('',(-1.,0.,0.));
#17076=DIRECTION('',(0.,-1.,0.));
#17077=DIRECTION('',(0.,-1.,0.));
#17078=DIRECTION('',(0.,0.,-1.));
#17079=DIRECTION('',(0.,-1.,0.));
#17080=DIRECTION('',(0.5,0.,-0.866025403784438));
#17081=DIRECTION('',(-0.866025403784438,0.,-0.5));
#17082=DIRECTION('',(0.,-1.,0.));
#17083=DIRECTION('',(0.,-1.,0.));
#17084=DIRECTION('',(0.,0.,-1.));
#17085=DIRECTION('',(0.,-1.,0.));
#17086=DIRECTION('',(0.,-1.,0.));
#17087=DIRECTION('',(0.,0.,-1.));
#17088=DIRECTION('',(0.,-1.,0.));
#17089=DIRECTION('',(0.,0.,-1.));
#17090=DIRECTION('',(-1.,0.,0.));
#17091=DIRECTION('',(0.,-1.,0.));
#17092=DIRECTION('',(0.,-1.,0.));
#17093=DIRECTION('',(0.,0.,-1.));
#17094=DIRECTION('',(0.,-1.,0.));
#17095=DIRECTION('',(1.,0.,0.));
#17096=DIRECTION('',(0.,0.,-1.));
#17097=DIRECTION('',(0.866025403784439,0.5,0.));
#17098=DIRECTION('',(-0.5,0.866025403784439,0.));
#17099=DIRECTION('',(0.,0.,1.));
#17100=DIRECTION('',(0.5,-0.866025403784439,0.));
#17101=DIRECTION('',(0.5,-0.866025403784439,7.22801448323672E-16));
#17102=DIRECTION('',(0.,1.,0.));
#17103=DIRECTION('',(1.,0.,0.));
#17104=DIRECTION('',(0.,1.,0.));
#17105=DIRECTION('',(1.,0.,0.));
#17106=DIRECTION('',(0.,-0.866025403784439,-0.5));
#17107=DIRECTION('',(0.,0.5,-0.866025403784439));
#17108=DIRECTION('',(0.,0.866025403784439,0.5));
#17109=DIRECTION('',(1.,0.,0.));
#17110=DIRECTION('',(0.,-0.866025403784439,-0.5));
#17111=DIRECTION('',(0.,-1.,0.));
#17112=DIRECTION('',(1.,0.,0.));
#17113=DIRECTION('',(0.,1.,0.));
#17114=DIRECTION('',(1.,0.,0.));
#17115=DIRECTION('',(0.496471676926349,-0.866025403784439,-0.0592948059271565));
#17116=DIRECTION('',(0.,1.,0.));
#17117=DIRECTION('',(1.,0.,0.));
#17118=DIRECTION('',(0.,1.,0.));
#17119=DIRECTION('',(1.,0.,0.));
#17120=DIRECTION('',(0.25,-0.866025403784439,-0.433012701892219));
#17121=DIRECTION('',(0.43301270189222,0.5,-0.75));
#17122=DIRECTION('',(0.,0.832050294337843,0.554700196225229));
#17123=DIRECTION('',(0.866025403784438,0.,0.5));
#17124=DIRECTION('',(0.250000000000002,-0.866025403784439,-0.433012701892218));
#17125=DIRECTION('',(0.,1.,0.));
#17126=DIRECTION('',(1.,0.,0.));
#17127=DIRECTION('',(0.,1.,0.));
#17128=DIRECTION('',(1.,0.,0.));
#17129=DIRECTION('',(0.,-0.866025403784439,-0.5));
#17130=DIRECTION('',(0.,0.5,-0.866025403784439));
#17131=DIRECTION('',(0.,0.866025403784439,0.5));
#17132=DIRECTION('',(1.,0.,0.));
#17133=DIRECTION('',(5.42101086242752E-16,-0.866025403784439,-0.5));
#17134=DIRECTION('',(0.,1.,0.));
#17135=DIRECTION('',(1.,0.,0.));
#17136=DIRECTION('',(0.,1.,0.));
#17137=DIRECTION('',(1.,0.,0.));
#17138=DIRECTION('',(-0.5,-0.866025403784439,0.));
#17139=DIRECTION('',(-0.866025403784439,0.5,0.));
#17140=DIRECTION('',(-0.5,-0.866025403784439,0.));
#17141=DIRECTION('',(0.,0.,-1.));
#17142=DIRECTION('',(-0.5,-0.866025403784439,2.16840434497101E-16));
#17143=DIRECTION('',(0.,1.,0.));
#17144=DIRECTION('',(1.,0.,0.));
#17145=DIRECTION('',(0.,1.,0.));
#17146=DIRECTION('',(1.,0.,0.));
#17147=DIRECTION('',(-0.25,-0.866025403784439,0.433012701892219));
#17148=DIRECTION('',(-0.433012701892219,0.5,0.75));
#17149=DIRECTION('',(0.,-0.832050294337844,0.554700196225229));
#17150=DIRECTION('',(-0.866025403784439,0.,-0.5));
#17151=DIRECTION('',(-0.132788176096108,-0.858356263574049,0.495572219835078));
#17152=DIRECTION('',(0.,0.5,0.866025403784439));
#17153=DIRECTION('',(0.,-0.866025403784439,0.5));
#17154=DIRECTION('',(-1.,0.,0.));
#17155=DIRECTION('',(0.132788176096108,-0.858356263574049,0.495572219835078));
#17156=DIRECTION('',(0.433012701892219,0.5,0.75));
#17157=DIRECTION('',(0.,-0.832050294337844,0.554700196225229));
#17158=DIRECTION('',(-0.866025403784439,0.,0.5));
#17159=DIRECTION('',(0.25,-0.866025403784439,0.43301270189222));
#17160=DIRECTION('',(0.,1.,0.));
#17161=DIRECTION('',(1.,0.,0.));
#17162=DIRECTION('',(0.,1.,0.));
#17163=DIRECTION('',(1.,0.,0.));
#17164=DIRECTION('',(0.5,-0.866025403784439,0.));
#17165=DIRECTION('',(0.866025403784439,0.5,0.));
#17166=DIRECTION('',(-0.5,0.866025403784439,0.));
#17167=DIRECTION('',(0.,0.,1.));
#17168=DIRECTION('',(0.5,-0.866025403784439,-5.42101086242753E-16));
#17169=DIRECTION('',(0.,-1.,0.));
#17170=DIRECTION('',(1.,0.,0.));
#17171=DIRECTION('',(0.,1.,0.));
#17172=DIRECTION('',(1.,0.,0.));
#17173=DIRECTION('',(0.,-0.866025403784439,0.5));
#17174=DIRECTION('',(0.,0.5,0.866025403784439));
#17175=DIRECTION('',(0.,-0.866025403784439,0.5));
#17176=DIRECTION('',(-1.,0.,0.));
#17177=DIRECTION('',(0.,-0.866025403784439,0.5));
#17178=DIRECTION('',(0.,1.,0.));
#17179=DIRECTION('',(1.,0.,0.));
#17180=DIRECTION('',(0.,1.,0.));
#17181=DIRECTION('',(1.,0.,0.));
#17182=DIRECTION('',(0.866025403784439,0.5,0.));
#17183=DIRECTION('',(-0.5,0.866025403784439,0.));
#17184=DIRECTION('',(0.,0.,1.));
#17185=DIRECTION('',(0.5,-0.866025403784439,0.));
#17186=DIRECTION('',(0.5,-0.866025403784439,7.22801448323672E-16));
#17187=DIRECTION('',(0.,1.,0.));
#17188=DIRECTION('',(1.,0.,0.));
#17189=DIRECTION('',(0.,1.,0.));
#17190=DIRECTION('',(1.,0.,0.));
#17191=DIRECTION('',(0.,-0.866025403784439,-0.5));
#17192=DIRECTION('',(0.,0.5,-0.866025403784439));
#17193=DIRECTION('',(0.,0.866025403784439,0.5));
#17194=DIRECTION('',(1.,0.,0.));
#17195=DIRECTION('',(0.,-0.866025403784439,-0.5));
#17196=DIRECTION('',(0.,-1.,0.));
#17197=DIRECTION('',(1.,0.,0.));
#17198=DIRECTION('',(0.,1.,0.));
#17199=DIRECTION('',(1.,0.,0.));
#17200=DIRECTION('',(0.496471676926349,-0.866025403784439,-0.0592948059271565));
#17201=DIRECTION('',(0.,1.,0.));
#17202=DIRECTION('',(1.,0.,0.));
#17203=DIRECTION('',(0.,1.,0.));
#17204=DIRECTION('',(1.,0.,0.));
#17205=DIRECTION('',(0.25,-0.866025403784439,-0.433012701892219));
#17206=DIRECTION('',(0.43301270189222,0.5,-0.75));
#17207=DIRECTION('',(0.,0.832050294337843,0.554700196225229));
#17208=DIRECTION('',(0.866025403784438,0.,0.5));
#17209=DIRECTION('',(0.250000000000002,-0.866025403784439,-0.433012701892218));
#17210=DIRECTION('',(0.,1.,0.));
#17211=DIRECTION('',(1.,0.,0.));
#17212=DIRECTION('',(0.,1.,0.));
#17213=DIRECTION('',(1.,0.,0.));
#17214=DIRECTION('',(0.,-0.866025403784439,-0.5));
#17215=DIRECTION('',(0.,0.5,-0.866025403784439));
#17216=DIRECTION('',(0.,0.866025403784439,0.5));
#17217=DIRECTION('',(1.,0.,0.));
#17218=DIRECTION('',(5.42101086242752E-16,-0.866025403784439,-0.5));
#17219=DIRECTION('',(0.,1.,0.));
#17220=DIRECTION('',(1.,0.,0.));
#17221=DIRECTION('',(0.,1.,0.));
#17222=DIRECTION('',(1.,0.,0.));
#17223=DIRECTION('',(-0.5,-0.866025403784439,0.));
#17224=DIRECTION('',(-0.866025403784439,0.5,0.));
#17225=DIRECTION('',(-0.5,-0.866025403784439,0.));
#17226=DIRECTION('',(0.,0.,-1.));
#17227=DIRECTION('',(-0.5,-0.866025403784439,2.16840434497101E-16));
#17228=DIRECTION('',(0.,1.,0.));
#17229=DIRECTION('',(1.,0.,0.));
#17230=DIRECTION('',(0.,1.,0.));
#17231=DIRECTION('',(1.,0.,0.));
#17232=DIRECTION('',(-0.25,-0.866025403784439,0.433012701892219));
#17233=DIRECTION('',(-0.433012701892219,0.5,0.75));
#17234=DIRECTION('',(0.,-0.832050294337844,0.554700196225229));
#17235=DIRECTION('',(-0.866025403784439,0.,-0.5));
#17236=DIRECTION('',(-0.132788176096108,-0.858356263574049,0.495572219835078));
#17237=DIRECTION('',(0.,0.5,0.866025403784439));
#17238=DIRECTION('',(0.,-0.866025403784439,0.5));
#17239=DIRECTION('',(-1.,0.,0.));
#17240=DIRECTION('',(0.132788176096108,-0.858356263574049,0.495572219835078));
#17241=DIRECTION('',(0.433012701892219,0.5,0.75));
#17242=DIRECTION('',(0.,-0.832050294337844,0.554700196225229));
#17243=DIRECTION('',(-0.866025403784439,0.,0.5));
#17244=DIRECTION('',(0.25,-0.866025403784439,0.43301270189222));
#17245=DIRECTION('',(0.,1.,0.));
#17246=DIRECTION('',(1.,0.,0.));
#17247=DIRECTION('',(0.,1.,0.));
#17248=DIRECTION('',(1.,0.,0.));
#17249=DIRECTION('',(0.5,-0.866025403784439,0.));
#17250=DIRECTION('',(0.866025403784439,0.5,0.));
#17251=DIRECTION('',(-0.5,0.866025403784439,0.));
#17252=DIRECTION('',(0.,0.,1.));
#17253=DIRECTION('',(0.5,-0.866025403784439,-5.42101086242753E-16));
#17254=DIRECTION('',(0.,-1.,0.));
#17255=DIRECTION('',(1.,0.,0.));
#17256=DIRECTION('',(0.,1.,0.));
#17257=DIRECTION('',(1.,0.,0.));
#17258=DIRECTION('',(0.,-0.866025403784439,0.5));
#17259=DIRECTION('',(0.,0.5,0.866025403784439));
#17260=DIRECTION('',(0.,-0.866025403784439,0.5));
#17261=DIRECTION('',(-1.,0.,0.));
#17262=DIRECTION('',(0.,-0.866025403784439,0.5));
#17263=DIRECTION('',(0.,1.,0.));
#17264=DIRECTION('',(1.,0.,0.));
#17265=DIRECTION('',(0.,1.,0.));
#17266=DIRECTION('',(1.,0.,0.));
#17267=DIRECTION('',(0.866025403784439,0.5,0.));
#17268=DIRECTION('',(-0.5,0.866025403784439,0.));
#17269=DIRECTION('',(0.,0.,1.));
#17270=DIRECTION('',(0.5,-0.866025403784439,0.));
#17271=DIRECTION('',(0.5,-0.866025403784439,7.22801448323672E-16));
#17272=DIRECTION('',(0.,1.,0.));
#17273=DIRECTION('',(1.,0.,0.));
#17274=DIRECTION('',(0.,1.,0.));
#17275=DIRECTION('',(1.,0.,0.));
#17276=DIRECTION('',(0.,-0.866025403784439,-0.5));
#17277=DIRECTION('',(0.,0.5,-0.866025403784439));
#17278=DIRECTION('',(0.,0.866025403784439,0.5));
#17279=DIRECTION('',(1.,0.,0.));
#17280=DIRECTION('',(0.,-0.866025403784439,-0.5));
#17281=DIRECTION('',(0.,-1.,0.));
#17282=DIRECTION('',(1.,0.,0.));
#17283=DIRECTION('',(0.,1.,0.));
#17284=DIRECTION('',(1.,0.,0.));
#17285=DIRECTION('',(0.496471676926349,-0.866025403784439,-0.0592948059271565));
#17286=DIRECTION('',(0.,1.,0.));
#17287=DIRECTION('',(1.,0.,0.));
#17288=DIRECTION('',(0.,1.,0.));
#17289=DIRECTION('',(1.,0.,0.));
#17290=DIRECTION('',(0.25,-0.866025403784439,-0.433012701892219));
#17291=DIRECTION('',(0.43301270189222,0.5,-0.75));
#17292=DIRECTION('',(0.,0.832050294337843,0.554700196225229));
#17293=DIRECTION('',(0.866025403784438,0.,0.5));
#17294=DIRECTION('',(0.250000000000002,-0.866025403784439,-0.433012701892218));
#17295=DIRECTION('',(0.,1.,0.));
#17296=DIRECTION('',(1.,0.,0.));
#17297=DIRECTION('',(0.,1.,0.));
#17298=DIRECTION('',(1.,0.,0.));
#17299=DIRECTION('',(0.,-0.866025403784439,-0.5));
#17300=DIRECTION('',(0.,0.5,-0.866025403784439));
#17301=DIRECTION('',(0.,0.866025403784439,0.5));
#17302=DIRECTION('',(1.,0.,0.));
#17303=DIRECTION('',(5.42101086242752E-16,-0.866025403784439,-0.5));
#17304=DIRECTION('',(0.,1.,0.));
#17305=DIRECTION('',(1.,0.,0.));
#17306=DIRECTION('',(0.,1.,0.));
#17307=DIRECTION('',(1.,0.,0.));
#17308=DIRECTION('',(-0.5,-0.866025403784439,0.));
#17309=DIRECTION('',(-0.866025403784439,0.5,0.));
#17310=DIRECTION('',(-0.5,-0.866025403784439,0.));
#17311=DIRECTION('',(0.,0.,-1.));
#17312=DIRECTION('',(-0.5,-0.866025403784439,2.16840434497101E-16));
#17313=DIRECTION('',(0.,1.,0.));
#17314=DIRECTION('',(1.,0.,0.));
#17315=DIRECTION('',(0.,1.,0.));
#17316=DIRECTION('',(1.,0.,0.));
#17317=DIRECTION('',(-0.25,-0.866025403784439,0.433012701892219));
#17318=DIRECTION('',(-0.433012701892219,0.5,0.75));
#17319=DIRECTION('',(0.,-0.832050294337844,0.554700196225229));
#17320=DIRECTION('',(-0.866025403784439,0.,-0.5));
#17321=DIRECTION('',(-0.132788176096108,-0.858356263574049,0.495572219835078));
#17322=DIRECTION('',(0.,0.5,0.866025403784439));
#17323=DIRECTION('',(0.,-0.866025403784439,0.5));
#17324=DIRECTION('',(-1.,0.,0.));
#17325=DIRECTION('',(0.132788176096108,-0.858356263574049,0.495572219835078));
#17326=DIRECTION('',(0.433012701892219,0.5,0.75));
#17327=DIRECTION('',(0.,-0.832050294337844,0.554700196225229));
#17328=DIRECTION('',(-0.866025403784439,0.,0.5));
#17329=DIRECTION('',(0.25,-0.866025403784439,0.43301270189222));
#17330=DIRECTION('',(0.,1.,0.));
#17331=DIRECTION('',(1.,0.,0.));
#17332=DIRECTION('',(0.,1.,0.));
#17333=DIRECTION('',(1.,0.,0.));
#17334=DIRECTION('',(0.5,-0.866025403784439,0.));
#17335=DIRECTION('',(0.866025403784439,0.5,0.));
#17336=DIRECTION('',(-0.5,0.866025403784439,0.));
#17337=DIRECTION('',(0.,0.,1.));
#17338=DIRECTION('',(0.5,-0.866025403784439,-5.42101086242753E-16));
#17339=DIRECTION('',(0.,-1.,0.));
#17340=DIRECTION('',(1.,0.,0.));
#17341=DIRECTION('',(0.,1.,0.));
#17342=DIRECTION('',(1.,0.,0.));
#17343=DIRECTION('',(0.,-0.866025403784439,0.5));
#17344=DIRECTION('',(0.,0.5,0.866025403784439));
#17345=DIRECTION('',(0.,-0.866025403784439,0.5));
#17346=DIRECTION('',(-1.,0.,0.));
#17347=DIRECTION('',(0.,-0.866025403784439,0.5));
#17348=DIRECTION('',(0.,1.,0.));
#17349=DIRECTION('',(1.,0.,0.));
#17350=DIRECTION('',(0.,1.,0.));
#17351=DIRECTION('',(1.,0.,0.));
#17352=DIRECTION('',(0.866025403784439,0.5,0.));
#17353=DIRECTION('',(-0.5,0.866025403784439,0.));
#17354=DIRECTION('',(0.,0.,1.));
#17355=DIRECTION('',(0.5,-0.866025403784439,0.));
#17356=DIRECTION('',(0.5,-0.866025403784439,7.22801448323672E-16));
#17357=DIRECTION('',(0.,1.,0.));
#17358=DIRECTION('',(1.,0.,0.));
#17359=DIRECTION('',(0.,1.,0.));
#17360=DIRECTION('',(1.,0.,0.));
#17361=DIRECTION('',(0.,-0.866025403784439,-0.5));
#17362=DIRECTION('',(0.,0.5,-0.866025403784439));
#17363=DIRECTION('',(0.,0.866025403784439,0.5));
#17364=DIRECTION('',(1.,0.,0.));
#17365=DIRECTION('',(0.,-0.866025403784439,-0.5));
#17366=DIRECTION('',(0.,-1.,0.));
#17367=DIRECTION('',(1.,0.,0.));
#17368=DIRECTION('',(0.,1.,0.));
#17369=DIRECTION('',(1.,0.,0.));
#17370=DIRECTION('',(0.496471676926349,-0.866025403784439,-0.0592948059271565));
#17371=DIRECTION('',(0.,1.,0.));
#17372=DIRECTION('',(1.,0.,0.));
#17373=DIRECTION('',(0.,1.,0.));
#17374=DIRECTION('',(1.,0.,0.));
#17375=DIRECTION('',(0.25,-0.866025403784439,-0.433012701892219));
#17376=DIRECTION('',(0.43301270189222,0.5,-0.75));
#17377=DIRECTION('',(0.,0.832050294337843,0.554700196225229));
#17378=DIRECTION('',(0.866025403784438,0.,0.5));
#17379=DIRECTION('',(0.250000000000002,-0.866025403784439,-0.433012701892218));
#17380=DIRECTION('',(0.,1.,0.));
#17381=DIRECTION('',(1.,0.,0.));
#17382=DIRECTION('',(0.,1.,0.));
#17383=DIRECTION('',(1.,0.,0.));
#17384=DIRECTION('',(0.,-0.866025403784439,-0.5));
#17385=DIRECTION('',(0.,0.5,-0.866025403784439));
#17386=DIRECTION('',(0.,0.866025403784439,0.5));
#17387=DIRECTION('',(1.,0.,0.));
#17388=DIRECTION('',(5.42101086242752E-16,-0.866025403784439,-0.5));
#17389=DIRECTION('',(0.,1.,0.));
#17390=DIRECTION('',(1.,0.,0.));
#17391=DIRECTION('',(0.,1.,0.));
#17392=DIRECTION('',(1.,0.,0.));
#17393=DIRECTION('',(-0.5,-0.866025403784439,0.));
#17394=DIRECTION('',(-0.866025403784439,0.5,0.));
#17395=DIRECTION('',(-0.5,-0.866025403784439,0.));
#17396=DIRECTION('',(0.,0.,-1.));
#17397=DIRECTION('',(-0.5,-0.866025403784439,2.16840434497101E-16));
#17398=DIRECTION('',(0.,1.,0.));
#17399=DIRECTION('',(1.,0.,0.));
#17400=DIRECTION('',(0.,1.,0.));
#17401=DIRECTION('',(1.,0.,0.));
#17402=DIRECTION('',(-0.25,-0.866025403784439,0.433012701892219));
#17403=DIRECTION('',(-0.433012701892219,0.5,0.75));
#17404=DIRECTION('',(0.,-0.832050294337844,0.554700196225229));
#17405=DIRECTION('',(-0.866025403784439,0.,-0.5));
#17406=DIRECTION('',(-0.132788176096108,-0.858356263574049,0.495572219835078));
#17407=DIRECTION('',(0.,0.5,0.866025403784439));
#17408=DIRECTION('',(0.,-0.866025403784439,0.5));
#17409=DIRECTION('',(-1.,0.,0.));
#17410=DIRECTION('',(0.132788176096108,-0.858356263574049,0.495572219835078));
#17411=DIRECTION('',(0.433012701892219,0.5,0.75));
#17412=DIRECTION('',(0.,-0.832050294337844,0.554700196225229));
#17413=DIRECTION('',(-0.866025403784439,0.,0.5));
#17414=DIRECTION('',(0.25,-0.866025403784439,0.43301270189222));
#17415=DIRECTION('',(0.,1.,0.));
#17416=DIRECTION('',(1.,0.,0.));
#17417=DIRECTION('',(0.,1.,0.));
#17418=DIRECTION('',(1.,0.,0.));
#17419=DIRECTION('',(0.5,-0.866025403784439,0.));
#17420=DIRECTION('',(0.866025403784439,0.5,0.));
#17421=DIRECTION('',(-0.5,0.866025403784439,0.));
#17422=DIRECTION('',(0.,0.,1.));
#17423=DIRECTION('',(0.5,-0.866025403784439,-5.42101086242753E-16));
#17424=DIRECTION('',(0.,-1.,0.));
#17425=DIRECTION('',(1.,0.,0.));
#17426=DIRECTION('',(0.,1.,0.));
#17427=DIRECTION('',(1.,0.,0.));
#17428=DIRECTION('',(0.,-0.866025403784439,0.5));
#17429=DIRECTION('',(0.,0.5,0.866025403784439));
#17430=DIRECTION('',(0.,-0.866025403784439,0.5));
#17431=DIRECTION('',(-1.,0.,0.));
#17432=DIRECTION('',(0.,-0.866025403784439,0.5));
#17433=DIRECTION('',(0.,1.,0.));
#17434=DIRECTION('',(1.,0.,0.));
#17435=DIRECTION('',(0.,1.,0.));
#17436=DIRECTION('',(1.,0.,0.));
#17437=DIRECTION('',(0.,1.,0.));
#17438=DIRECTION('',(0.,0.,1.));
#17439=DIRECTION('',(0.,0.,1.));
#17440=DIRECTION('',(0.,1.,0.));
#17441=DIRECTION('',(1.,0.,0.));
#17442=DIRECTION('',(1.,0.,0.));
#17443=DIRECTION('',(0.,1.,0.));
#17444=DIRECTION('',(1.,0.,0.));
#17445=DIRECTION('',(0.,1.,0.));
#17446=DIRECTION('',(1.,0.,0.));
#17447=DIRECTION('',(0.866025403784438,0.,0.5));
#17448=DIRECTION('',(0.,1.,0.));
#17449=DIRECTION('',(1.,0.,0.));
#17450=DIRECTION('',(1.,0.,0.));
#17451=DIRECTION('',(0.,1.,0.));
#17452=DIRECTION('',(1.,0.,0.));
#17453=DIRECTION('',(0.,0.,-1.));
#17454=DIRECTION('',(0.,1.,0.));
#17455=DIRECTION('',(1.,0.,0.));
#17456=DIRECTION('',(-0.866025403784439,0.,-0.5));
#17457=DIRECTION('',(-1.,0.,0.));
#17458=DIRECTION('',(-0.866025403784439,0.,0.5));
#17459=DIRECTION('',(0.,1.,0.));
#17460=DIRECTION('',(1.,0.,0.));
#17461=DIRECTION('',(0.,0.,1.));
#17462=DIRECTION('',(0.,1.,0.));
#17463=DIRECTION('',(1.,0.,0.));
#17464=DIRECTION('',(-1.,0.,0.));
#17465=DIRECTION('',(0.,1.,0.));
#17466=DIRECTION('',(1.,0.,0.));
#17467=DIRECTION('',(0.,-1.,0.));
#17468=DIRECTION('',(0.,0.,-1.));
#17469=DIRECTION('',(0.,-1.,0.));
#17470=DIRECTION('',(0.,-1.,0.));
#17471=DIRECTION('',(0.,0.,1.));
#17472=DIRECTION('',(1.,0.,0.));
#17473=DIRECTION('',(0.,-1.,0.));
#17474=DIRECTION('',(0.,-1.,0.));
#17475=DIRECTION('',(0.,0.,-1.));
#17476=DIRECTION('',(0.,-1.,0.));
#17477=DIRECTION('',(1.,0.,0.));
#17478=DIRECTION('',(0.,0.,-1.));
#17479=DIRECTION('',(0.,-1.,0.));
#17480=DIRECTION('',(0.,-1.,0.));
#17481=DIRECTION('',(0.,0.,-1.));
#17482=DIRECTION('',(0.,-1.,0.));
#17483=DIRECTION('',(0.5,0.,0.866025403784439));
#17484=DIRECTION('',(0.866025403784439,0.,-0.5));
#17485=DIRECTION('',(0.,-1.,0.));
#17486=DIRECTION('',(0.,0.,1.));
#17487=DIRECTION('',(1.,0.,0.));
#17488=DIRECTION('',(0.,-1.,0.));
#17489=DIRECTION('',(-0.5,0.,0.866025403784439));
#17490=DIRECTION('',(0.866025403784439,0.,0.5));
#17491=DIRECTION('',(0.,-1.,0.));
#17492=DIRECTION('',(0.,-1.,0.));
#17493=DIRECTION('',(0.,0.,-1.));
#17494=DIRECTION('',(0.,-1.,0.));
#17495=DIRECTION('',(-1.,0.,0.));
#17496=DIRECTION('',(0.,0.,1.));
#17497=DIRECTION('',(0.,-1.,0.));
#17498=DIRECTION('',(0.,-1.,0.));
#17499=DIRECTION('',(0.,0.,-1.));
#17500=DIRECTION('',(0.,-1.,0.));
#17501=DIRECTION('',(0.,0.,-1.));
#17502=DIRECTION('',(-1.,0.,0.));
#17503=DIRECTION('',(0.,-1.,0.));
#17504=DIRECTION('',(0.,-1.,0.));
#17505=DIRECTION('',(0.,0.,-1.));
#17506=DIRECTION('',(0.,-1.,0.));
#17507=DIRECTION('',(0.5,0.,-0.866025403784438));
#17508=DIRECTION('',(-0.866025403784438,0.,-0.5));
#17509=DIRECTION('',(0.,-1.,0.));
#17510=DIRECTION('',(0.,-1.,0.));
#17511=DIRECTION('',(0.,0.,-1.));
#17512=DIRECTION('',(0.,-1.,0.));
#17513=DIRECTION('',(0.,-1.,0.));
#17514=DIRECTION('',(0.,0.,-1.));
#17515=DIRECTION('',(0.,-1.,0.));
#17516=DIRECTION('',(0.,0.,-1.));
#17517=DIRECTION('',(-1.,0.,0.));
#17518=DIRECTION('',(0.,-1.,0.));
#17519=DIRECTION('',(0.,-1.,0.));
#17520=DIRECTION('',(0.,0.,-1.));
#17521=DIRECTION('',(0.,-1.,0.));
#17522=DIRECTION('',(1.,0.,0.));
#17523=DIRECTION('',(0.,0.,-1.));
#17524=DIRECTION('',(0.,1.,0.));
#17525=DIRECTION('',(0.,0.,1.));
#17526=DIRECTION('',(0.,0.,1.));
#17527=DIRECTION('',(0.,1.,0.));
#17528=DIRECTION('',(1.,0.,0.));
#17529=DIRECTION('',(1.,0.,0.));
#17530=DIRECTION('',(0.,1.,0.));
#17531=DIRECTION('',(1.,0.,0.));
#17532=DIRECTION('',(0.,1.,0.));
#17533=DIRECTION('',(1.,0.,0.));
#17534=DIRECTION('',(0.866025403784438,0.,0.5));
#17535=DIRECTION('',(0.,1.,0.));
#17536=DIRECTION('',(1.,0.,0.));
#17537=DIRECTION('',(1.,0.,0.));
#17538=DIRECTION('',(0.,1.,0.));
#17539=DIRECTION('',(1.,0.,0.));
#17540=DIRECTION('',(0.,0.,-1.));
#17541=DIRECTION('',(0.,1.,0.));
#17542=DIRECTION('',(1.,0.,0.));
#17543=DIRECTION('',(-0.866025403784439,0.,-0.5));
#17544=DIRECTION('',(-1.,0.,0.));
#17545=DIRECTION('',(-0.866025403784439,0.,0.5));
#17546=DIRECTION('',(0.,1.,0.));
#17547=DIRECTION('',(1.,0.,0.));
#17548=DIRECTION('',(0.,0.,1.));
#17549=DIRECTION('',(0.,1.,0.));
#17550=DIRECTION('',(1.,0.,0.));
#17551=DIRECTION('',(-1.,0.,0.));
#17552=DIRECTION('',(0.,1.,0.));
#17553=DIRECTION('',(1.,0.,0.));
#17554=DIRECTION('',(0.,-1.,0.));
#17555=DIRECTION('',(0.,0.,-1.));
#17556=DIRECTION('',(0.,-1.,0.));
#17557=DIRECTION('',(0.,-1.,0.));
#17558=DIRECTION('',(0.,0.,1.));
#17559=DIRECTION('',(1.,0.,0.));
#17560=DIRECTION('',(0.,-1.,0.));
#17561=DIRECTION('',(0.,-1.,0.));
#17562=DIRECTION('',(0.,0.,-1.));
#17563=DIRECTION('',(0.,-1.,0.));
#17564=DIRECTION('',(1.,0.,0.));
#17565=DIRECTION('',(0.,0.,-1.));
#17566=DIRECTION('',(0.,-1.,0.));
#17567=DIRECTION('',(0.,-1.,0.));
#17568=DIRECTION('',(0.,0.,-1.));
#17569=DIRECTION('',(0.,-1.,0.));
#17570=DIRECTION('',(0.5,0.,0.866025403784439));
#17571=DIRECTION('',(0.866025403784439,0.,-0.5));
#17572=DIRECTION('',(0.,-1.,0.));
#17573=DIRECTION('',(0.,0.,1.));
#17574=DIRECTION('',(1.,0.,0.));
#17575=DIRECTION('',(0.,-1.,0.));
#17576=DIRECTION('',(-0.5,0.,0.866025403784439));
#17577=DIRECTION('',(0.866025403784439,0.,0.5));
#17578=DIRECTION('',(0.,-1.,0.));
#17579=DIRECTION('',(0.,-1.,0.));
#17580=DIRECTION('',(0.,0.,-1.));
#17581=DIRECTION('',(0.,-1.,0.));
#17582=DIRECTION('',(-1.,0.,0.));
#17583=DIRECTION('',(0.,0.,1.));
#17584=DIRECTION('',(0.,-1.,0.));
#17585=DIRECTION('',(0.,-1.,0.));
#17586=DIRECTION('',(0.,0.,-1.));
#17587=DIRECTION('',(0.,-1.,0.));
#17588=DIRECTION('',(0.,0.,-1.));
#17589=DIRECTION('',(-1.,0.,0.));
#17590=DIRECTION('',(0.,-1.,0.));
#17591=DIRECTION('',(0.,-1.,0.));
#17592=DIRECTION('',(0.,0.,-1.));
#17593=DIRECTION('',(0.,-1.,0.));
#17594=DIRECTION('',(0.5,0.,-0.866025403784438));
#17595=DIRECTION('',(-0.866025403784438,0.,-0.5));
#17596=DIRECTION('',(0.,-1.,0.));
#17597=DIRECTION('',(0.,-1.,0.));
#17598=DIRECTION('',(0.,0.,-1.));
#17599=DIRECTION('',(0.,-1.,0.));
#17600=DIRECTION('',(0.,-1.,0.));
#17601=DIRECTION('',(0.,0.,-1.));
#17602=DIRECTION('',(0.,-1.,0.));
#17603=DIRECTION('',(0.,0.,-1.));
#17604=DIRECTION('',(-1.,0.,0.));
#17605=DIRECTION('',(0.,-1.,0.));
#17606=DIRECTION('',(0.,-1.,0.));
#17607=DIRECTION('',(0.,0.,-1.));
#17608=DIRECTION('',(0.,-1.,0.));
#17609=DIRECTION('',(1.,0.,0.));
#17610=DIRECTION('',(0.,0.,-1.));
#17611=DIRECTION('',(0.,1.,0.));
#17612=DIRECTION('',(0.,0.,1.));
#17613=DIRECTION('',(0.,0.,1.));
#17614=DIRECTION('',(0.,1.,0.));
#17615=DIRECTION('',(1.,0.,0.));
#17616=DIRECTION('',(1.,0.,0.));
#17617=DIRECTION('',(0.,1.,0.));
#17618=DIRECTION('',(1.,0.,0.));
#17619=DIRECTION('',(0.,1.,0.));
#17620=DIRECTION('',(1.,0.,0.));
#17621=DIRECTION('',(0.866025403784438,0.,0.5));
#17622=DIRECTION('',(0.,1.,0.));
#17623=DIRECTION('',(1.,0.,0.));
#17624=DIRECTION('',(1.,0.,0.));
#17625=DIRECTION('',(0.,1.,0.));
#17626=DIRECTION('',(1.,0.,0.));
#17627=DIRECTION('',(0.,0.,-1.));
#17628=DIRECTION('',(0.,1.,0.));
#17629=DIRECTION('',(1.,0.,0.));
#17630=DIRECTION('',(-0.866025403784439,0.,-0.5));
#17631=DIRECTION('',(-1.,0.,0.));
#17632=DIRECTION('',(-0.866025403784439,0.,0.5));
#17633=DIRECTION('',(0.,1.,0.));
#17634=DIRECTION('',(1.,0.,0.));
#17635=DIRECTION('',(0.,0.,1.));
#17636=DIRECTION('',(0.,1.,0.));
#17637=DIRECTION('',(1.,0.,0.));
#17638=DIRECTION('',(-1.,0.,0.));
#17639=DIRECTION('',(0.,1.,0.));
#17640=DIRECTION('',(1.,0.,0.));
#17641=DIRECTION('',(0.,-1.,0.));
#17642=DIRECTION('',(0.,0.,-1.));
#17643=DIRECTION('',(0.,-1.,0.));
#17644=DIRECTION('',(0.,-1.,0.));
#17645=DIRECTION('',(0.,0.,1.));
#17646=DIRECTION('',(1.,0.,0.));
#17647=DIRECTION('',(0.,-1.,0.));
#17648=DIRECTION('',(0.,-1.,0.));
#17649=DIRECTION('',(0.,0.,-1.));
#17650=DIRECTION('',(0.,-1.,0.));
#17651=DIRECTION('',(1.,0.,0.));
#17652=DIRECTION('',(0.,0.,-1.));
#17653=DIRECTION('',(0.,-1.,0.));
#17654=DIRECTION('',(0.,-1.,0.));
#17655=DIRECTION('',(0.,0.,-1.));
#17656=DIRECTION('',(0.,-1.,0.));
#17657=DIRECTION('',(0.5,0.,0.866025403784439));
#17658=DIRECTION('',(0.866025403784439,0.,-0.5));
#17659=DIRECTION('',(0.,-1.,0.));
#17660=DIRECTION('',(0.,0.,1.));
#17661=DIRECTION('',(1.,0.,0.));
#17662=DIRECTION('',(0.,-1.,0.));
#17663=DIRECTION('',(-0.5,0.,0.866025403784439));
#17664=DIRECTION('',(0.866025403784439,0.,0.5));
#17665=DIRECTION('',(0.,-1.,0.));
#17666=DIRECTION('',(0.,-1.,0.));
#17667=DIRECTION('',(0.,0.,-1.));
#17668=DIRECTION('',(0.,-1.,0.));
#17669=DIRECTION('',(-1.,0.,0.));
#17670=DIRECTION('',(0.,0.,1.));
#17671=DIRECTION('',(0.,-1.,0.));
#17672=DIRECTION('',(0.,-1.,0.));
#17673=DIRECTION('',(0.,0.,-1.));
#17674=DIRECTION('',(0.,-1.,0.));
#17675=DIRECTION('',(0.,0.,-1.));
#17676=DIRECTION('',(-1.,0.,0.));
#17677=DIRECTION('',(0.,-1.,0.));
#17678=DIRECTION('',(0.,-1.,0.));
#17679=DIRECTION('',(0.,0.,-1.));
#17680=DIRECTION('',(0.,-1.,0.));
#17681=DIRECTION('',(0.5,0.,-0.866025403784438));
#17682=DIRECTION('',(-0.866025403784438,0.,-0.5));
#17683=DIRECTION('',(0.,-1.,0.));
#17684=DIRECTION('',(0.,-1.,0.));
#17685=DIRECTION('',(0.,0.,-1.));
#17686=DIRECTION('',(0.,-1.,0.));
#17687=DIRECTION('',(0.,-1.,0.));
#17688=DIRECTION('',(0.,0.,-1.));
#17689=DIRECTION('',(0.,-1.,0.));
#17690=DIRECTION('',(0.,0.,-1.));
#17691=DIRECTION('',(-1.,0.,0.));
#17692=DIRECTION('',(0.,-1.,0.));
#17693=DIRECTION('',(0.,-1.,0.));
#17694=DIRECTION('',(0.,0.,-1.));
#17695=DIRECTION('',(0.,-1.,0.));
#17696=DIRECTION('',(1.,0.,0.));
#17697=DIRECTION('',(0.,0.,-1.));
#17698=DIRECTION('',(0.,1.,0.));
#17699=DIRECTION('',(0.,0.,1.));
#17700=DIRECTION('',(0.,0.,1.));
#17701=DIRECTION('',(0.,1.,0.));
#17702=DIRECTION('',(1.,0.,0.));
#17703=DIRECTION('',(1.,0.,0.));
#17704=DIRECTION('',(0.,1.,0.));
#17705=DIRECTION('',(1.,0.,0.));
#17706=DIRECTION('',(0.,1.,0.));
#17707=DIRECTION('',(1.,0.,0.));
#17708=DIRECTION('',(0.866025403784438,0.,0.5));
#17709=DIRECTION('',(0.,1.,0.));
#17710=DIRECTION('',(1.,0.,0.));
#17711=DIRECTION('',(1.,0.,0.));
#17712=DIRECTION('',(0.,1.,0.));
#17713=DIRECTION('',(1.,0.,0.));
#17714=DIRECTION('',(0.,0.,-1.));
#17715=DIRECTION('',(0.,1.,0.));
#17716=DIRECTION('',(1.,0.,0.));
#17717=DIRECTION('',(-0.866025403784439,0.,-0.5));
#17718=DIRECTION('',(-1.,0.,0.));
#17719=DIRECTION('',(-0.866025403784439,0.,0.5));
#17720=DIRECTION('',(0.,1.,0.));
#17721=DIRECTION('',(1.,0.,0.));
#17722=DIRECTION('',(0.,0.,1.));
#17723=DIRECTION('',(0.,1.,0.));
#17724=DIRECTION('',(1.,0.,0.));
#17725=DIRECTION('',(-1.,0.,0.));
#17726=DIRECTION('',(0.,1.,0.));
#17727=DIRECTION('',(1.,0.,0.));
#17728=DIRECTION('',(0.,-1.,0.));
#17729=DIRECTION('',(0.,0.,-1.));
#17730=DIRECTION('',(0.,-1.,0.));
#17731=DIRECTION('',(0.,-1.,0.));
#17732=DIRECTION('',(0.,0.,1.));
#17733=DIRECTION('',(1.,0.,0.));
#17734=DIRECTION('',(0.,-1.,0.));
#17735=DIRECTION('',(0.,-1.,0.));
#17736=DIRECTION('',(0.,0.,-1.));
#17737=DIRECTION('',(0.,-1.,0.));
#17738=DIRECTION('',(1.,0.,0.));
#17739=DIRECTION('',(0.,0.,-1.));
#17740=DIRECTION('',(0.,-1.,0.));
#17741=DIRECTION('',(0.,-1.,0.));
#17742=DIRECTION('',(0.,0.,-1.));
#17743=DIRECTION('',(0.,-1.,0.));
#17744=DIRECTION('',(0.5,0.,0.866025403784439));
#17745=DIRECTION('',(0.866025403784439,0.,-0.5));
#17746=DIRECTION('',(0.,-1.,0.));
#17747=DIRECTION('',(0.,0.,1.));
#17748=DIRECTION('',(1.,0.,0.));
#17749=DIRECTION('',(0.,-1.,0.));
#17750=DIRECTION('',(-0.5,0.,0.866025403784439));
#17751=DIRECTION('',(0.866025403784439,0.,0.5));
#17752=DIRECTION('',(0.,-1.,0.));
#17753=DIRECTION('',(0.,-1.,0.));
#17754=DIRECTION('',(0.,0.,-1.));
#17755=DIRECTION('',(0.,-1.,0.));
#17756=DIRECTION('',(-1.,0.,0.));
#17757=DIRECTION('',(0.,0.,1.));
#17758=DIRECTION('',(0.,-1.,0.));
#17759=DIRECTION('',(0.,-1.,0.));
#17760=DIRECTION('',(0.,0.,-1.));
#17761=DIRECTION('',(0.,-1.,0.));
#17762=DIRECTION('',(0.,0.,-1.));
#17763=DIRECTION('',(-1.,0.,0.));
#17764=DIRECTION('',(0.,-1.,0.));
#17765=DIRECTION('',(0.,-1.,0.));
#17766=DIRECTION('',(0.,0.,-1.));
#17767=DIRECTION('',(0.,-1.,0.));
#17768=DIRECTION('',(0.5,0.,-0.866025403784438));
#17769=DIRECTION('',(-0.866025403784438,0.,-0.5));
#17770=DIRECTION('',(0.,-1.,0.));
#17771=DIRECTION('',(0.,-1.,0.));
#17772=DIRECTION('',(0.,0.,-1.));
#17773=DIRECTION('',(0.,-1.,0.));
#17774=DIRECTION('',(0.,-1.,0.));
#17775=DIRECTION('',(0.,0.,-1.));
#17776=DIRECTION('',(0.,-1.,0.));
#17777=DIRECTION('',(0.,0.,-1.));
#17778=DIRECTION('',(-1.,0.,0.));
#17779=DIRECTION('',(0.,-1.,0.));
#17780=DIRECTION('',(0.,-1.,0.));
#17781=DIRECTION('',(0.,0.,-1.));
#17782=DIRECTION('',(0.,-1.,0.));
#17783=DIRECTION('',(1.,0.,0.));
#17784=DIRECTION('',(0.,0.,-1.));
#17785=DIRECTION('',(0.,0.,-1.));
#17786=DIRECTION('',(-1.,0.,0.));
#17787=DIRECTION('',(0.,-1.,0.));
#17788=DIRECTION('',(-1.,0.,0.));
#17789=DIRECTION('',(0.,0.,1.));
#17790=DIRECTION('',(1.,0.,0.));
#17791=DIRECTION('',(-1.,0.,0.));
#17792=DIRECTION('',(0.,1.,0.));
#17793=DIRECTION('',(1.,0.,0.));
#17794=DIRECTION('',(0.,0.,-1.));
#17795=DIRECTION('',(0.,0.,-1.));
#17796=DIRECTION('',(0.,0.,1.));
#17797=DIRECTION('',(0.,0.,-1.));
#17798=DIRECTION('',(1.,0.,0.));
#17799=DIRECTION('',(0.,0.,-1.));
#17800=DIRECTION('',(-1.,0.,0.));
#17801=DIRECTION('',(0.,0.,1.));
#17802=DIRECTION('',(-1.,0.,0.));
#17803=DIRECTION('',(0.,1.,0.));
#17804=DIRECTION('',(0.,0.,1.));
#17805=DIRECTION('',(0.,0.,-1.));
#17806=DIRECTION('',(-1.,0.,0.));
#17807=DIRECTION('',(0.,-1.,0.));
#17808=DIRECTION('',(-1.,0.,0.));
#17809=DIRECTION('',(0.,0.,1.));
#17810=DIRECTION('',(1.,0.,0.));
#17811=DIRECTION('',(-1.,0.,0.));
#17812=DIRECTION('',(0.,1.,0.));
#17813=DIRECTION('',(1.,0.,0.));
#17814=DIRECTION('',(0.,0.,-1.));
#17815=DIRECTION('',(0.,0.,-1.));
#17816=DIRECTION('',(0.,0.,1.));
#17817=DIRECTION('',(0.,0.,-1.));
#17818=DIRECTION('',(1.,0.,0.));
#17819=DIRECTION('',(0.,0.,-1.));
#17820=DIRECTION('',(-1.,0.,0.));
#17821=DIRECTION('',(0.,0.,1.));
#17822=DIRECTION('',(-1.,0.,0.));
#17823=DIRECTION('',(0.,1.,0.));
#17824=DIRECTION('',(0.,0.,1.));
#17825=DIRECTION('',(0.,0.,-1.));
#17826=DIRECTION('',(-1.,0.,0.));
#17827=DIRECTION('',(0.,-1.,0.));
#17828=DIRECTION('',(-1.,0.,0.));
#17829=DIRECTION('',(0.,0.,1.));
#17830=DIRECTION('',(1.,0.,0.));
#17831=DIRECTION('',(-1.,0.,0.));
#17832=DIRECTION('',(0.,1.,0.));
#17833=DIRECTION('',(1.,0.,0.));
#17834=DIRECTION('',(0.,0.,-1.));
#17835=DIRECTION('',(0.,0.,-1.));
#17836=DIRECTION('',(0.,0.,1.));
#17837=DIRECTION('',(0.,0.,-1.));
#17838=DIRECTION('',(1.,0.,0.));
#17839=DIRECTION('',(0.,0.,-1.));
#17840=DIRECTION('',(-1.,0.,0.));
#17841=DIRECTION('',(0.,0.,1.));
#17842=DIRECTION('',(-1.,0.,0.));
#17843=DIRECTION('',(0.,1.,0.));
#17844=DIRECTION('',(0.,0.,1.));
#17845=DIRECTION('',(0.,0.,-1.));
#17846=DIRECTION('',(-1.,0.,0.));
#17847=DIRECTION('',(0.,-1.,0.));
#17848=DIRECTION('',(-1.,0.,0.));
#17849=DIRECTION('',(0.,0.,1.));
#17850=DIRECTION('',(1.,0.,0.));
#17851=DIRECTION('',(-1.,0.,0.));
#17852=DIRECTION('',(0.,1.,0.));
#17853=DIRECTION('',(1.,0.,0.));
#17854=DIRECTION('',(0.,0.,-1.));
#17855=DIRECTION('',(0.,0.,-1.));
#17856=DIRECTION('',(0.,0.,1.));
#17857=DIRECTION('',(0.,0.,-1.));
#17858=DIRECTION('',(1.,0.,0.));
#17859=DIRECTION('',(0.,0.,-1.));
#17860=DIRECTION('',(-1.,0.,0.));
#17861=DIRECTION('',(0.,0.,1.));
#17862=DIRECTION('',(-1.,0.,0.));
#17863=DIRECTION('',(0.,1.,0.));
#17864=DIRECTION('',(0.,0.,1.));
#17865=DIRECTION('',(0.,0.,-1.));
#17866=DIRECTION('',(-1.,0.,0.));
#17867=DIRECTION('',(0.,-1.,0.));
#17868=DIRECTION('',(-1.,0.,0.));
#17869=DIRECTION('',(0.,0.,1.));
#17870=DIRECTION('',(1.,0.,0.));
#17871=DIRECTION('',(-1.,0.,0.));
#17872=DIRECTION('',(0.,1.,0.));
#17873=DIRECTION('',(1.,0.,0.));
#17874=DIRECTION('',(0.,0.,-1.));
#17875=DIRECTION('',(0.,0.,-1.));
#17876=DIRECTION('',(0.,0.,1.));
#17877=DIRECTION('',(0.,0.,-1.));
#17878=DIRECTION('',(1.,0.,0.));
#17879=DIRECTION('',(0.,0.,-1.));
#17880=DIRECTION('',(-1.,0.,0.));
#17881=DIRECTION('',(0.,0.,1.));
#17882=DIRECTION('',(-1.,0.,0.));
#17883=DIRECTION('',(0.,1.,0.));
#17884=DIRECTION('',(0.,0.,1.));
#17885=DIRECTION('',(0.642787609686539,0.766044443118978,0.));
#17886=DIRECTION('',(-0.766044443118978,0.642787609686539,0.));
#17887=DIRECTION('',(0.,0.,-1.));
#17888=DIRECTION('',(0.,0.,-1.));
#17889=DIRECTION('',(-1.,0.,0.));
#17890=DIRECTION('',(0.,0.,-1.));
#17891=DIRECTION('',(0.,0.,-1.));
#17892=DIRECTION('',(-1.,0.,0.));
#17893=DIRECTION('',(0.,0.,-1.));
#17894=DIRECTION('',(-1.,0.,0.));
#17895=DIRECTION('',(-1.,0.,0.));
#17896=DIRECTION('',(0.,0.,1.));
#17897=DIRECTION('',(0.,0.,-1.));
#17898=DIRECTION('',(-0.766044443118977,0.64278760968654,0.));
#17899=DIRECTION('',(-0.64278760968654,-0.766044443118977,0.));
#17900=DIRECTION('',(0.,0.,-1.));
#17901=DIRECTION('',(0.,0.,-1.));
#17902=DIRECTION('',(0.642787609686539,0.766044443118978,0.));
#17903=DIRECTION('',(0.,0.,-1.));
#17904=DIRECTION('',(0.,0.,-1.));
#17905=DIRECTION('',(-1.,0.,0.));
#17906=DIRECTION('',(0.,0.,1.));
#17907=DIRECTION('',(1.,0.,0.));
#17908=DIRECTION('',(0.642787609686539,0.766044443118978,0.));
#17909=DIRECTION('',(-0.766044443118978,0.642787609686539,0.));
#17910=DIRECTION('',(0.,0.,-1.));
#17911=DIRECTION('',(0.,0.,-1.));
#17912=DIRECTION('',(-1.,0.,0.));
#17913=DIRECTION('',(0.,0.,-1.));
#17914=DIRECTION('',(0.,0.,-1.));
#17915=DIRECTION('',(-1.,0.,0.));
#17916=DIRECTION('',(0.,0.,-1.));
#17917=DIRECTION('',(-1.,0.,0.));
#17918=DIRECTION('',(-1.,0.,0.));
#17919=DIRECTION('',(0.,0.,1.));
#17920=DIRECTION('',(0.,0.,-1.));
#17921=DIRECTION('',(-0.766044443118977,0.64278760968654,0.));
#17922=DIRECTION('',(-0.64278760968654,-0.766044443118977,0.));
#17923=DIRECTION('',(0.,0.,-1.));
#17924=DIRECTION('',(0.,0.,-1.));
#17925=DIRECTION('',(0.642787609686539,0.766044443118978,0.));
#17926=DIRECTION('',(0.,0.,-1.));
#17927=DIRECTION('',(0.,0.,-1.));
#17928=DIRECTION('',(-1.,0.,0.));
#17929=DIRECTION('',(0.,0.,1.));
#17930=DIRECTION('',(1.,0.,0.));
#17931=DIRECTION('',(0.642787609686539,0.766044443118978,0.));
#17932=DIRECTION('',(-0.766044443118978,0.642787609686539,0.));
#17933=DIRECTION('',(0.,0.,-1.));
#17934=DIRECTION('',(0.,0.,-1.));
#17935=DIRECTION('',(-1.,0.,0.));
#17936=DIRECTION('',(0.,0.,-1.));
#17937=DIRECTION('',(0.,0.,-1.));
#17938=DIRECTION('',(-1.,0.,0.));
#17939=DIRECTION('',(0.,0.,-1.));
#17940=DIRECTION('',(-1.,0.,0.));
#17941=DIRECTION('',(-1.,0.,0.));
#17942=DIRECTION('',(0.,0.,1.));
#17943=DIRECTION('',(0.,0.,-1.));
#17944=DIRECTION('',(-0.766044443118977,0.64278760968654,0.));
#17945=DIRECTION('',(-0.64278760968654,-0.766044443118977,0.));
#17946=DIRECTION('',(0.,0.,-1.));
#17947=DIRECTION('',(0.,0.,-1.));
#17948=DIRECTION('',(0.642787609686539,0.766044443118978,0.));
#17949=DIRECTION('',(0.,0.,-1.));
#17950=DIRECTION('',(0.,0.,-1.));
#17951=DIRECTION('',(-1.,0.,0.));
#17952=DIRECTION('',(0.,0.,1.));
#17953=DIRECTION('',(1.,0.,0.));
#17954=DIRECTION('',(0.642787609686539,0.766044443118978,0.));
#17955=DIRECTION('',(-0.766044443118978,0.642787609686539,0.));
#17956=DIRECTION('',(0.,0.,-1.));
#17957=DIRECTION('',(0.,0.,-1.));
#17958=DIRECTION('',(-1.,0.,0.));
#17959=DIRECTION('',(0.,0.,-1.));
#17960=DIRECTION('',(0.,0.,-1.));
#17961=DIRECTION('',(-1.,0.,0.));
#17962=DIRECTION('',(0.,0.,-1.));
#17963=DIRECTION('',(-1.,0.,0.));
#17964=DIRECTION('',(-1.,0.,0.));
#17965=DIRECTION('',(0.,0.,1.));
#17966=DIRECTION('',(0.,0.,-1.));
#17967=DIRECTION('',(-0.766044443118977,0.64278760968654,0.));
#17968=DIRECTION('',(-0.64278760968654,-0.766044443118977,0.));
#17969=DIRECTION('',(0.,0.,-1.));
#17970=DIRECTION('',(0.,0.,-1.));
#17971=DIRECTION('',(0.642787609686539,0.766044443118978,0.));
#17972=DIRECTION('',(0.,0.,-1.));
#17973=DIRECTION('',(0.,0.,-1.));
#17974=DIRECTION('',(-1.,0.,0.));
#17975=DIRECTION('',(0.,0.,1.));
#17976=DIRECTION('',(1.,0.,0.));
#17977=DIRECTION('',(0.642787609686539,0.766044443118978,0.));
#17978=DIRECTION('',(-0.766044443118978,0.642787609686539,0.));
#17979=DIRECTION('',(0.,0.,-1.));
#17980=DIRECTION('',(0.,0.,-1.));
#17981=DIRECTION('',(-1.,0.,0.));
#17982=DIRECTION('',(0.,0.,-1.));
#17983=DIRECTION('',(0.,0.,-1.));
#17984=DIRECTION('',(-1.,0.,0.));
#17985=DIRECTION('',(0.,0.,-1.));
#17986=DIRECTION('',(-1.,0.,0.));
#17987=DIRECTION('',(-1.,0.,0.));
#17988=DIRECTION('',(0.,0.,1.));
#17989=DIRECTION('',(0.,0.,-1.));
#17990=DIRECTION('',(-0.766044443118977,0.64278760968654,0.));
#17991=DIRECTION('',(-0.64278760968654,-0.766044443118977,0.));
#17992=DIRECTION('',(0.,0.,-1.));
#17993=DIRECTION('',(0.,0.,-1.));
#17994=DIRECTION('',(0.642787609686539,0.766044443118978,0.));
#17995=DIRECTION('',(0.,0.,-1.));
#17996=DIRECTION('',(0.,0.,-1.));
#17997=DIRECTION('',(-1.,0.,0.));
#17998=DIRECTION('',(0.,0.,1.));
#17999=DIRECTION('',(1.,0.,0.));
#18000=DIRECTION('',(0.,0.,-1.));
#18001=DIRECTION('',(-1.,0.,0.));
#18002=DIRECTION('',(0.,0.,-1.));
#18003=DIRECTION('',(-1.,0.,0.));
#18004=DIRECTION('',(0.,0.,1.));
#18005=DIRECTION('',(1.,0.,0.));
#18006=DIRECTION('',(0.,0.,1.));
#18007=DIRECTION('',(1.,0.,0.));
#18008=DIRECTION('',(-1.,0.,0.));
#18009=DIRECTION('',(0.,0.,-1.));
#18010=DIRECTION('',(-1.,0.,0.));
#18011=DIRECTION('',(0.,0.,-1.));
#18012=DIRECTION('',(-1.,0.,0.));
#18013=DIRECTION('',(0.,0.,1.));
#18014=DIRECTION('',(1.,0.,0.));
#18015=DIRECTION('',(0.,0.,1.));
#18016=DIRECTION('',(1.,0.,0.));
#18017=DIRECTION('',(-1.,0.,0.));
#18018=DIRECTION('',(0.,0.,-1.));
#18019=DIRECTION('',(-1.,0.,0.));
#18020=DIRECTION('',(0.,0.,-1.));
#18021=DIRECTION('',(-1.,0.,0.));
#18022=DIRECTION('',(0.,0.,1.));
#18023=DIRECTION('',(1.,0.,0.));
#18024=DIRECTION('',(0.,0.,1.));
#18025=DIRECTION('',(1.,0.,0.));
#18026=DIRECTION('',(-1.,0.,0.));
#18027=DIRECTION('',(0.,0.,-1.));
#18028=DIRECTION('',(-1.,0.,0.));
#18029=DIRECTION('',(0.,0.,-1.));
#18030=DIRECTION('',(-1.,0.,0.));
#18031=DIRECTION('',(0.,0.,1.));
#18032=DIRECTION('',(1.,0.,0.));
#18033=DIRECTION('',(0.,0.,1.));
#18034=DIRECTION('',(1.,0.,0.));
#18035=DIRECTION('',(-1.,0.,0.));
#18036=DIRECTION('',(0.,0.,-1.));
#18037=DIRECTION('',(-1.,0.,0.));
#18038=DIRECTION('',(0.,0.,-1.));
#18039=DIRECTION('',(-1.,0.,0.));
#18040=DIRECTION('',(0.,0.,1.));
#18041=DIRECTION('',(1.,0.,0.));
#18042=DIRECTION('',(0.,0.,1.));
#18043=DIRECTION('',(1.,0.,0.));
#18044=DIRECTION('',(-1.,0.,0.));
#18045=DIRECTION('',(-1.,0.,0.));
#18046=DIRECTION('',(0.,0.,1.));
#18047=DIRECTION('',(-1.,0.,0.));
#18048=DIRECTION('',(-1.,0.,0.));
#18049=DIRECTION('',(0.,0.,1.));
#18050=DIRECTION('',(-1.,0.,0.));
#18051=DIRECTION('',(-1.,0.,0.));
#18052=DIRECTION('',(0.,0.,1.));
#18053=DIRECTION('',(-1.,0.,0.));
#18054=DIRECTION('',(0.,0.,1.));
#18055=DIRECTION('',(-1.,0.,0.));
#18056=DIRECTION('',(-1.,0.,0.));
#18057=DIRECTION('',(0.,0.,1.));
#18058=DIRECTION('',(-1.,0.,0.));
#18059=DIRECTION('',(-1.,0.,0.));
#18060=DIRECTION('',(0.,0.,1.));
#18061=DIRECTION('',(-1.,0.,0.));
#18062=DIRECTION('',(0.,0.,1.));
#18063=DIRECTION('',(-1.,0.,0.));
#18064=DIRECTION('',(-1.,0.,0.));
#18065=DIRECTION('',(0.,0.,1.));
#18066=DIRECTION('',(-1.,0.,0.));
#18067=DIRECTION('',(-1.,0.,0.));
#18068=DIRECTION('',(0.,0.,1.));
#18069=DIRECTION('',(-1.,0.,0.));
#18070=DIRECTION('',(0.,0.,1.));
#18071=DIRECTION('',(-1.,0.,0.));
#18072=DIRECTION('',(-1.,0.,0.));
#18073=DIRECTION('',(0.,0.,1.));
#18074=DIRECTION('',(-1.,0.,0.));
#18075=DIRECTION('',(-1.,0.,0.));
#18076=DIRECTION('',(0.,0.,1.));
#18077=DIRECTION('',(-1.,0.,0.));
#18078=DIRECTION('',(0.,0.,1.));
#18079=DIRECTION('',(-1.,0.,0.));
#18080=DIRECTION('',(-1.,0.,0.));
#18081=DIRECTION('',(0.,0.,1.));
#18082=DIRECTION('',(-1.,0.,0.));
#18083=DIRECTION('',(-1.,0.,0.));
#18084=DIRECTION('',(0.,0.,1.));
#18085=DIRECTION('',(-1.,0.,0.));
#18086=DIRECTION('',(0.,0.,1.));
#18087=DIRECTION('',(-1.,0.,0.));
#18088=DIRECTION('',(-1.,0.,0.));
#18089=DIRECTION('',(0.,0.,1.));
#18090=DIRECTION('',(-1.,0.,0.));
#18091=DIRECTION('',(-1.,0.,0.));
#18092=DIRECTION('',(0.,0.,1.));
#18093=DIRECTION('',(-1.,0.,0.));
#18094=DIRECTION('',(0.,0.,1.));
#18095=DIRECTION('',(-1.,0.,0.));
#18096=DIRECTION('',(-1.,0.,0.));
#18097=DIRECTION('',(0.,0.,1.));
#18098=DIRECTION('',(-1.,0.,0.));
#18099=DIRECTION('',(-1.,0.,0.));
#18100=DIRECTION('',(0.,0.,1.));
#18101=DIRECTION('',(-1.,0.,0.));
#18102=DIRECTION('',(0.,0.,1.));
#18103=DIRECTION('',(-1.,0.,0.));
#18104=DIRECTION('',(-1.,0.,0.));
#18105=DIRECTION('',(0.,0.,1.));
#18106=DIRECTION('',(-1.,0.,0.));
#18107=DIRECTION('',(-1.,0.,0.));
#18108=DIRECTION('',(0.,0.,1.));
#18109=DIRECTION('',(-1.,0.,0.));
#18110=DIRECTION('',(0.,0.,1.));
#18111=DIRECTION('',(-1.,0.,0.));
#18112=DIRECTION('',(-1.,0.,0.));
#18113=DIRECTION('',(0.,0.,1.));
#18114=DIRECTION('',(-1.,0.,0.));
#18115=DIRECTION('',(-1.,0.,0.));
#18116=DIRECTION('',(0.,0.,1.));
#18117=DIRECTION('',(-1.,0.,0.));
#18118=DIRECTION('',(0.,0.,1.));
#18119=DIRECTION('',(-1.,0.,0.));
#18120=DIRECTION('',(-1.,0.,0.));
#18121=DIRECTION('',(0.,0.,1.));
#18122=DIRECTION('',(-1.,0.,0.));
#18123=DIRECTION('',(-1.,0.,0.));
#18124=DIRECTION('',(0.,0.,1.));
#18125=DIRECTION('',(0.12808899581079,-0.99176267783789,0.));
#18126=DIRECTION('',(0.991762677837891,0.128088995810791,0.));
#18127=DIRECTION('',(0.,0.,-1.));
#18128=DIRECTION('',(-0.99176267783789,-0.12808899581079,0.));
#18129=DIRECTION('',(0.,0.,-1.));
#18130=DIRECTION('',(0.,0.,-1.));
#18131=DIRECTION('',(-1.,0.,0.));
#18132=DIRECTION('',(0.,0.,-1.));
#18133=DIRECTION('',(0.,0.,1.));
#18134=DIRECTION('',(1.,0.,0.));
#18135=DIRECTION('',(0.769712466528872,0.638390725864685,0.));
#18136=DIRECTION('',(-0.638390725864685,0.769712466528872,0.));
#18137=DIRECTION('',(0.,0.,-1.));
#18138=DIRECTION('',(0.638390725864685,-0.769712466528872,0.));
#18139=DIRECTION('',(0.,0.,-1.));
#18140=DIRECTION('',(-1.,0.,0.));
#18141=DIRECTION('',(0.,0.,-1.));
#18142=DIRECTION('',(0.,0.,1.));
#18143=DIRECTION('',(1.,0.,0.));
#18144=DIRECTION('',(-0.9391625873723,0.343472902104616,0.));
#18145=DIRECTION('',(-0.343472902104616,-0.9391625873723,0.));
#18146=DIRECTION('',(0.,0.,-1.));
#18147=DIRECTION('',(0.343472902104616,0.9391625873723,0.));
#18148=DIRECTION('',(0.,0.,-1.));
#18149=DIRECTION('',(-1.,0.,0.));
#18150=DIRECTION('',(0.,0.,1.));
#18151=DIRECTION('',(1.,0.,0.));
#18152=DIRECTION('',(1.,0.,0.));
#18153=DIRECTION('',(0.,0.,-1.));
#18154=DIRECTION('',(0.,0.,-1.));
#18155=DIRECTION('',(0.,0.984807753012208,-0.173648177666931));
#18156=DIRECTION('',(0.,0.,-1.));
#18157=DIRECTION('',(-1.,0.,0.));
#18158=DIRECTION('',(0.,0.,-1.));
#18159=DIRECTION('',(0.,-0.173648177666931,-0.984807753012208));
#18160=DIRECTION('',(0.,0.984807753012208,-0.173648177666931));
#18161=DIRECTION('',(0.,1.,0.));
#18162=DIRECTION('',(0.,0.,1.));
#18163=DIRECTION('',(0.,0.,-1.));
#18164=DIRECTION('',(1.,0.,0.));
#18165=DIRECTION('',(0.,0.,-1.));
#18166=DIRECTION('',(-1.,0.,0.));
#18167=DIRECTION('',(0.,0.,-1.));
#18168=DIRECTION('',(0.,-0.173648177666931,-0.984807753012208));
#18169=DIRECTION('',(0.,0.984807753012208,-0.173648177666931));
#18170=DIRECTION('',(-0.965925826289068,0.25881904510252,0.));
#18171=DIRECTION('',(-0.25881904510252,-0.965925826289068,0.));
#18172=DIRECTION('',(0.,0.,-1.));
#18173=DIRECTION('',(-0.255144817820942,-0.952213423395663,0.167900917937429));
#18174=DIRECTION('',(0.,0.,-1.));
#18175=DIRECTION('',(-1.,0.,0.));
#18176=DIRECTION('',(0.,0.,-1.));
#18177=DIRECTION('',(0.,-0.173648177666931,-0.984807753012208));
#18178=DIRECTION('',(0.,0.984807753012208,-0.173648177666931));
#18179=DIRECTION('',(-0.573576436351046,-0.819152044288991,0.));
#18180=DIRECTION('',(0.819152044288991,-0.573576436351046,0.));
#18181=DIRECTION('',(0.,0.,-1.));
#18182=DIRECTION('',(0.814994484643551,-0.570665281746752,0.100623686125551));
#18183=DIRECTION('',(0.,0.,-1.));
#18184=DIRECTION('',(-1.,0.,0.));
#18185=DIRECTION('',(0.,0.,-1.));
#18186=DIRECTION('',(0.,-0.173648177666931,-0.984807753012208));
#18187=DIRECTION('',(0.,0.984807753012208,-0.173648177666931));
#18188=DIRECTION('',(0.,-1.,0.));
#18189=DIRECTION('',(0.,0.,-1.));
#18190=DIRECTION('',(1.,0.,0.));
#18191=DIRECTION('',(0.,-0.173648177666931,-0.984807753012208));
#18192=DIRECTION('',(0.,0.984807753012208,-0.173648177666931));
#18193=DIRECTION('',(-0.0905725975331852,0.701282114826902,0.707106781186548));
#18194=DIRECTION('',(0.,-0.71002508678911,0.704176381406048));
#18195=DIRECTION('',(-0.0905725975331811,0.701282114826902,-0.707106781186547));
#18196=DIRECTION('',(0.99176267783789,0.12808899581079,0.));
#18197=DIRECTION('',(-0.0905725975331852,0.701282114826902,-0.707106781186547));
#18198=DIRECTION('',(0.,0.,-1.));
#18199=DIRECTION('',(1.,0.,0.));
#18200=DIRECTION('',(-0.544268904646389,-0.451410411305521,-0.707106781186547));
#18201=DIRECTION('',(0.,0.,1.));
#18202=DIRECTION('',(1.,0.,0.));
#18203=DIRECTION('',(-0.544268904646389,-0.451410411305521,0.707106781186548));
#18204=DIRECTION('',(0.792439480430454,0.,0.609950547056983));
#18205=DIRECTION('',(-0.544268904646391,-0.451410411305519,-0.707106781186547));
#18206=DIRECTION('',(-0.638390725864685,0.769712466528872,0.));
#18207=DIRECTION('',(0.,0.,-1.));
#18208=DIRECTION('',(1.,0.,0.));
#18209=DIRECTION('',(0.664088234167657,-0.242872018231997,-0.707106781186547));
#18210=DIRECTION('',(0.,0.,1.));
#18211=DIRECTION('',(1.,0.,0.));
#18212=DIRECTION('',(0.664088234167657,-0.242872018231997,0.707106781186548));
#18213=DIRECTION('',(0.728932222033251,0.,-0.684585871663787));
#18214=DIRECTION('',(0.664088234167657,-0.242872018231997,-0.707106781186547));
#18215=DIRECTION('',(-0.343472902104616,-0.9391625873723,0.));
#18216=DIRECTION('',(0.,0.,-1.));
#18217=DIRECTION('',(1.,0.,0.));
#18218=DIRECTION('',(0.,0.,1.));
#18219=DIRECTION('',(1.,0.,0.));
#18220=DIRECTION('',(0.,0.,1.));
#18221=DIRECTION('',(1.,0.,0.));
#18222=CARTESIAN_POINT('',(0.,0.,0.));
#18223=CARTESIAN_POINT('',(-2.5,10.444141192149,25.9));
#18224=CARTESIAN_POINT('',(-2.8,10.444141192149,25.9));
#18225=CARTESIAN_POINT('',(-2.8,10.444141192149,25.5748281515882));
#18226=CARTESIAN_POINT('',(-2.8,10.444141192149,25.));
#18227=CARTESIAN_POINT('',(-2.5,10.444141192149,25.5748281515882));
#18228=CARTESIAN_POINT('',(-2.65664057726236,10.7,25.5297133405122));
#18229=CARTESIAN_POINT('',(-2.65664057726236,10.7,25.9));
#18230=CARTESIAN_POINT('',(-2.65664057726236,10.7,25.));
#18231=CARTESIAN_POINT('',(-2.5,10.444141192149,25.));
#18232=CARTESIAN_POINT('',(-12.85,21.05,8.75));
#18233=CARTESIAN_POINT('',(-13.1,21.05,8.75));
#18234=CARTESIAN_POINT('',(-13.1,21.05,8.4672822863823));
#18235=CARTESIAN_POINT('',(-13.1,21.05,5.43271771361772));
#18236=CARTESIAN_POINT('',(-13.1,21.05,8.4672822863823));
#18237=CARTESIAN_POINT('',(-13.1,21.0772144847482,8.41188823635579));
#18238=CARTESIAN_POINT('',(-13.0957432142268,21.0990346756736,8.35465257026819));
#18239=CARTESIAN_POINT('',(-13.0912441095719,21.1155841413517,8.29541791929563));
#18240=CARTESIAN_POINT('',(-13.0912441095719,21.1155841413517,8.29541791929564));
#18241=CARTESIAN_POINT('',(-13.0912441095719,21.1155841413517,8.29541791929563));
#18242=CARTESIAN_POINT('',(-13.0574748035715,21.2398008496751,7.85081553804728));
#18243=CARTESIAN_POINT('',(-12.9507365077348,21.3,7.40051538046452));
#18244=CARTESIAN_POINT('',(-12.85,21.3,6.95000000000001));
#18245=CARTESIAN_POINT('',(-12.85,21.3,6.95000000000001));
#18246=CARTESIAN_POINT('',(-13.0912441144468,21.11558412342,5.60458201652224));
#18247=CARTESIAN_POINT('',(-13.0574748150598,21.2398008438898,6.04918441838077));
#18248=CARTESIAN_POINT('',(-12.9507365126183,21.3,6.49948459769367));
#18249=CARTESIAN_POINT('',(-12.85,21.3,6.95000000000001));
#18250=CARTESIAN_POINT('',(-13.0912441144468,21.11558412342,5.60458201652224));
#18251=CARTESIAN_POINT('',(-13.0912441144468,21.11558412342,5.60458201652224));
#18252=CARTESIAN_POINT('',(-13.0957432172169,21.0990346598153,5.54534738820267));
#18253=CARTESIAN_POINT('',(-13.1,21.0772144748232,5.48811174344227));
#18254=CARTESIAN_POINT('',(-13.1,21.05,5.43271771361772));
#18255=CARTESIAN_POINT('',(-13.1,21.05,8.75));
#18256=CARTESIAN_POINT('',(-13.1,21.05,9.15));
#18257=CARTESIAN_POINT('',(-13.1,19.3,9.15));
#18258=CARTESIAN_POINT('',(-13.1,15.870864016705,9.15));
#18259=CARTESIAN_POINT('',(-13.1,19.3,5.15));
#18260=CARTESIAN_POINT('',(-13.1,20.4366231221289,8.9851124987726));
#18261=CARTESIAN_POINT('',(-13.1,20.152467298736,8.0263343867822));
#18262=CARTESIAN_POINT('',(-13.1,20.152467298736,5.87366561321781));
#18263=CARTESIAN_POINT('',(-13.1,20.4366231238878,4.91488750174866));
#18264=CARTESIAN_POINT('',(-13.1,19.3,8.7499999999999));
#18265=CARTESIAN_POINT('',(-13.1,19.3,4.75));
#18266=CARTESIAN_POINT('',(-13.1,21.05,4.75));
#18267=CARTESIAN_POINT('',(-13.1,15.870864016705,4.75));
#18268=CARTESIAN_POINT('',(-13.1,15.870864016705,9.15));
#18269=CARTESIAN_POINT('',(-13.1,15.870864016705,5.15));
#18270=CARTESIAN_POINT('',(-13.1,21.05,5.15));
#18271=CARTESIAN_POINT('',(-13.1,11.3009244973838,5.15));
#18272=CARTESIAN_POINT('',(-13.1,11.3009244973838,8.75));
#18273=CARTESIAN_POINT('',(-13.1,11.3009244973838,8.75));
#18274=CARTESIAN_POINT('',(-13.1,21.05,8.75));
#18275=CARTESIAN_POINT('',(-13.1,15.870864016705,8.75));
#18276=CARTESIAN_POINT('',(-13.1,15.870864016705,9.15));
#18277=CARTESIAN_POINT('',(-10.3935822227524,18.511486245768,8.75));
#18278=CARTESIAN_POINT('',(-11.7705288190668,20.152467298736,8.0263343867822));
#18279=CARTESIAN_POINT('',(-12.5786798064862,21.1155841413517,8.29541791929564));
#18280=CARTESIAN_POINT('',(-12.0089638656727,20.4366231221289,8.9851124987726));
#18281=CARTESIAN_POINT('',(-11.0552238231067,19.3,5.15));
#18282=CARTESIAN_POINT('',(-11.0552238231067,19.3,9.15));
#18283=CARTESIAN_POINT('',(-10.3935822227524,18.511486245768,9.15));
#18284=CARTESIAN_POINT('',(-10.3935822227524,18.511486245768,9.15));
#18285=CARTESIAN_POINT('',(-10.3935822227524,18.511486245768,8.75));
#18286=CARTESIAN_POINT('',(-10.3935822227524,18.511486245768,4.75));
#18287=CARTESIAN_POINT('',(-10.3935822227524,18.511486245768,4.75));
#18288=CARTESIAN_POINT('',(-11.0552238231067,19.3,4.75));
#18289=CARTESIAN_POINT('',(-11.0552238231067,19.3,8.7499999999999));
#18290=CARTESIAN_POINT('',(-12.0089638671485,20.4366231238878,4.91488750174866));
#18291=CARTESIAN_POINT('',(-11.7705288190667,20.152467298736,5.87366561321781));
#18292=CARTESIAN_POINT('',(-12.5786797914397,21.11558412342,5.60458201652224));
#18293=CARTESIAN_POINT('',(-8.53792492957482,16.3,6.95000000000001));
#18294=CARTESIAN_POINT('',(-12.6584888892203,21.2106969024216,6.00922588654527));
#18295=CARTESIAN_POINT('',(-12.6584888892203,21.2106969024216,8.75));
#18296=CARTESIAN_POINT('',(-12.6584888892203,21.2106969024216,7.89077411345475));
#18297=CARTESIAN_POINT('',(-8.53792492957482,16.3,6.95000000000001));
#18298=CARTESIAN_POINT('',(-12.85,21.05,13.75));
#18299=CARTESIAN_POINT('',(-13.1,21.05,13.75));
#18300=CARTESIAN_POINT('',(-13.1,21.05,13.4672822863823));
#18301=CARTESIAN_POINT('',(-13.1,21.05,10.4327177136177));
#18302=CARTESIAN_POINT('',(-13.1,21.05,13.4672822863823));
#18303=CARTESIAN_POINT('',(-13.1,21.0772144847482,13.4118882363558));
#18304=CARTESIAN_POINT('',(-13.0957432142268,21.0990346756736,13.3546525702682));
#18305=CARTESIAN_POINT('',(-13.0912441095719,21.1155841413517,13.2954179192956));
#18306=CARTESIAN_POINT('',(-13.0912441095719,21.1155841413517,13.2954179192956));
#18307=CARTESIAN_POINT('',(-13.0912441095719,21.1155841413517,13.2954179192956));
#18308=CARTESIAN_POINT('',(-13.0574748035715,21.2398008496751,12.8508155380473));
#18309=CARTESIAN_POINT('',(-12.9507365077348,21.3,12.4005153804645));
#18310=CARTESIAN_POINT('',(-12.85,21.3,11.95));
#18311=CARTESIAN_POINT('',(-12.85,21.3,11.95));
#18312=CARTESIAN_POINT('',(-13.0912441144468,21.11558412342,10.6045820165222));
#18313=CARTESIAN_POINT('',(-13.0574748150598,21.2398008438898,11.0491844183808));
#18314=CARTESIAN_POINT('',(-12.9507365126182,21.3,11.4994845976937));
#18315=CARTESIAN_POINT('',(-12.85,21.3,11.95));
#18316=CARTESIAN_POINT('',(-13.0912441144468,21.11558412342,10.6045820165222));
#18317=CARTESIAN_POINT('',(-13.0912441144468,21.11558412342,10.6045820165222));
#18318=CARTESIAN_POINT('',(-13.0957432172169,21.0990346598153,10.5453473882027));
#18319=CARTESIAN_POINT('',(-13.1,21.0772144748232,10.4881117434423));
#18320=CARTESIAN_POINT('',(-13.1,21.05,10.4327177136177));
#18321=CARTESIAN_POINT('',(-13.1,21.05,13.75));
#18322=CARTESIAN_POINT('',(-13.1,21.05,14.15));
#18323=CARTESIAN_POINT('',(-13.1,19.3,14.15));
#18324=CARTESIAN_POINT('',(-13.1,15.870864016705,14.15));
#18325=CARTESIAN_POINT('',(-13.1,19.3,10.15));
#18326=CARTESIAN_POINT('',(-13.1,20.4366231221289,13.9851124987726));
#18327=CARTESIAN_POINT('',(-13.1,20.152467298736,13.0263343867822));
#18328=CARTESIAN_POINT('',(-13.1,20.152467298736,10.8736656132178));
#18329=CARTESIAN_POINT('',(-13.1,20.4366231238878,9.91488750174866));
#18330=CARTESIAN_POINT('',(-13.1,19.3,13.7499999999999));
#18331=CARTESIAN_POINT('',(-13.1,19.3,9.75));
#18332=CARTESIAN_POINT('',(-13.1,21.05,9.75));
#18333=CARTESIAN_POINT('',(-13.1,15.870864016705,9.75));
#18334=CARTESIAN_POINT('',(-13.1,15.870864016705,14.15));
#18335=CARTESIAN_POINT('',(-13.1,15.870864016705,10.15));
#18336=CARTESIAN_POINT('',(-13.1,21.05,10.15));
#18337=CARTESIAN_POINT('',(-13.1,11.3009244973838,10.15));
#18338=CARTESIAN_POINT('',(-13.1,11.3009244973838,13.75));
#18339=CARTESIAN_POINT('',(-13.1,11.3009244973838,13.75));
#18340=CARTESIAN_POINT('',(-13.1,21.05,13.75));
#18341=CARTESIAN_POINT('',(-13.1,15.870864016705,13.75));
#18342=CARTESIAN_POINT('',(-13.1,15.870864016705,14.15));
#18343=CARTESIAN_POINT('',(-10.3935822227524,18.511486245768,13.75));
#18344=CARTESIAN_POINT('',(-11.7705288190668,20.152467298736,13.0263343867822));
#18345=CARTESIAN_POINT('',(-12.5786798064862,21.1155841413517,13.2954179192956));
#18346=CARTESIAN_POINT('',(-12.0089638656727,20.4366231221289,13.9851124987726));
#18347=CARTESIAN_POINT('',(-11.0552238231067,19.3,10.15));
#18348=CARTESIAN_POINT('',(-11.0552238231067,19.3,14.15));
#18349=CARTESIAN_POINT('',(-10.3935822227524,18.511486245768,14.15));
#18350=CARTESIAN_POINT('',(-10.3935822227524,18.511486245768,14.15));
#18351=CARTESIAN_POINT('',(-10.3935822227524,18.511486245768,13.75));
#18352=CARTESIAN_POINT('',(-10.3935822227524,18.511486245768,9.75));
#18353=CARTESIAN_POINT('',(-10.3935822227524,18.511486245768,9.75));
#18354=CARTESIAN_POINT('',(-11.0552238231067,19.3,9.75));
#18355=CARTESIAN_POINT('',(-11.0552238231067,19.3,13.7499999999999));
#18356=CARTESIAN_POINT('',(-12.0089638671485,20.4366231238878,9.91488750174866));
#18357=CARTESIAN_POINT('',(-11.7705288190667,20.152467298736,10.8736656132178));
#18358=CARTESIAN_POINT('',(-12.5786797914397,21.11558412342,10.6045820165222));
#18359=CARTESIAN_POINT('',(-8.53792492957482,16.3,11.95));
#18360=CARTESIAN_POINT('',(-12.6584888892203,21.2106969024216,11.0092258865453));
#18361=CARTESIAN_POINT('',(-12.6584888892203,21.2106969024216,13.75));
#18362=CARTESIAN_POINT('',(-12.6584888892203,21.2106969024216,12.8907741134547));
#18363=CARTESIAN_POINT('',(-8.53792492957482,16.3,11.95));
#18364=CARTESIAN_POINT('',(-12.85,21.05,18.75));
#18365=CARTESIAN_POINT('',(-13.1,21.05,18.75));
#18366=CARTESIAN_POINT('',(-13.1,21.05,18.4672822863823));
#18367=CARTESIAN_POINT('',(-13.1,21.05,15.4327177136177));
#18368=CARTESIAN_POINT('',(-13.1,21.05,18.4672822863823));
#18369=CARTESIAN_POINT('',(-13.1,21.0772144847482,18.4118882363558));
#18370=CARTESIAN_POINT('',(-13.0957432142268,21.0990346756736,18.3546525702682));
#18371=CARTESIAN_POINT('',(-13.0912441095719,21.1155841413517,18.2954179192956));
#18372=CARTESIAN_POINT('',(-13.0912441095719,21.1155841413517,18.2954179192956));
#18373=CARTESIAN_POINT('',(-13.0912441095719,21.1155841413517,18.2954179192956));
#18374=CARTESIAN_POINT('',(-13.0574748035715,21.2398008496751,17.8508155380473));
#18375=CARTESIAN_POINT('',(-12.9507365077348,21.3,17.4005153804645));
#18376=CARTESIAN_POINT('',(-12.85,21.3,16.95));
#18377=CARTESIAN_POINT('',(-12.85,21.3,16.95));
#18378=CARTESIAN_POINT('',(-13.0912441144468,21.11558412342,15.6045820165222));
#18379=CARTESIAN_POINT('',(-13.0574748150598,21.2398008438898,16.0491844183808));
#18380=CARTESIAN_POINT('',(-12.9507365126182,21.3,16.4994845976937));
#18381=CARTESIAN_POINT('',(-12.85,21.3,16.95));
#18382=CARTESIAN_POINT('',(-13.0912441144468,21.11558412342,15.6045820165222));
#18383=CARTESIAN_POINT('',(-13.0912441144468,21.11558412342,15.6045820165222));
#18384=CARTESIAN_POINT('',(-13.0957432172169,21.0990346598153,15.5453473882027));
#18385=CARTESIAN_POINT('',(-13.1,21.0772144748232,15.4881117434423));
#18386=CARTESIAN_POINT('',(-13.1,21.05,15.4327177136177));
#18387=CARTESIAN_POINT('',(-13.1,21.05,18.75));
#18388=CARTESIAN_POINT('',(-13.1,21.05,19.15));
#18389=CARTESIAN_POINT('',(-13.1,19.3,19.15));
#18390=CARTESIAN_POINT('',(-13.1,15.870864016705,19.15));
#18391=CARTESIAN_POINT('',(-13.1,19.3,15.15));
#18392=CARTESIAN_POINT('',(-13.1,20.4366231221289,18.9851124987726));
#18393=CARTESIAN_POINT('',(-13.1,20.152467298736,18.0263343867822));
#18394=CARTESIAN_POINT('',(-13.1,20.152467298736,15.8736656132178));
#18395=CARTESIAN_POINT('',(-13.1,20.4366231238878,14.9148875017487));
#18396=CARTESIAN_POINT('',(-13.1,19.3,18.7499999999999));
#18397=CARTESIAN_POINT('',(-13.1,19.3,14.75));
#18398=CARTESIAN_POINT('',(-13.1,21.05,14.75));
#18399=CARTESIAN_POINT('',(-13.1,15.870864016705,14.75));
#18400=CARTESIAN_POINT('',(-13.1,15.870864016705,19.15));
#18401=CARTESIAN_POINT('',(-13.1,15.870864016705,15.15));
#18402=CARTESIAN_POINT('',(-13.1,21.05,15.15));
#18403=CARTESIAN_POINT('',(-13.1,11.3009244973838,15.15));
#18404=CARTESIAN_POINT('',(-13.1,11.3009244973838,18.75));
#18405=CARTESIAN_POINT('',(-13.1,11.3009244973838,18.75));
#18406=CARTESIAN_POINT('',(-13.1,21.05,18.75));
#18407=CARTESIAN_POINT('',(-13.1,15.870864016705,18.75));
#18408=CARTESIAN_POINT('',(-13.1,15.870864016705,19.15));
#18409=CARTESIAN_POINT('',(-10.3935822227524,18.511486245768,18.75));
#18410=CARTESIAN_POINT('',(-11.7705288190668,20.152467298736,18.0263343867822));
#18411=CARTESIAN_POINT('',(-12.5786798064862,21.1155841413517,18.2954179192956));
#18412=CARTESIAN_POINT('',(-12.0089638656727,20.4366231221289,18.9851124987726));
#18413=CARTESIAN_POINT('',(-11.0552238231067,19.3,15.15));
#18414=CARTESIAN_POINT('',(-11.0552238231067,19.3,19.15));
#18415=CARTESIAN_POINT('',(-10.3935822227524,18.511486245768,19.15));
#18416=CARTESIAN_POINT('',(-10.3935822227524,18.511486245768,19.15));
#18417=CARTESIAN_POINT('',(-10.3935822227524,18.511486245768,18.75));
#18418=CARTESIAN_POINT('',(-10.3935822227524,18.511486245768,14.75));
#18419=CARTESIAN_POINT('',(-10.3935822227524,18.511486245768,14.75));
#18420=CARTESIAN_POINT('',(-11.0552238231067,19.3,14.75));
#18421=CARTESIAN_POINT('',(-11.0552238231067,19.3,18.7499999999999));
#18422=CARTESIAN_POINT('',(-12.0089638671485,20.4366231238878,14.9148875017487));
#18423=CARTESIAN_POINT('',(-11.7705288190667,20.152467298736,15.8736656132178));
#18424=CARTESIAN_POINT('',(-12.5786797914397,21.11558412342,15.6045820165222));
#18425=CARTESIAN_POINT('',(-8.53792492957482,16.3,16.95));
#18426=CARTESIAN_POINT('',(-12.6584888892203,21.2106969024216,16.0092258865453));
#18427=CARTESIAN_POINT('',(-12.6584888892203,21.2106969024216,18.75));
#18428=CARTESIAN_POINT('',(-12.6584888892203,21.2106969024216,17.8907741134547));
#18429=CARTESIAN_POINT('',(-8.53792492957482,16.3,16.95));
#18430=CARTESIAN_POINT('',(-12.85,21.05,23.75));
#18431=CARTESIAN_POINT('',(-13.1,21.05,23.75));
#18432=CARTESIAN_POINT('',(-13.1,21.05,23.4672822863823));
#18433=CARTESIAN_POINT('',(-13.1,21.05,20.4327177136177));
#18434=CARTESIAN_POINT('',(-13.1,21.05,23.4672822863823));
#18435=CARTESIAN_POINT('',(-13.1,21.0772144847482,23.4118882363558));
#18436=CARTESIAN_POINT('',(-13.0957432142268,21.0990346756736,23.3546525702682));
#18437=CARTESIAN_POINT('',(-13.0912441095719,21.1155841413517,23.2954179192956));
#18438=CARTESIAN_POINT('',(-13.0912441095719,21.1155841413517,23.2954179192956));
#18439=CARTESIAN_POINT('',(-13.0912441095719,21.1155841413517,23.2954179192956));
#18440=CARTESIAN_POINT('',(-13.0574748035715,21.2398008496751,22.8508155380473));
#18441=CARTESIAN_POINT('',(-12.9507365077348,21.3,22.4005153804645));
#18442=CARTESIAN_POINT('',(-12.85,21.3,21.95));
#18443=CARTESIAN_POINT('',(-12.85,21.3,21.95));
#18444=CARTESIAN_POINT('',(-13.0912441144468,21.11558412342,20.6045820165222));
#18445=CARTESIAN_POINT('',(-13.0574748150598,21.2398008438898,21.0491844183808));
#18446=CARTESIAN_POINT('',(-12.9507365126182,21.3,21.4994845976937));
#18447=CARTESIAN_POINT('',(-12.85,21.3,21.95));
#18448=CARTESIAN_POINT('',(-13.0912441144468,21.11558412342,20.6045820165222));
#18449=CARTESIAN_POINT('',(-13.0912441144468,21.11558412342,20.6045820165222));
#18450=CARTESIAN_POINT('',(-13.0957432172169,21.0990346598153,20.5453473882027));
#18451=CARTESIAN_POINT('',(-13.1,21.0772144748232,20.4881117434423));
#18452=CARTESIAN_POINT('',(-13.1,21.05,20.4327177136177));
#18453=CARTESIAN_POINT('',(-13.1,21.05,23.75));
#18454=CARTESIAN_POINT('',(-13.1,21.05,24.15));
#18455=CARTESIAN_POINT('',(-13.1,19.3,24.15));
#18456=CARTESIAN_POINT('',(-13.1,15.870864016705,24.15));
#18457=CARTESIAN_POINT('',(-13.1,19.3,20.15));
#18458=CARTESIAN_POINT('',(-13.1,20.4366231221289,23.9851124987726));
#18459=CARTESIAN_POINT('',(-13.1,20.152467298736,23.0263343867822));
#18460=CARTESIAN_POINT('',(-13.1,20.152467298736,20.8736656132178));
#18461=CARTESIAN_POINT('',(-13.1,20.4366231238878,19.9148875017487));
#18462=CARTESIAN_POINT('',(-13.1,19.3,23.7499999999999));
#18463=CARTESIAN_POINT('',(-13.1,19.3,19.75));
#18464=CARTESIAN_POINT('',(-13.1,21.05,19.75));
#18465=CARTESIAN_POINT('',(-13.1,15.870864016705,19.75));
#18466=CARTESIAN_POINT('',(-13.1,15.870864016705,24.15));
#18467=CARTESIAN_POINT('',(-13.1,15.870864016705,20.15));
#18468=CARTESIAN_POINT('',(-13.1,21.05,20.15));
#18469=CARTESIAN_POINT('',(-13.1,11.3009244973838,20.15));
#18470=CARTESIAN_POINT('',(-13.1,11.3009244973838,23.75));
#18471=CARTESIAN_POINT('',(-13.1,11.3009244973838,23.75));
#18472=CARTESIAN_POINT('',(-13.1,21.05,23.75));
#18473=CARTESIAN_POINT('',(-13.1,15.870864016705,23.75));
#18474=CARTESIAN_POINT('',(-13.1,15.870864016705,24.15));
#18475=CARTESIAN_POINT('',(-10.3935822227524,18.511486245768,23.75));
#18476=CARTESIAN_POINT('',(-11.7705288190668,20.152467298736,23.0263343867822));
#18477=CARTESIAN_POINT('',(-12.5786798064862,21.1155841413517,23.2954179192956));
#18478=CARTESIAN_POINT('',(-12.0089638656727,20.4366231221289,23.9851124987726));
#18479=CARTESIAN_POINT('',(-11.0552238231067,19.3,20.15));
#18480=CARTESIAN_POINT('',(-11.0552238231067,19.3,24.15));
#18481=CARTESIAN_POINT('',(-10.3935822227524,18.511486245768,24.15));
#18482=CARTESIAN_POINT('',(-10.3935822227524,18.511486245768,24.15));
#18483=CARTESIAN_POINT('',(-10.3935822227524,18.511486245768,23.75));
#18484=CARTESIAN_POINT('',(-10.3935822227524,18.511486245768,19.75));
#18485=CARTESIAN_POINT('',(-10.3935822227524,18.511486245768,19.75));
#18486=CARTESIAN_POINT('',(-11.0552238231067,19.3,19.75));
#18487=CARTESIAN_POINT('',(-11.0552238231067,19.3,23.7499999999999));
#18488=CARTESIAN_POINT('',(-12.0089638671485,20.4366231238878,19.9148875017487));
#18489=CARTESIAN_POINT('',(-11.7705288190667,20.152467298736,20.8736656132178));
#18490=CARTESIAN_POINT('',(-12.5786797914397,21.11558412342,20.6045820165222));
#18491=CARTESIAN_POINT('',(-8.53792492957482,16.3,21.95));
#18492=CARTESIAN_POINT('',(-12.6584888892203,21.2106969024216,21.0092258865453));
#18493=CARTESIAN_POINT('',(-12.6584888892203,21.2106969024216,23.75));
#18494=CARTESIAN_POINT('',(-12.6584888892203,21.2106969024216,22.8907741134547));
#18495=CARTESIAN_POINT('',(-8.53792492957482,16.3,21.95));
#18496=CARTESIAN_POINT('',(-12.85,21.05,4.75));
#18497=CARTESIAN_POINT('',(-12.85,19.3,4.75));
#18498=CARTESIAN_POINT('',(-10.7,18.2543712018934,4.75));
#18499=CARTESIAN_POINT('',(-10.3935822227524,17.9972561580188,4.75));
#18500=CARTESIAN_POINT('',(-12.3935822227524,15.6137489728304,4.75));
#18501=CARTESIAN_POINT('',(-12.3935822227524,15.6137489728304,4.75));
#18502=CARTESIAN_POINT('',(-12.7,15.870864016705,4.75));
#18503=CARTESIAN_POINT('',(-12.85,21.05,9.75));
#18504=CARTESIAN_POINT('',(-12.85,19.3,9.75));
#18505=CARTESIAN_POINT('',(-10.7,18.2543712018934,9.75));
#18506=CARTESIAN_POINT('',(-10.3935822227524,17.9972561580188,9.75));
#18507=CARTESIAN_POINT('',(-12.3935822227524,15.6137489728304,9.75));
#18508=CARTESIAN_POINT('',(-12.3935822227524,15.6137489728304,9.75));
#18509=CARTESIAN_POINT('',(-12.7,15.870864016705,9.75));
#18510=CARTESIAN_POINT('',(-12.85,21.05,14.75));
#18511=CARTESIAN_POINT('',(-12.85,19.3,14.75));
#18512=CARTESIAN_POINT('',(-10.7,18.2543712018934,14.75));
#18513=CARTESIAN_POINT('',(-10.3935822227524,17.9972561580188,14.75));
#18514=CARTESIAN_POINT('',(-12.3935822227524,15.6137489728304,14.75));
#18515=CARTESIAN_POINT('',(-12.3935822227524,15.6137489728304,14.75));
#18516=CARTESIAN_POINT('',(-12.7,15.870864016705,14.75));
#18517=CARTESIAN_POINT('',(-12.85,21.05,19.75));
#18518=CARTESIAN_POINT('',(-12.85,19.3,19.75));
#18519=CARTESIAN_POINT('',(-10.7,18.2543712018934,19.75));
#18520=CARTESIAN_POINT('',(-10.3935822227524,17.9972561580188,19.75));
#18521=CARTESIAN_POINT('',(-12.3935822227524,15.6137489728304,19.75));
#18522=CARTESIAN_POINT('',(-12.3935822227524,15.6137489728304,19.75));
#18523=CARTESIAN_POINT('',(-12.7,15.870864016705,19.75));
#18524=CARTESIAN_POINT('',(-12.85,21.05,3.75));
#18525=CARTESIAN_POINT('',(-13.1,21.05,3.75));
#18526=CARTESIAN_POINT('',(-13.1,21.05,3.4672822863823));
#18527=CARTESIAN_POINT('',(-13.1,21.05,0.432717713617718));
#18528=CARTESIAN_POINT('',(-13.1,21.05,3.4672822863823));
#18529=CARTESIAN_POINT('',(-13.1,21.0772144847482,3.41188823635579));
#18530=CARTESIAN_POINT('',(-13.0957432142268,21.0990346756736,3.35465257026819));
#18531=CARTESIAN_POINT('',(-13.0912441095719,21.1155841413517,3.29541791929563));
#18532=CARTESIAN_POINT('',(-13.0912441095719,21.1155841413517,3.29541791929563));
#18533=CARTESIAN_POINT('',(-13.0912441095719,21.1155841413517,3.29541791929563));
#18534=CARTESIAN_POINT('',(-13.0574748035715,21.2398008496751,2.85081553804728));
#18535=CARTESIAN_POINT('',(-12.9507365077348,21.3,2.40051538046453));
#18536=CARTESIAN_POINT('',(-12.85,21.3,1.95000000000001));
#18537=CARTESIAN_POINT('',(-12.85,21.3,1.95000000000001));
#18538=CARTESIAN_POINT('',(-13.0912441144468,21.11558412342,0.604582016522243));
#18539=CARTESIAN_POINT('',(-13.0574748150598,21.2398008438898,1.04918441838077));
#18540=CARTESIAN_POINT('',(-12.9507365126182,21.3,1.49948459769367));
#18541=CARTESIAN_POINT('',(-12.85,21.3,1.95000000000001));
#18542=CARTESIAN_POINT('',(-13.0912441144468,21.11558412342,0.604582016522243));
#18543=CARTESIAN_POINT('',(-13.0912441144468,21.11558412342,0.604582016522243));
#18544=CARTESIAN_POINT('',(-13.0957432172169,21.0990346598153,0.545347388202673));
#18545=CARTESIAN_POINT('',(-13.1,21.0772144748232,0.488111743442272));
#18546=CARTESIAN_POINT('',(-13.1,21.05,0.432717713617718));
#18547=CARTESIAN_POINT('',(-13.1,21.05,3.75));
#18548=CARTESIAN_POINT('',(-13.1,21.05,4.15));
#18549=CARTESIAN_POINT('',(-13.1,19.3,4.15));
#18550=CARTESIAN_POINT('',(-13.1,15.870864016705,4.15));
#18551=CARTESIAN_POINT('',(-13.1,19.3,0.149999999999996));
#18552=CARTESIAN_POINT('',(-13.1,20.4366231221289,3.9851124987726));
#18553=CARTESIAN_POINT('',(-13.1,20.152467298736,3.0263343867822));
#18554=CARTESIAN_POINT('',(-13.1,20.152467298736,0.873665613217806));
#18555=CARTESIAN_POINT('',(-13.1,20.4366231238878,-0.0851124982513423));
#18556=CARTESIAN_POINT('',(-13.1,19.3,3.7499999999999));
#18557=CARTESIAN_POINT('',(-13.1,19.3,-0.250000000000001));
#18558=CARTESIAN_POINT('',(-13.1,21.05,-0.25));
#18559=CARTESIAN_POINT('',(-13.1,15.870864016705,-0.25));
#18560=CARTESIAN_POINT('',(-13.1,15.870864016705,4.15));
#18561=CARTESIAN_POINT('',(-13.1,15.870864016705,0.15));
#18562=CARTESIAN_POINT('',(-13.1,21.05,0.15));
#18563=CARTESIAN_POINT('',(-13.1,11.3009244973838,0.15));
#18564=CARTESIAN_POINT('',(-13.1,11.3009244973838,3.75));
#18565=CARTESIAN_POINT('',(-13.1,11.3009244973838,3.75));
#18566=CARTESIAN_POINT('',(-13.1,21.05,3.75));
#18567=CARTESIAN_POINT('',(-13.1,15.870864016705,3.75));
#18568=CARTESIAN_POINT('',(-13.1,15.870864016705,4.15));
#18569=CARTESIAN_POINT('',(-10.3935822227524,18.511486245768,3.75));
#18570=CARTESIAN_POINT('',(-11.7705288190668,20.152467298736,3.0263343867822));
#18571=CARTESIAN_POINT('',(-12.5786798064862,21.1155841413517,3.29541791929563));
#18572=CARTESIAN_POINT('',(-12.0089638656727,20.4366231221289,3.9851124987726));
#18573=CARTESIAN_POINT('',(-11.0552238231067,19.3,0.149999999999996));
#18574=CARTESIAN_POINT('',(-11.0552238231067,19.3,4.15));
#18575=CARTESIAN_POINT('',(-10.3935822227524,18.511486245768,4.15));
#18576=CARTESIAN_POINT('',(-10.3935822227524,18.511486245768,4.15));
#18577=CARTESIAN_POINT('',(-10.3935822227524,18.511486245768,3.75));
#18578=CARTESIAN_POINT('',(-10.3935822227524,18.511486245768,-0.25));
#18579=CARTESIAN_POINT('',(-10.3935822227524,18.511486245768,-0.25));
#18580=CARTESIAN_POINT('',(-11.0552238231067,19.3,-0.250000000000001));
#18581=CARTESIAN_POINT('',(-11.0552238231067,19.3,3.7499999999999));
#18582=CARTESIAN_POINT('',(-12.0089638671485,20.4366231238878,-0.0851124982513421));
#18583=CARTESIAN_POINT('',(-11.7705288190667,20.152467298736,0.873665613217806));
#18584=CARTESIAN_POINT('',(-12.5786797914397,21.11558412342,0.604582016522243));
#18585=CARTESIAN_POINT('',(-8.53792492957482,16.3,1.95000000000001));
#18586=CARTESIAN_POINT('',(-12.6584888892203,21.2106969024216,1.00922588654527));
#18587=CARTESIAN_POINT('',(-12.6584888892203,21.2106969024216,3.75));
#18588=CARTESIAN_POINT('',(-12.6584888892203,21.2106969024216,2.89077411345475));
#18589=CARTESIAN_POINT('',(-8.53792492957482,16.3,1.95000000000001));
#18590=CARTESIAN_POINT('',(-12.85,21.05,-0.25));
#18591=CARTESIAN_POINT('',(-12.85,19.3,-0.25));
#18592=CARTESIAN_POINT('',(-10.7,18.2543712018934,-0.25));
#18593=CARTESIAN_POINT('',(-10.3935822227524,17.9972561580188,-0.25));
#18594=CARTESIAN_POINT('',(-12.3935822227524,15.6137489728304,-0.25));
#18595=CARTESIAN_POINT('',(-12.3935822227524,15.6137489728304,-0.25));
#18596=CARTESIAN_POINT('',(-12.7,15.870864016705,-0.25));
#18597=CARTESIAN_POINT('',(-12.85,21.05,23.75));
#18598=CARTESIAN_POINT('',(-9.90533197430066,18.5791301456962,23.75));
#18599=CARTESIAN_POINT('',(-10.8,17.5129063118898,23.75));
#18600=CARTESIAN_POINT('',(-12.3935822227524,15.6137489728304,23.75));
#18601=CARTESIAN_POINT('',(-12.7,15.870864016705,23.75));
#18602=CARTESIAN_POINT('',(-7.1,11.3009244973838,23.75));
#18603=CARTESIAN_POINT('',(-10.9567256581192,6.70465783866992,23.75));
#18604=CARTESIAN_POINT('',(-10.9567256581192,6.70465783866992,23.75));
#18605=CARTESIAN_POINT('',(-10.6,6.40532947051059,23.75));
#18606=CARTESIAN_POINT('',(-10.6,4.8,23.75));
#18607=CARTESIAN_POINT('',(-10.6,12.6254033307585,23.75));
#18608=CARTESIAN_POINT('',(-9.2,13.4,23.75));
#18609=CARTESIAN_POINT('',(-10.8,13.4,23.75));
#18610=CARTESIAN_POINT('',(-10.8,13.4,23.75));
#18611=CARTESIAN_POINT('',(-12.85,21.05,20.15));
#18612=CARTESIAN_POINT('',(-12.7,15.870864016705,20.15));
#18613=CARTESIAN_POINT('',(-12.3935822227524,15.6137489728304,20.15));
#18614=CARTESIAN_POINT('',(-9.90533197430066,18.5791301456962,20.15));
#18615=CARTESIAN_POINT('',(-10.8,17.5129063118898,20.15));
#18616=CARTESIAN_POINT('',(-10.8,13.4,20.15));
#18617=CARTESIAN_POINT('',(-10.8,13.4,20.15));
#18618=CARTESIAN_POINT('',(-9.2,13.4,20.15));
#18619=CARTESIAN_POINT('',(-10.6,12.6254033307585,20.15));
#18620=CARTESIAN_POINT('',(-10.6,4.8,20.15));
#18621=CARTESIAN_POINT('',(-10.6,6.40532947051059,20.15));
#18622=CARTESIAN_POINT('',(-10.9567256581192,6.70465783866992,20.15));
#18623=CARTESIAN_POINT('',(-10.9567256581192,6.70465783866992,20.15));
#18624=CARTESIAN_POINT('',(-7.1,11.3009244973838,20.15));
#18625=CARTESIAN_POINT('',(-12.85,21.05,18.75));
#18626=CARTESIAN_POINT('',(-9.90533197430066,18.5791301456962,18.75));
#18627=CARTESIAN_POINT('',(-10.8,17.5129063118898,18.75));
#18628=CARTESIAN_POINT('',(-12.3935822227524,15.6137489728304,18.75));
#18629=CARTESIAN_POINT('',(-12.7,15.870864016705,18.75));
#18630=CARTESIAN_POINT('',(-7.1,11.3009244973838,18.75));
#18631=CARTESIAN_POINT('',(-10.9567256581192,6.70465783866992,18.75));
#18632=CARTESIAN_POINT('',(-10.9567256581192,6.70465783866992,18.75));
#18633=CARTESIAN_POINT('',(-10.6,6.40532947051059,18.75));
#18634=CARTESIAN_POINT('',(-10.6,4.8,18.75));
#18635=CARTESIAN_POINT('',(-10.6,12.6254033307585,18.75));
#18636=CARTESIAN_POINT('',(-9.2,13.4,18.75));
#18637=CARTESIAN_POINT('',(-10.8,13.4,18.75));
#18638=CARTESIAN_POINT('',(-10.8,13.4,18.75));
#18639=CARTESIAN_POINT('',(-12.85,21.05,15.15));
#18640=CARTESIAN_POINT('',(-12.7,15.870864016705,15.15));
#18641=CARTESIAN_POINT('',(-12.3935822227524,15.6137489728304,15.15));
#18642=CARTESIAN_POINT('',(-9.90533197430066,18.5791301456962,15.15));
#18643=CARTESIAN_POINT('',(-10.8,17.5129063118898,15.15));
#18644=CARTESIAN_POINT('',(-10.8,13.4,15.15));
#18645=CARTESIAN_POINT('',(-10.8,13.4,15.15));
#18646=CARTESIAN_POINT('',(-9.2,13.4,15.15));
#18647=CARTESIAN_POINT('',(-10.6,12.6254033307585,15.15));
#18648=CARTESIAN_POINT('',(-10.6,4.8,15.15));
#18649=CARTESIAN_POINT('',(-10.6,6.40532947051059,15.15));
#18650=CARTESIAN_POINT('',(-10.9567256581192,6.70465783866992,15.15));
#18651=CARTESIAN_POINT('',(-10.9567256581192,6.70465783866992,15.15));
#18652=CARTESIAN_POINT('',(-7.1,11.3009244973838,15.15));
#18653=CARTESIAN_POINT('',(-12.85,21.05,13.75));
#18654=CARTESIAN_POINT('',(-9.90533197430066,18.5791301456962,13.75));
#18655=CARTESIAN_POINT('',(-10.8,17.5129063118898,13.75));
#18656=CARTESIAN_POINT('',(-12.3935822227524,15.6137489728304,13.75));
#18657=CARTESIAN_POINT('',(-12.7,15.870864016705,13.75));
#18658=CARTESIAN_POINT('',(-7.1,11.3009244973838,13.75));
#18659=CARTESIAN_POINT('',(-10.9567256581192,6.70465783866992,13.75));
#18660=CARTESIAN_POINT('',(-10.9567256581192,6.70465783866992,13.75));
#18661=CARTESIAN_POINT('',(-10.6,6.40532947051059,13.75));
#18662=CARTESIAN_POINT('',(-10.6,4.8,13.75));
#18663=CARTESIAN_POINT('',(-10.6,12.6254033307585,13.75));
#18664=CARTESIAN_POINT('',(-9.2,13.4,13.75));
#18665=CARTESIAN_POINT('',(-10.8,13.4,13.75));
#18666=CARTESIAN_POINT('',(-10.8,13.4,13.75));
#18667=CARTESIAN_POINT('',(-12.85,21.05,10.15));
#18668=CARTESIAN_POINT('',(-12.7,15.870864016705,10.15));
#18669=CARTESIAN_POINT('',(-12.3935822227524,15.6137489728304,10.15));
#18670=CARTESIAN_POINT('',(-9.90533197430066,18.5791301456962,10.15));
#18671=CARTESIAN_POINT('',(-10.8,17.5129063118898,10.15));
#18672=CARTESIAN_POINT('',(-10.8,13.4,10.15));
#18673=CARTESIAN_POINT('',(-10.8,13.4,10.15));
#18674=CARTESIAN_POINT('',(-9.2,13.4,10.15));
#18675=CARTESIAN_POINT('',(-10.6,12.6254033307585,10.15));
#18676=CARTESIAN_POINT('',(-10.6,4.8,10.15));
#18677=CARTESIAN_POINT('',(-10.6,6.40532947051059,10.15));
#18678=CARTESIAN_POINT('',(-10.9567256581192,6.70465783866992,10.15));
#18679=CARTESIAN_POINT('',(-10.9567256581192,6.70465783866992,10.15));
#18680=CARTESIAN_POINT('',(-7.1,11.3009244973838,10.15));
#18681=CARTESIAN_POINT('',(-12.85,21.05,8.75));
#18682=CARTESIAN_POINT('',(-9.90533197430066,18.5791301456962,8.75));
#18683=CARTESIAN_POINT('',(-10.8,17.5129063118898,8.75));
#18684=CARTESIAN_POINT('',(-12.3935822227524,15.6137489728304,8.75));
#18685=CARTESIAN_POINT('',(-12.7,15.870864016705,8.75));
#18686=CARTESIAN_POINT('',(-7.1,11.3009244973838,8.75));
#18687=CARTESIAN_POINT('',(-10.9567256581192,6.70465783866992,8.75));
#18688=CARTESIAN_POINT('',(-10.9567256581192,6.70465783866992,8.75));
#18689=CARTESIAN_POINT('',(-10.6,6.40532947051059,8.75));
#18690=CARTESIAN_POINT('',(-10.6,4.8,8.75));
#18691=CARTESIAN_POINT('',(-10.6,12.6254033307585,8.75));
#18692=CARTESIAN_POINT('',(-9.2,13.4,8.75));
#18693=CARTESIAN_POINT('',(-10.8,13.4,8.75));
#18694=CARTESIAN_POINT('',(-10.8,13.4,8.75));
#18695=CARTESIAN_POINT('',(-12.85,21.05,5.15));
#18696=CARTESIAN_POINT('',(-12.7,15.870864016705,5.15));
#18697=CARTESIAN_POINT('',(-12.3935822227524,15.6137489728304,5.15));
#18698=CARTESIAN_POINT('',(-9.90533197430066,18.5791301456962,5.15));
#18699=CARTESIAN_POINT('',(-10.8,17.5129063118898,5.15));
#18700=CARTESIAN_POINT('',(-10.8,13.4,5.15));
#18701=CARTESIAN_POINT('',(-10.8,13.4,5.15));
#18702=CARTESIAN_POINT('',(-9.2,13.4,5.15));
#18703=CARTESIAN_POINT('',(-10.6,12.6254033307585,5.15));
#18704=CARTESIAN_POINT('',(-10.6,4.8,5.15));
#18705=CARTESIAN_POINT('',(-10.6,6.40532947051059,5.15));
#18706=CARTESIAN_POINT('',(-10.9567256581192,6.70465783866992,5.15));
#18707=CARTESIAN_POINT('',(-10.9567256581192,6.70465783866992,5.15));
#18708=CARTESIAN_POINT('',(-7.1,11.3009244973838,5.15));
#18709=CARTESIAN_POINT('',(-12.85,21.05,3.75));
#18710=CARTESIAN_POINT('',(-9.90533197430066,18.5791301456962,3.75));
#18711=CARTESIAN_POINT('',(-10.8,17.5129063118898,3.75));
#18712=CARTESIAN_POINT('',(-12.3935822227524,15.6137489728304,3.75));
#18713=CARTESIAN_POINT('',(-12.7,15.870864016705,3.75));
#18714=CARTESIAN_POINT('',(-7.1,11.3009244973838,3.75));
#18715=CARTESIAN_POINT('',(-10.9567256581192,6.70465783866992,3.75));
#18716=CARTESIAN_POINT('',(-10.9567256581192,6.70465783866992,3.75));
#18717=CARTESIAN_POINT('',(-10.6,6.40532947051059,3.75));
#18718=CARTESIAN_POINT('',(-10.6,4.8,3.75));
#18719=CARTESIAN_POINT('',(-10.6,12.6254033307585,3.75));
#18720=CARTESIAN_POINT('',(-9.2,13.4,3.75));
#18721=CARTESIAN_POINT('',(-10.8,13.4,3.75));
#18722=CARTESIAN_POINT('',(-10.8,13.4,3.75));
#18723=CARTESIAN_POINT('',(-12.85,21.05,0.15));
#18724=CARTESIAN_POINT('',(-12.7,15.870864016705,0.15));
#18725=CARTESIAN_POINT('',(-12.3935822227524,15.6137489728304,0.15));
#18726=CARTESIAN_POINT('',(-9.90533197430066,18.5791301456962,0.15));
#18727=CARTESIAN_POINT('',(-10.8,17.5129063118898,0.15));
#18728=CARTESIAN_POINT('',(-10.8,13.4,0.15));
#18729=CARTESIAN_POINT('',(-10.8,13.4,0.15));
#18730=CARTESIAN_POINT('',(-9.2,13.4,0.15));
#18731=CARTESIAN_POINT('',(-10.6,12.6254033307585,0.15));
#18732=CARTESIAN_POINT('',(-10.6,4.8,0.15));
#18733=CARTESIAN_POINT('',(-10.6,6.40532947051059,0.15));
#18734=CARTESIAN_POINT('',(-10.9567256581192,6.70465783866992,0.15));
#18735=CARTESIAN_POINT('',(-10.9567256581192,6.70465783866992,0.15));
#18736=CARTESIAN_POINT('',(-7.1,11.3009244973838,0.15));
#18737=CARTESIAN_POINT('',(-12.8,14.1196713556404,25.));
#18738=CARTESIAN_POINT('',(-12.8,14.1196713556404,8.9));
#18739=CARTESIAN_POINT('',(-13.1,14.1196713556404,8.9));
#18740=CARTESIAN_POINT('',(-13.0298133329357,14.3125076385464,8.9));
#18741=CARTESIAN_POINT('',(-13.1,14.1196713556404,25.));
#18742=CARTESIAN_POINT('',(-13.1,14.1196713556404,10.));
#18743=CARTESIAN_POINT('',(-12.8,14.1196713556404,10.));
#18744=CARTESIAN_POINT('',(-13.0298133329357,14.3125076385464,10.));
#18745=CARTESIAN_POINT('',(-13.0298133329357,14.3125076385464,25.));
#18746=CARTESIAN_POINT('',(-12.8,14.1196713556404,25.));
#18747=CARTESIAN_POINT('',(-12.8,14.1196713556404,5.));
#18748=CARTESIAN_POINT('',(-13.0298133329357,14.3125076385464,5.));
#18749=CARTESIAN_POINT('',(-13.1,14.1196713556404,5.));
#18750=CARTESIAN_POINT('',(-13.0298133329357,14.3125076385464,25.));
#18751=CARTESIAN_POINT('',(-13.0298133329357,14.3125076385464,3.9));
#18752=CARTESIAN_POINT('',(-12.8,14.1196713556404,3.9));
#18753=CARTESIAN_POINT('',(-13.1,14.1196713556404,3.9));
#18754=CARTESIAN_POINT('',(-13.1,14.1196713556404,25.));
#18755=CARTESIAN_POINT('',(-12.8,14.1196713556404,25.));
#18756=CARTESIAN_POINT('',(-12.8,14.1196713556404,13.9));
#18757=CARTESIAN_POINT('',(-13.1,14.1196713556404,13.9));
#18758=CARTESIAN_POINT('',(-13.0298133329357,14.3125076385464,13.9));
#18759=CARTESIAN_POINT('',(-13.1,14.1196713556404,25.));
#18760=CARTESIAN_POINT('',(-13.1,14.1196713556404,15.));
#18761=CARTESIAN_POINT('',(-12.8,14.1196713556404,15.));
#18762=CARTESIAN_POINT('',(-13.0298133329357,14.3125076385464,15.));
#18763=CARTESIAN_POINT('',(-13.0298133329357,14.3125076385464,25.));
#18764=CARTESIAN_POINT('',(-12.8,14.1196713556404,25.));
#18765=CARTESIAN_POINT('',(-12.8,14.1196713556404,18.9));
#18766=CARTESIAN_POINT('',(-13.1,14.1196713556404,18.9));
#18767=CARTESIAN_POINT('',(-13.0298133329357,14.3125076385464,18.9));
#18768=CARTESIAN_POINT('',(-13.1,14.1196713556404,25.));
#18769=CARTESIAN_POINT('',(-13.1,14.1196713556404,20.));
#18770=CARTESIAN_POINT('',(-12.8,14.1196713556404,20.));
#18771=CARTESIAN_POINT('',(-13.0298133329357,14.3125076385464,20.));
#18772=CARTESIAN_POINT('',(-13.0298133329357,14.3125076385464,25.));
#18773=CARTESIAN_POINT('',(-12.8,14.1196713556404,25.));
#18774=CARTESIAN_POINT('',(-12.8,14.1196713556404,23.9));
#18775=CARTESIAN_POINT('',(-13.1,14.1196713556404,23.9));
#18776=CARTESIAN_POINT('',(-13.0298133329357,14.3125076385464,23.9));
#18777=CARTESIAN_POINT('',(-13.1,14.1196713556404,25.));
#18778=CARTESIAN_POINT('',(-13.1,14.1196713556404,25.));
#18779=CARTESIAN_POINT('',(-12.8,14.1196713556404,25.));
#18780=CARTESIAN_POINT('',(-13.0298133329357,14.3125076385464,25.));
#18781=CARTESIAN_POINT('',(-13.0298133329357,14.3125076385464,25.));
#18782=CARTESIAN_POINT('',(-13.1,14.1196713556404,25.));
#18783=CARTESIAN_POINT('',(-13.1,2.65,1.8));
#18784=CARTESIAN_POINT('',(-13.1,2.65,3.02320508075689));
#18785=CARTESIAN_POINT('',(-13.1,2.65,21.8));
#18786=CARTESIAN_POINT('',(-13.1,2.65,23.0232050807569));
#18787=CARTESIAN_POINT('',(-13.1,2.65,16.8));
#18788=CARTESIAN_POINT('',(-13.1,2.65,18.0232050807569));
#18789=CARTESIAN_POINT('',(-13.1,2.65,11.8));
#18790=CARTESIAN_POINT('',(-13.1,2.65,13.0232050807569));
#18791=CARTESIAN_POINT('',(-13.1,2.65,6.8));
#18792=CARTESIAN_POINT('',(-13.1,2.65,8.02320508075689));
#18793=CARTESIAN_POINT('',(-13.1,3.8,3.6));
#18794=CARTESIAN_POINT('',(-13.1,3.8,3.6));
#18795=CARTESIAN_POINT('',(-13.1,3.8,4.25));
#18796=CARTESIAN_POINT('',(-13.1,3.8,4.25));
#18797=CARTESIAN_POINT('',(-13.1,0.8,4.25));
#18798=CARTESIAN_POINT('',(-13.1,0.8,4.25));
#18799=CARTESIAN_POINT('',(-13.1,0.8,3.6));
#18800=CARTESIAN_POINT('',(-13.1,1.1,3.6));
#18801=CARTESIAN_POINT('',(-13.1,1.1,3.3));
#18802=CARTESIAN_POINT('',(-13.1,1.1,3.3));
#18803=CARTESIAN_POINT('',(-13.1,3.5,3.3));
#18804=CARTESIAN_POINT('',(-13.1,3.5,3.6));
#18805=CARTESIAN_POINT('',(-13.1,3.8,23.6));
#18806=CARTESIAN_POINT('',(-13.1,3.8,23.6));
#18807=CARTESIAN_POINT('',(-13.1,3.8,24.25));
#18808=CARTESIAN_POINT('',(-13.1,3.8,24.25));
#18809=CARTESIAN_POINT('',(-13.1,0.8,24.25));
#18810=CARTESIAN_POINT('',(-13.1,0.8,24.25));
#18811=CARTESIAN_POINT('',(-13.1,0.8,23.6));
#18812=CARTESIAN_POINT('',(-13.1,1.1,23.6));
#18813=CARTESIAN_POINT('',(-13.1,1.1,23.3));
#18814=CARTESIAN_POINT('',(-13.1,1.1,23.3));
#18815=CARTESIAN_POINT('',(-13.1,3.5,23.3));
#18816=CARTESIAN_POINT('',(-13.1,3.5,23.6));
#18817=CARTESIAN_POINT('',(-13.1,3.8,18.6));
#18818=CARTESIAN_POINT('',(-13.1,3.8,18.6));
#18819=CARTESIAN_POINT('',(-13.1,3.8,19.25));
#18820=CARTESIAN_POINT('',(-13.1,3.8,19.25));
#18821=CARTESIAN_POINT('',(-13.1,0.8,19.25));
#18822=CARTESIAN_POINT('',(-13.1,0.8,19.25));
#18823=CARTESIAN_POINT('',(-13.1,0.8,18.6));
#18824=CARTESIAN_POINT('',(-13.1,1.1,18.6));
#18825=CARTESIAN_POINT('',(-13.1,1.1,18.3));
#18826=CARTESIAN_POINT('',(-13.1,1.1,18.3));
#18827=CARTESIAN_POINT('',(-13.1,3.5,18.3));
#18828=CARTESIAN_POINT('',(-13.1,3.5,18.6));
#18829=CARTESIAN_POINT('',(-13.1,3.8,13.6));
#18830=CARTESIAN_POINT('',(-13.1,3.8,13.6));
#18831=CARTESIAN_POINT('',(-13.1,3.8,14.25));
#18832=CARTESIAN_POINT('',(-13.1,3.8,14.25));
#18833=CARTESIAN_POINT('',(-13.1,0.8,14.25));
#18834=CARTESIAN_POINT('',(-13.1,0.8,14.25));
#18835=CARTESIAN_POINT('',(-13.1,0.8,13.6));
#18836=CARTESIAN_POINT('',(-13.1,1.1,13.6));
#18837=CARTESIAN_POINT('',(-13.1,1.1,13.3));
#18838=CARTESIAN_POINT('',(-13.1,1.1,13.3));
#18839=CARTESIAN_POINT('',(-13.1,3.5,13.3));
#18840=CARTESIAN_POINT('',(-13.1,3.5,13.6));
#18841=CARTESIAN_POINT('',(-13.1,3.8,8.6));
#18842=CARTESIAN_POINT('',(-13.1,3.8,8.6));
#18843=CARTESIAN_POINT('',(-13.1,3.8,9.25));
#18844=CARTESIAN_POINT('',(-13.1,3.8,9.25));
#18845=CARTESIAN_POINT('',(-13.1,0.8,9.25));
#18846=CARTESIAN_POINT('',(-13.1,0.8,9.25));
#18847=CARTESIAN_POINT('',(-13.1,0.8,8.6));
#18848=CARTESIAN_POINT('',(-13.1,1.1,8.6));
#18849=CARTESIAN_POINT('',(-13.1,1.1,8.3));
#18850=CARTESIAN_POINT('',(-13.1,1.1,8.3));
#18851=CARTESIAN_POINT('',(-13.1,3.5,8.3));
#18852=CARTESIAN_POINT('',(-13.1,3.5,8.6));
#18853=CARTESIAN_POINT('',(-13.1,18.4,8.9));
#18854=CARTESIAN_POINT('',(-13.1,4.8,8.9));
#18855=CARTESIAN_POINT('',(-13.1,4.8,8.7));
#18856=CARTESIAN_POINT('',(-13.1,4.6,8.7));
#18857=CARTESIAN_POINT('',(-13.1,4.6,8.7));
#18858=CARTESIAN_POINT('',(-13.1,4.6,5.));
#18859=CARTESIAN_POINT('',(-13.1,4.6,5.));
#18860=CARTESIAN_POINT('',(-13.1,18.4,3.9));
#18861=CARTESIAN_POINT('',(-13.1,4.8,3.9));
#18862=CARTESIAN_POINT('',(-13.1,4.8,3.7));
#18863=CARTESIAN_POINT('',(-13.1,4.6,3.7));
#18864=CARTESIAN_POINT('',(-13.1,4.6,3.7));
#18865=CARTESIAN_POINT('',(-13.1,4.6,0.));
#18866=CARTESIAN_POINT('',(-13.1,4.6,0.));
#18867=CARTESIAN_POINT('',(-13.1,14.1196713556404,0.));
#18868=CARTESIAN_POINT('',(-13.1,14.1196713556404,25.));
#18869=CARTESIAN_POINT('',(-13.1,14.1196713556404,-1.5));
#18870=CARTESIAN_POINT('',(-13.1,14.1196713556404,-1.5));
#18871=CARTESIAN_POINT('',(-13.1,0.300000000000002,-1.5));
#18872=CARTESIAN_POINT('',(-13.1,0.300000000000002,25.));
#18873=CARTESIAN_POINT('',(-13.1,0.300000000000002,25.));
#18874=CARTESIAN_POINT('',(-13.1,14.1196713556404,25.));
#18875=CARTESIAN_POINT('',(-13.1,18.4,23.9));
#18876=CARTESIAN_POINT('',(-13.1,4.8,23.9));
#18877=CARTESIAN_POINT('',(-13.1,4.8,23.7));
#18878=CARTESIAN_POINT('',(-13.1,4.6,23.7));
#18879=CARTESIAN_POINT('',(-13.1,4.6,23.7));
#18880=CARTESIAN_POINT('',(-13.1,4.6,20.));
#18881=CARTESIAN_POINT('',(-13.1,4.6,20.));
#18882=CARTESIAN_POINT('',(-13.1,18.4,18.9));
#18883=CARTESIAN_POINT('',(-13.1,4.8,18.9));
#18884=CARTESIAN_POINT('',(-13.1,4.8,18.7));
#18885=CARTESIAN_POINT('',(-13.1,4.6,18.7));
#18886=CARTESIAN_POINT('',(-13.1,4.6,18.7));
#18887=CARTESIAN_POINT('',(-13.1,4.6,15.));
#18888=CARTESIAN_POINT('',(-13.1,4.6,15.));
#18889=CARTESIAN_POINT('',(-13.1,18.4,13.9));
#18890=CARTESIAN_POINT('',(-13.1,4.8,13.9));
#18891=CARTESIAN_POINT('',(-13.1,4.8,13.7));
#18892=CARTESIAN_POINT('',(-13.1,4.6,13.7));
#18893=CARTESIAN_POINT('',(-13.1,4.6,13.7));
#18894=CARTESIAN_POINT('',(-13.1,4.6,10.));
#18895=CARTESIAN_POINT('',(-13.1,4.6,10.));
#18896=CARTESIAN_POINT('',(-9.68992103548919,18.292836282906,25.));
#18897=CARTESIAN_POINT('',(-9.68992103548919,18.292836282906,8.9));
#18898=CARTESIAN_POINT('',(-10.6,17.2082464074058,8.9));
#18899=CARTESIAN_POINT('',(-9.68992103548919,18.292836282906,10.));
#18900=CARTESIAN_POINT('',(-10.6,17.2082464074058,10.));
#18901=CARTESIAN_POINT('',(-10.6,17.2082464074058,25.));
#18902=CARTESIAN_POINT('',(-10.6,17.2082464074058,13.9));
#18903=CARTESIAN_POINT('',(-9.68992103548919,18.292836282906,13.9));
#18904=CARTESIAN_POINT('',(-9.68992103548919,18.292836282906,15.));
#18905=CARTESIAN_POINT('',(-10.6,17.2082464074058,15.));
#18906=CARTESIAN_POINT('',(-10.6,17.2082464074058,25.));
#18907=CARTESIAN_POINT('',(-10.6,17.2082464074058,18.9));
#18908=CARTESIAN_POINT('',(-9.68992103548919,18.292836282906,18.9));
#18909=CARTESIAN_POINT('',(-9.68992103548919,18.292836282906,20.));
#18910=CARTESIAN_POINT('',(-10.6,17.2082464074058,20.));
#18911=CARTESIAN_POINT('',(-10.6,17.2082464074058,25.));
#18912=CARTESIAN_POINT('',(-10.6,17.2082464074058,23.9));
#18913=CARTESIAN_POINT('',(-9.68992103548919,18.292836282906,23.9));
#18914=CARTESIAN_POINT('',(-9.68992103548919,18.292836282906,25.));
#18915=CARTESIAN_POINT('',(-9.68992103548919,18.292836282906,25.));
#18916=CARTESIAN_POINT('',(-9.68992103548919,18.292836282906,25.));
#18917=CARTESIAN_POINT('',(-9.68992103548919,18.292836282906,-1.5));
#18918=CARTESIAN_POINT('',(-9.68992103548919,18.292836282906,-1.5));
#18919=CARTESIAN_POINT('',(-13.0298133329357,14.3125076385464,-1.5));
#18920=CARTESIAN_POINT('',(-13.0298133329357,14.3125076385464,25.));
#18921=CARTESIAN_POINT('',(-13.0298133329357,14.3125076385464,0.));
#18922=CARTESIAN_POINT('',(-9.68992103548919,18.292836282906,0.));
#18923=CARTESIAN_POINT('',(-10.6,17.2082464074058,0.));
#18924=CARTESIAN_POINT('',(-10.6,17.2082464074058,25.));
#18925=CARTESIAN_POINT('',(-10.6,17.2082464074058,3.9));
#18926=CARTESIAN_POINT('',(-9.68992103548919,18.292836282906,3.9));
#18927=CARTESIAN_POINT('',(-9.68992103548919,18.292836282906,5.));
#18928=CARTESIAN_POINT('',(-10.6,17.2082464074058,5.));
#18929=CARTESIAN_POINT('',(-10.6,17.2082464074058,25.));
#18930=CARTESIAN_POINT('',(-12.8,14.1196713556404,25.));
#18931=CARTESIAN_POINT('',(-12.8,14.1196713556404,0.));
#18932=CARTESIAN_POINT('',(-12.8,14.1196713556404,-1.5));
#18933=CARTESIAN_POINT('',(-4.2,2.1,24.4));
#18934=CARTESIAN_POINT('',(-4.2,2.1,20.));
#18935=CARTESIAN_POINT('',(-5.68660687473185,2.1,20.));
#18936=CARTESIAN_POINT('',(-8.75,2.1,20.));
#18937=CARTESIAN_POINT('',(-5.68660687473185,2.1,20.));
#18938=CARTESIAN_POINT('',(-5.82113930385224,2.1,21.4666434493681));
#18939=CARTESIAN_POINT('',(-5.95536447469689,2.1,22.9333150655438));
#18940=CARTESIAN_POINT('',(-6.08944436276912,2.1,24.4));
#18941=CARTESIAN_POINT('',(-6.08944436276912,2.1,24.4));
#18942=CARTESIAN_POINT('',(-4.2,2.1,24.4));
#18943=CARTESIAN_POINT('',(-8.75,2.1,24.4));
#18944=CARTESIAN_POINT('',(-8.75,2.1,24.4));
#18945=CARTESIAN_POINT('',(-4.2,2.1,21.8));
#18946=CARTESIAN_POINT('',(-7.8,2.1,21.8));
#18947=CARTESIAN_POINT('',(-8.6,2.1,21.8));
#18948=CARTESIAN_POINT('',(-8.6,2.1,24.4));
#18949=CARTESIAN_POINT('',(-8.6,2.1,22.8));
#18950=CARTESIAN_POINT('',(-4.2,2.1,22.8));
#18951=CARTESIAN_POINT('',(-7.8,2.1,22.8));
#18952=CARTESIAN_POINT('',(-7.8,2.1,24.4));
#18953=CARTESIAN_POINT('',(1.6,3.2,24.4));
#18954=CARTESIAN_POINT('',(1.1788897449072,3.2,20.));
#18955=CARTESIAN_POINT('',(1.1788897449072,3.2,20.));
#18956=CARTESIAN_POINT('',(1.1788897449072,3.2,22.9));
#18957=CARTESIAN_POINT('',(1.1788897449072,3.2,22.9));
#18958=CARTESIAN_POINT('',(0.929941559158521,3.2,23.3808547046343));
#18959=CARTESIAN_POINT('',(0.741023246747588,3.2,23.889438505768));
#18960=CARTESIAN_POINT('',(0.558359213500125,3.2,24.4));
#18961=CARTESIAN_POINT('',(0.558359213500126,3.2,24.4));
#18962=CARTESIAN_POINT('',(1.6,3.2,24.4));
#18963=CARTESIAN_POINT('',(-2.8143593539449,3.2,24.4));
#18964=CARTESIAN_POINT('',(-2.8143593539449,3.2,24.4));
#18965=CARTESIAN_POINT('',(-2.99770131702125,3.2,22.9292069274593));
#18966=CARTESIAN_POINT('',(-3.18592997702456,3.2,21.458310468519));
#18967=CARTESIAN_POINT('',(-3.45166852264521,3.2,20.));
#18968=CARTESIAN_POINT('',(-3.45166852264516,3.19999999999997,20.));
#18969=CARTESIAN_POINT('',(1.6,3.2,20.));
#18970=CARTESIAN_POINT('',(1.6,3.2,21.8));
#18971=CARTESIAN_POINT('',(0.4,3.2,21.8));
#18972=CARTESIAN_POINT('',(-0.4,3.2,21.8));
#18973=CARTESIAN_POINT('',(-0.4,3.2,24.4));
#18974=CARTESIAN_POINT('',(-0.4,3.2,22.8));
#18975=CARTESIAN_POINT('',(1.6,3.2,22.8));
#18976=CARTESIAN_POINT('',(0.4,3.2,22.8));
#18977=CARTESIAN_POINT('',(0.4,3.2,24.4));
#18978=CARTESIAN_POINT('',(-4.2,2.1,19.4));
#18979=CARTESIAN_POINT('',(-4.2,2.1,15.));
#18980=CARTESIAN_POINT('',(-5.68660687473185,2.1,15.));
#18981=CARTESIAN_POINT('',(-8.75,2.1,15.));
#18982=CARTESIAN_POINT('',(-5.68660687473185,2.1,15.));
#18983=CARTESIAN_POINT('',(-5.82113930385224,2.1,16.4666434493681));
#18984=CARTESIAN_POINT('',(-5.95536447469689,2.1,17.9333150655438));
#18985=CARTESIAN_POINT('',(-6.08944436276912,2.1,19.4));
#18986=CARTESIAN_POINT('',(-6.08944436276912,2.1,19.4));
#18987=CARTESIAN_POINT('',(-4.2,2.1,19.4));
#18988=CARTESIAN_POINT('',(-8.75,2.1,19.4));
#18989=CARTESIAN_POINT('',(-8.75,2.1,19.4));
#18990=CARTESIAN_POINT('',(-4.2,2.1,16.8));
#18991=CARTESIAN_POINT('',(-7.8,2.1,16.8));
#18992=CARTESIAN_POINT('',(-8.6,2.1,16.8));
#18993=CARTESIAN_POINT('',(-8.6,2.1,19.4));
#18994=CARTESIAN_POINT('',(-8.6,2.1,17.8));
#18995=CARTESIAN_POINT('',(-4.2,2.1,17.8));
#18996=CARTESIAN_POINT('',(-7.8,2.1,17.8));
#18997=CARTESIAN_POINT('',(-7.8,2.1,19.4));
#18998=CARTESIAN_POINT('',(1.6,3.2,19.4));
#18999=CARTESIAN_POINT('',(1.1788897449072,3.2,15.));
#19000=CARTESIAN_POINT('',(1.1788897449072,3.2,15.));
#19001=CARTESIAN_POINT('',(1.1788897449072,3.2,17.9));
#19002=CARTESIAN_POINT('',(1.1788897449072,3.2,17.9));
#19003=CARTESIAN_POINT('',(0.929941559158521,3.2,18.3808547046342));
#19004=CARTESIAN_POINT('',(0.741023246747588,3.2,18.889438505768));
#19005=CARTESIAN_POINT('',(0.558359213500125,3.2,19.4));
#19006=CARTESIAN_POINT('',(0.558359213500126,3.2,19.4));
#19007=CARTESIAN_POINT('',(1.6,3.2,19.4));
#19008=CARTESIAN_POINT('',(-2.8143593539449,3.2,19.4));
#19009=CARTESIAN_POINT('',(-2.8143593539449,3.2,19.4));
#19010=CARTESIAN_POINT('',(-2.99770131702125,3.2,17.9292069274593));
#19011=CARTESIAN_POINT('',(-3.18592997702456,3.2,16.458310468519));
#19012=CARTESIAN_POINT('',(-3.45166852264521,3.2,15.));
#19013=CARTESIAN_POINT('',(-3.45166852264516,3.19999999999997,15.));
#19014=CARTESIAN_POINT('',(1.6,3.2,15.));
#19015=CARTESIAN_POINT('',(1.6,3.2,16.8));
#19016=CARTESIAN_POINT('',(0.4,3.2,16.8));
#19017=CARTESIAN_POINT('',(-0.4,3.2,16.8));
#19018=CARTESIAN_POINT('',(-0.4,3.2,19.4));
#19019=CARTESIAN_POINT('',(-0.4,3.2,17.8));
#19020=CARTESIAN_POINT('',(1.6,3.2,17.8));
#19021=CARTESIAN_POINT('',(0.4,3.2,17.8));
#19022=CARTESIAN_POINT('',(0.4,3.2,19.4));
#19023=CARTESIAN_POINT('',(-4.2,2.1,14.4));
#19024=CARTESIAN_POINT('',(-4.2,2.1,10.));
#19025=CARTESIAN_POINT('',(-5.68660687473185,2.1,10.));
#19026=CARTESIAN_POINT('',(-8.75,2.1,10.));
#19027=CARTESIAN_POINT('',(-5.68660687473185,2.1,10.));
#19028=CARTESIAN_POINT('',(-5.82113930385224,2.1,11.4666434493681));
#19029=CARTESIAN_POINT('',(-5.95536447469689,2.1,12.9333150655438));
#19030=CARTESIAN_POINT('',(-6.08944436276912,2.1,14.4));
#19031=CARTESIAN_POINT('',(-6.08944436276912,2.1,14.4));
#19032=CARTESIAN_POINT('',(-4.2,2.1,14.4));
#19033=CARTESIAN_POINT('',(-8.75,2.1,14.4));
#19034=CARTESIAN_POINT('',(-8.75,2.1,14.4));
#19035=CARTESIAN_POINT('',(-4.2,2.1,11.8));
#19036=CARTESIAN_POINT('',(-7.8,2.1,11.8));
#19037=CARTESIAN_POINT('',(-8.6,2.1,11.8));
#19038=CARTESIAN_POINT('',(-8.6,2.1,14.4));
#19039=CARTESIAN_POINT('',(-8.6,2.1,12.8));
#19040=CARTESIAN_POINT('',(-4.2,2.1,12.8));
#19041=CARTESIAN_POINT('',(-7.8,2.1,12.8));
#19042=CARTESIAN_POINT('',(-7.8,2.1,14.4));
#19043=CARTESIAN_POINT('',(1.6,3.2,14.4));
#19044=CARTESIAN_POINT('',(1.1788897449072,3.2,10.));
#19045=CARTESIAN_POINT('',(1.1788897449072,3.2,10.));
#19046=CARTESIAN_POINT('',(1.1788897449072,3.2,12.9));
#19047=CARTESIAN_POINT('',(1.1788897449072,3.2,12.9));
#19048=CARTESIAN_POINT('',(0.92994155915852,3.2,13.3808547046342));
#19049=CARTESIAN_POINT('',(0.741023246747588,3.2,13.889438505768));
#19050=CARTESIAN_POINT('',(0.558359213500124,3.2,14.4));
#19051=CARTESIAN_POINT('',(0.558359213500126,3.2,14.4));
#19052=CARTESIAN_POINT('',(1.6,3.2,14.4));
#19053=CARTESIAN_POINT('',(-2.8143593539449,3.2,14.4));
#19054=CARTESIAN_POINT('',(-2.8143593539449,3.2,14.4));
#19055=CARTESIAN_POINT('',(-2.99770131702125,3.2,12.9292069274593));
#19056=CARTESIAN_POINT('',(-3.18592997702456,3.2,11.458310468519));
#19057=CARTESIAN_POINT('',(-3.45166852264521,3.2,10.));
#19058=CARTESIAN_POINT('',(-3.45166852264516,3.19999999999997,10.));
#19059=CARTESIAN_POINT('',(1.6,3.2,10.));
#19060=CARTESIAN_POINT('',(1.6,3.2,11.8));
#19061=CARTESIAN_POINT('',(0.4,3.2,11.8));
#19062=CARTESIAN_POINT('',(-0.4,3.2,11.8));
#19063=CARTESIAN_POINT('',(-0.4,3.2,14.4));
#19064=CARTESIAN_POINT('',(-0.4,3.2,12.8));
#19065=CARTESIAN_POINT('',(1.6,3.2,12.8));
#19066=CARTESIAN_POINT('',(0.4,3.2,12.8));
#19067=CARTESIAN_POINT('',(0.4,3.2,14.4));
#19068=CARTESIAN_POINT('',(-4.2,2.1,9.4));
#19069=CARTESIAN_POINT('',(-4.2,2.1,5.));
#19070=CARTESIAN_POINT('',(-5.68660687473185,2.1,5.));
#19071=CARTESIAN_POINT('',(-8.75,2.1,5.));
#19072=CARTESIAN_POINT('',(-5.68660687473185,2.1,5.));
#19073=CARTESIAN_POINT('',(-5.82113930385224,2.1,6.46664344936815));
#19074=CARTESIAN_POINT('',(-5.95536447469689,2.1,7.93331506554384));
#19075=CARTESIAN_POINT('',(-6.08944436276912,2.1,9.4));
#19076=CARTESIAN_POINT('',(-6.08944436276912,2.1,9.4));
#19077=CARTESIAN_POINT('',(-4.2,2.1,9.4));
#19078=CARTESIAN_POINT('',(-8.75,2.1,9.4));
#19079=CARTESIAN_POINT('',(-8.75,2.1,9.4));
#19080=CARTESIAN_POINT('',(-4.2,2.1,6.8));
#19081=CARTESIAN_POINT('',(-7.8,2.1,6.8));
#19082=CARTESIAN_POINT('',(-8.6,2.1,6.8));
#19083=CARTESIAN_POINT('',(-8.6,2.1,9.4));
#19084=CARTESIAN_POINT('',(-8.6,2.1,7.8));
#19085=CARTESIAN_POINT('',(-4.2,2.1,7.8));
#19086=CARTESIAN_POINT('',(-7.8,2.1,7.8));
#19087=CARTESIAN_POINT('',(-7.8,2.1,9.4));
#19088=CARTESIAN_POINT('',(1.6,3.2,9.4));
#19089=CARTESIAN_POINT('',(1.1788897449072,3.2,5.));
#19090=CARTESIAN_POINT('',(1.1788897449072,3.2,5.));
#19091=CARTESIAN_POINT('',(1.1788897449072,3.2,7.9));
#19092=CARTESIAN_POINT('',(1.1788897449072,3.2,7.9));
#19093=CARTESIAN_POINT('',(0.929941559158521,3.2,8.38085470463425));
#19094=CARTESIAN_POINT('',(0.741023246747588,3.2,8.88943850576799));
#19095=CARTESIAN_POINT('',(0.558359213500124,3.2,9.4));
#19096=CARTESIAN_POINT('',(0.558359213500126,3.2,9.4));
#19097=CARTESIAN_POINT('',(1.6,3.2,9.4));
#19098=CARTESIAN_POINT('',(-2.8143593539449,3.2,9.4));
#19099=CARTESIAN_POINT('',(-2.8143593539449,3.2,9.4));
#19100=CARTESIAN_POINT('',(-2.99770131702125,3.2,7.92920692745927));
#19101=CARTESIAN_POINT('',(-3.18592997702456,3.2,6.45831046851904));
#19102=CARTESIAN_POINT('',(-3.45166852264521,3.2,5.00000000000001));
#19103=CARTESIAN_POINT('',(-3.45166852264516,3.19999999999997,5.));
#19104=CARTESIAN_POINT('',(1.6,3.2,5.));
#19105=CARTESIAN_POINT('',(1.6,3.2,6.8));
#19106=CARTESIAN_POINT('',(0.4,3.2,6.8));
#19107=CARTESIAN_POINT('',(-0.4,3.2,6.8));
#19108=CARTESIAN_POINT('',(-0.4,3.2,9.4));
#19109=CARTESIAN_POINT('',(-0.4,3.2,7.8));
#19110=CARTESIAN_POINT('',(1.6,3.2,7.8));
#19111=CARTESIAN_POINT('',(0.4,3.2,7.8));
#19112=CARTESIAN_POINT('',(0.4,3.2,9.4));
#19113=CARTESIAN_POINT('',(-4.2,2.1,4.4));
#19114=CARTESIAN_POINT('',(-4.2,2.1,0.));
#19115=CARTESIAN_POINT('',(-5.68660687473185,2.1,0.));
#19116=CARTESIAN_POINT('',(-8.75,2.1,0.));
#19117=CARTESIAN_POINT('',(-5.68660687473185,2.1,2.11368325562075E-16));
#19118=CARTESIAN_POINT('',(-5.82113930385224,2.1,1.46664344936815));
#19119=CARTESIAN_POINT('',(-5.95536447469689,2.1,2.93331506554384));
#19120=CARTESIAN_POINT('',(-6.08944436276912,2.1,4.4));
#19121=CARTESIAN_POINT('',(-6.08944436276912,2.1,4.4));
#19122=CARTESIAN_POINT('',(-4.2,2.1,4.4));
#19123=CARTESIAN_POINT('',(-8.75,2.1,4.4));
#19124=CARTESIAN_POINT('',(-8.75,2.1,4.4));
#19125=CARTESIAN_POINT('',(-4.2,2.1,1.8));
#19126=CARTESIAN_POINT('',(-7.8,2.1,1.8));
#19127=CARTESIAN_POINT('',(-8.6,2.1,1.8));
#19128=CARTESIAN_POINT('',(-8.6,2.1,4.4));
#19129=CARTESIAN_POINT('',(-8.6,2.1,2.8));
#19130=CARTESIAN_POINT('',(-4.2,2.1,2.8));
#19131=CARTESIAN_POINT('',(-7.8,2.1,2.8));
#19132=CARTESIAN_POINT('',(-7.8,2.1,4.4));
#19133=CARTESIAN_POINT('',(1.6,3.2,4.4));
#19134=CARTESIAN_POINT('',(1.1788897449072,3.2,0.));
#19135=CARTESIAN_POINT('',(1.1788897449072,3.2,0.));
#19136=CARTESIAN_POINT('',(1.1788897449072,3.2,2.9));
#19137=CARTESIAN_POINT('',(1.1788897449072,3.2,2.9));
#19138=CARTESIAN_POINT('',(0.92994155915852,3.2,3.38085470463425));
#19139=CARTESIAN_POINT('',(0.741023246747588,3.2,3.88943850576799));
#19140=CARTESIAN_POINT('',(0.558359213500125,3.2,4.4));
#19141=CARTESIAN_POINT('',(0.558359213500126,3.2,4.4));
#19142=CARTESIAN_POINT('',(1.6,3.2,4.4));
#19143=CARTESIAN_POINT('',(-2.8143593539449,3.2,4.4));
#19144=CARTESIAN_POINT('',(-2.8143593539449,3.2,4.4));
#19145=CARTESIAN_POINT('',(-2.99770131702125,3.2,2.92920692745927));
#19146=CARTESIAN_POINT('',(-3.18592997702456,3.2,1.45831046851904));
#19147=CARTESIAN_POINT('',(-3.45166852264521,3.2,9.47116127673541E-15));
#19148=CARTESIAN_POINT('',(-3.45166852264516,3.19999999999997,0.));
#19149=CARTESIAN_POINT('',(1.6,3.2,0.));
#19150=CARTESIAN_POINT('',(1.6,3.2,1.8));
#19151=CARTESIAN_POINT('',(0.4,3.2,1.8));
#19152=CARTESIAN_POINT('',(-0.4,3.2,1.8));
#19153=CARTESIAN_POINT('',(-0.4,3.2,4.4));
#19154=CARTESIAN_POINT('',(-0.4,3.2,2.8));
#19155=CARTESIAN_POINT('',(1.6,3.2,2.8));
#19156=CARTESIAN_POINT('',(0.4,3.2,2.8));
#19157=CARTESIAN_POINT('',(0.4,3.2,4.4));
#19158=CARTESIAN_POINT('',(2.19999999999999,17.,24.4));
#19159=CARTESIAN_POINT('',(1.9,2.,24.4));
#19160=CARTESIAN_POINT('',(3.6,1.40839202169004,24.4));
#19161=CARTESIAN_POINT('',(3.6,0.3,24.4));
#19162=CARTESIAN_POINT('',(3.6,0.3,24.4));
#19163=CARTESIAN_POINT('',(3.3,0.3,24.4));
#19164=CARTESIAN_POINT('',(3.3,0.,24.4));
#19165=CARTESIAN_POINT('',(-12.8,0.,24.4));
#19166=CARTESIAN_POINT('',(-4.2,0.,24.4));
#19167=CARTESIAN_POINT('',(-4.2,1.9,24.4));
#19168=CARTESIAN_POINT('',(1.6,14.243190249582,24.4));
#19169=CARTESIAN_POINT('',(1.6,14.243190249582,24.4));
#19170=CARTESIAN_POINT('',(1.6,6.82667994693185,24.4));
#19171=CARTESIAN_POINT('',(1.6,3.77482393492988,24.4));
#19172=CARTESIAN_POINT('',(1.6,3.77482393492989,24.4));
#19173=CARTESIAN_POINT('',(1.6,3.6395612496819,23.8998594764979));
#19174=CARTESIAN_POINT('',(1.6,3.50393385910957,23.3998177350939));
#19175=CARTESIAN_POINT('',(1.6,3.36747943311773,22.9));
#19176=CARTESIAN_POINT('',(1.6,3.36747943311773,22.9));
#19177=CARTESIAN_POINT('',(1.6,3.36747943311773,20.));
#19178=CARTESIAN_POINT('',(1.6,3.36747943311773,20.));
#19179=CARTESIAN_POINT('',(1.6,14.243190249582,20.));
#19180=CARTESIAN_POINT('',(1.6,7.13252056688227,20.));
#19181=CARTESIAN_POINT('',(1.6,7.13252056688227,20.));
#19182=CARTESIAN_POINT('',(1.6,7.03014451956295,21.4666366958891));
#19183=CARTESIAN_POINT('',(1.6,6.92827607267739,22.9333088786161));
#19184=CARTESIAN_POINT('',(1.6,6.82667994693185,24.4));
#19185=CARTESIAN_POINT('',(2.19999999999999,17.,19.4));
#19186=CARTESIAN_POINT('',(1.9,2.,19.4));
#19187=CARTESIAN_POINT('',(3.6,1.40839202169004,19.4));
#19188=CARTESIAN_POINT('',(3.6,0.3,19.4));
#19189=CARTESIAN_POINT('',(3.6,0.3,19.4));
#19190=CARTESIAN_POINT('',(3.3,0.3,19.4));
#19191=CARTESIAN_POINT('',(3.3,0.,19.4));
#19192=CARTESIAN_POINT('',(-12.8,0.,19.4));
#19193=CARTESIAN_POINT('',(-4.2,0.,19.4));
#19194=CARTESIAN_POINT('',(-4.2,1.9,19.4));
#19195=CARTESIAN_POINT('',(1.6,14.243190249582,19.4));
#19196=CARTESIAN_POINT('',(1.6,14.243190249582,19.4));
#19197=CARTESIAN_POINT('',(1.6,6.82667994693185,19.4));
#19198=CARTESIAN_POINT('',(1.6,3.77482393492988,19.4));
#19199=CARTESIAN_POINT('',(1.6,3.77482393492989,19.4));
#19200=CARTESIAN_POINT('',(1.6,3.6395612496819,18.8998594764979));
#19201=CARTESIAN_POINT('',(1.6,3.50393385910957,18.3998177350939));
#19202=CARTESIAN_POINT('',(1.6,3.36747943311773,17.9));
#19203=CARTESIAN_POINT('',(1.6,3.36747943311773,17.9));
#19204=CARTESIAN_POINT('',(1.6,3.36747943311773,15.));
#19205=CARTESIAN_POINT('',(1.6,3.36747943311773,15.));
#19206=CARTESIAN_POINT('',(1.6,14.243190249582,15.));
#19207=CARTESIAN_POINT('',(1.6,7.13252056688227,15.));
#19208=CARTESIAN_POINT('',(1.6,7.13252056688227,15.));
#19209=CARTESIAN_POINT('',(1.6,7.03014451956295,16.4666366958891));
#19210=CARTESIAN_POINT('',(1.6,6.92827607267739,17.9333088786161));
#19211=CARTESIAN_POINT('',(1.6,6.82667994693185,19.4));
#19212=CARTESIAN_POINT('',(2.19999999999999,17.,14.4));
#19213=CARTESIAN_POINT('',(1.9,2.,14.4));
#19214=CARTESIAN_POINT('',(3.6,1.40839202169004,14.4));
#19215=CARTESIAN_POINT('',(3.6,0.3,14.4));
#19216=CARTESIAN_POINT('',(3.6,0.3,14.4));
#19217=CARTESIAN_POINT('',(3.3,0.3,14.4));
#19218=CARTESIAN_POINT('',(3.3,0.,14.4));
#19219=CARTESIAN_POINT('',(-12.8,0.,14.4));
#19220=CARTESIAN_POINT('',(-4.2,0.,14.4));
#19221=CARTESIAN_POINT('',(-4.2,1.9,14.4));
#19222=CARTESIAN_POINT('',(1.6,14.243190249582,14.4));
#19223=CARTESIAN_POINT('',(1.6,14.243190249582,14.4));
#19224=CARTESIAN_POINT('',(1.6,6.82667994693185,14.4));
#19225=CARTESIAN_POINT('',(1.6,3.77482393492988,14.4));
#19226=CARTESIAN_POINT('',(1.6,3.77482393492988,14.4));
#19227=CARTESIAN_POINT('',(1.6,3.6395612496819,13.8998594764979));
#19228=CARTESIAN_POINT('',(1.6,3.50393385910957,13.3998177350939));
#19229=CARTESIAN_POINT('',(1.6,3.36747943311773,12.9));
#19230=CARTESIAN_POINT('',(1.6,3.36747943311773,12.9));
#19231=CARTESIAN_POINT('',(1.6,3.36747943311773,10.));
#19232=CARTESIAN_POINT('',(1.6,3.36747943311773,10.));
#19233=CARTESIAN_POINT('',(1.6,14.243190249582,10.));
#19234=CARTESIAN_POINT('',(1.6,7.13252056688227,10.));
#19235=CARTESIAN_POINT('',(1.6,7.13252056688227,10.));
#19236=CARTESIAN_POINT('',(1.6,7.03014451956295,11.4666366958891));
#19237=CARTESIAN_POINT('',(1.6,6.92827607267739,12.9333088786161));
#19238=CARTESIAN_POINT('',(1.6,6.82667994693185,14.4));
#19239=CARTESIAN_POINT('',(2.19999999999999,17.,9.4));
#19240=CARTESIAN_POINT('',(1.9,2.,9.4));
#19241=CARTESIAN_POINT('',(3.6,1.40839202169004,9.4));
#19242=CARTESIAN_POINT('',(3.6,0.3,9.4));
#19243=CARTESIAN_POINT('',(3.6,0.3,9.4));
#19244=CARTESIAN_POINT('',(3.3,0.3,9.4));
#19245=CARTESIAN_POINT('',(3.3,0.,9.4));
#19246=CARTESIAN_POINT('',(-12.8,0.,9.4));
#19247=CARTESIAN_POINT('',(-4.2,0.,9.4));
#19248=CARTESIAN_POINT('',(-4.2,1.9,9.4));
#19249=CARTESIAN_POINT('',(1.6,14.243190249582,9.4));
#19250=CARTESIAN_POINT('',(1.6,14.243190249582,9.4));
#19251=CARTESIAN_POINT('',(1.6,6.82667994693185,9.4));
#19252=CARTESIAN_POINT('',(1.6,3.77482393492988,9.4));
#19253=CARTESIAN_POINT('',(1.6,3.77482393492988,9.4));
#19254=CARTESIAN_POINT('',(1.6,3.6395612496819,8.89985947649788));
#19255=CARTESIAN_POINT('',(1.6,3.50393385910957,8.3998177350939));
#19256=CARTESIAN_POINT('',(1.6,3.36747943311773,7.9));
#19257=CARTESIAN_POINT('',(1.6,3.36747943311773,7.9));
#19258=CARTESIAN_POINT('',(1.6,3.36747943311773,5.));
#19259=CARTESIAN_POINT('',(1.6,3.36747943311773,5.));
#19260=CARTESIAN_POINT('',(1.6,14.243190249582,5.));
#19261=CARTESIAN_POINT('',(1.6,7.13252056688227,5.));
#19262=CARTESIAN_POINT('',(1.6,7.13252056688227,5.));
#19263=CARTESIAN_POINT('',(1.6,7.03014451956295,6.46663669588908));
#19264=CARTESIAN_POINT('',(1.6,6.92827607267739,7.93330887861609));
#19265=CARTESIAN_POINT('',(1.6,6.82667994693185,9.4));
#19266=CARTESIAN_POINT('',(2.19999999999999,17.,4.4));
#19267=CARTESIAN_POINT('',(1.9,2.,4.4));
#19268=CARTESIAN_POINT('',(3.6,1.40839202169004,4.4));
#19269=CARTESIAN_POINT('',(3.6,0.3,4.4));
#19270=CARTESIAN_POINT('',(3.6,0.3,4.4));
#19271=CARTESIAN_POINT('',(3.3,0.3,4.4));
#19272=CARTESIAN_POINT('',(3.3,0.,4.4));
#19273=CARTESIAN_POINT('',(-12.8,0.,4.4));
#19274=CARTESIAN_POINT('',(-4.2,0.,4.4));
#19275=CARTESIAN_POINT('',(-4.2,1.9,4.4));
#19276=CARTESIAN_POINT('',(1.6,14.243190249582,4.4));
#19277=CARTESIAN_POINT('',(1.6,14.243190249582,4.4));
#19278=CARTESIAN_POINT('',(1.6,6.82667994693185,4.4));
#19279=CARTESIAN_POINT('',(1.6,3.77482393492988,4.4));
#19280=CARTESIAN_POINT('',(1.6,3.77482393492988,4.4));
#19281=CARTESIAN_POINT('',(1.6,3.6395612496819,3.89985947649788));
#19282=CARTESIAN_POINT('',(1.6,3.50393385910957,3.3998177350939));
#19283=CARTESIAN_POINT('',(1.6,3.36747943311773,2.9));
#19284=CARTESIAN_POINT('',(1.6,3.36747943311773,2.9));
#19285=CARTESIAN_POINT('',(1.6,3.36747943311773,0.));
#19286=CARTESIAN_POINT('',(1.6,3.36747943311773,0.));
#19287=CARTESIAN_POINT('',(1.6,14.243190249582,0.));
#19288=CARTESIAN_POINT('',(1.6,7.13252056688227,0.));
#19289=CARTESIAN_POINT('',(1.6,7.13252056688227,-6.65484745105723E-16));
#19290=CARTESIAN_POINT('',(1.6,7.03014451956295,1.46663669588908));
#19291=CARTESIAN_POINT('',(1.6,6.92827607267739,2.93330887861609));
#19292=CARTESIAN_POINT('',(1.6,6.82667994693185,4.4));
#19293=CARTESIAN_POINT('',(2.19999999999999,17.,24.4));
#19294=CARTESIAN_POINT('',(1.9,2.,24.4));
#19295=CARTESIAN_POINT('',(3.6,2.59160797831115,24.4000000000012));
#19296=CARTESIAN_POINT('',(1.9,8.5,24.4));
#19297=CARTESIAN_POINT('',(3.6,8.5,24.4));
#19298=CARTESIAN_POINT('',(3.6,0.3,24.4));
#19299=CARTESIAN_POINT('',(1.6,14.243190249582,24.4));
#19300=CARTESIAN_POINT('',(1.6,14.243190249582,24.4));
#19301=CARTESIAN_POINT('',(1.6,14.243190249582,24.4));
#19302=CARTESIAN_POINT('',(1.6,10.1733200530682,24.4));
#19303=CARTESIAN_POINT('',(1.6,10.1733200530682,24.4));
#19304=CARTESIAN_POINT('',(1.6,10.0717239227912,22.933308813199));
#19305=CARTESIAN_POINT('',(1.6,9.9698554781867,21.4666366636507));
#19306=CARTESIAN_POINT('',(1.6,9.86747943311773,20.));
#19307=CARTESIAN_POINT('',(1.6,9.86747943311773,20.));
#19308=CARTESIAN_POINT('',(1.6,14.243190249582,20.));
#19309=CARTESIAN_POINT('',(1.6,14.243190249582,20.));
#19310=CARTESIAN_POINT('',(1.6,14.243190249582,24.4));
#19311=CARTESIAN_POINT('',(2.19999999999999,17.,19.4));
#19312=CARTESIAN_POINT('',(1.9,2.,19.4));
#19313=CARTESIAN_POINT('',(3.6,2.59160797831115,19.4000000000012));
#19314=CARTESIAN_POINT('',(1.9,8.5,19.4));
#19315=CARTESIAN_POINT('',(3.6,8.5,19.4));
#19316=CARTESIAN_POINT('',(3.6,0.3,19.4));
#19317=CARTESIAN_POINT('',(1.6,14.243190249582,19.4));
#19318=CARTESIAN_POINT('',(1.6,14.243190249582,19.4));
#19319=CARTESIAN_POINT('',(1.6,14.243190249582,19.4));
#19320=CARTESIAN_POINT('',(1.6,10.1733200530682,19.4));
#19321=CARTESIAN_POINT('',(1.6,10.1733200530682,19.4));
#19322=CARTESIAN_POINT('',(1.6,10.0717239227912,17.933308813199));
#19323=CARTESIAN_POINT('',(1.6,9.9698554781867,16.4666366636507));
#19324=CARTESIAN_POINT('',(1.6,9.86747943311774,15.));
#19325=CARTESIAN_POINT('',(1.6,9.86747943311773,15.));
#19326=CARTESIAN_POINT('',(1.6,14.243190249582,15.));
#19327=CARTESIAN_POINT('',(1.6,14.243190249582,15.));
#19328=CARTESIAN_POINT('',(1.6,14.243190249582,19.4));
#19329=CARTESIAN_POINT('',(2.19999999999999,17.,14.4));
#19330=CARTESIAN_POINT('',(1.9,2.,14.4));
#19331=CARTESIAN_POINT('',(3.6,2.59160797831115,14.4000000000012));
#19332=CARTESIAN_POINT('',(1.9,8.5,14.4));
#19333=CARTESIAN_POINT('',(3.6,8.5,14.4));
#19334=CARTESIAN_POINT('',(3.6,0.3,14.4));
#19335=CARTESIAN_POINT('',(1.6,14.243190249582,14.4));
#19336=CARTESIAN_POINT('',(1.6,14.243190249582,14.4));
#19337=CARTESIAN_POINT('',(1.6,14.243190249582,14.4));
#19338=CARTESIAN_POINT('',(1.6,10.1733200530682,14.4));
#19339=CARTESIAN_POINT('',(1.6,10.1733200530682,14.4));
#19340=CARTESIAN_POINT('',(1.6,10.0717239227912,12.933308813199));
#19341=CARTESIAN_POINT('',(1.6,9.9698554781867,11.4666366636507));
#19342=CARTESIAN_POINT('',(1.6,9.86747943311773,10.));
#19343=CARTESIAN_POINT('',(1.6,9.86747943311773,10.));
#19344=CARTESIAN_POINT('',(1.6,14.243190249582,10.));
#19345=CARTESIAN_POINT('',(1.6,14.243190249582,10.));
#19346=CARTESIAN_POINT('',(1.6,14.243190249582,14.4));
#19347=CARTESIAN_POINT('',(2.19999999999999,17.,9.4));
#19348=CARTESIAN_POINT('',(1.9,2.,9.4));
#19349=CARTESIAN_POINT('',(3.6,2.59160797831115,9.40000000000123));
#19350=CARTESIAN_POINT('',(1.9,8.5,9.4));
#19351=CARTESIAN_POINT('',(3.6,8.5,9.4));
#19352=CARTESIAN_POINT('',(3.6,0.3,9.4));
#19353=CARTESIAN_POINT('',(1.6,14.243190249582,9.4));
#19354=CARTESIAN_POINT('',(1.6,14.243190249582,9.4));
#19355=CARTESIAN_POINT('',(1.6,14.243190249582,9.4));
#19356=CARTESIAN_POINT('',(1.6,10.1733200530682,9.4));
#19357=CARTESIAN_POINT('',(1.6,10.1733200530682,9.4));
#19358=CARTESIAN_POINT('',(1.6,10.0717239227912,7.93330881319896));
#19359=CARTESIAN_POINT('',(1.6,9.9698554781867,6.46663666365068));
#19360=CARTESIAN_POINT('',(1.6,9.86747943311773,5.));
#19361=CARTESIAN_POINT('',(1.6,9.86747943311773,5.));
#19362=CARTESIAN_POINT('',(1.6,14.243190249582,5.));
#19363=CARTESIAN_POINT('',(1.6,14.243190249582,5.));
#19364=CARTESIAN_POINT('',(1.6,14.243190249582,9.4));
#19365=CARTESIAN_POINT('',(2.19999999999999,17.,4.4));
#19366=CARTESIAN_POINT('',(1.9,2.,4.4));
#19367=CARTESIAN_POINT('',(3.6,2.59160797831115,4.40000000000123));
#19368=CARTESIAN_POINT('',(1.9,8.5,4.4));
#19369=CARTESIAN_POINT('',(3.6,8.5,4.4));
#19370=CARTESIAN_POINT('',(3.6,0.3,4.4));
#19371=CARTESIAN_POINT('',(1.6,14.243190249582,4.4));
#19372=CARTESIAN_POINT('',(1.6,14.243190249582,4.4));
#19373=CARTESIAN_POINT('',(1.6,14.243190249582,4.4));
#19374=CARTESIAN_POINT('',(1.6,10.1733200530682,4.4));
#19375=CARTESIAN_POINT('',(1.6,10.1733200530682,4.4));
#19376=CARTESIAN_POINT('',(1.6,10.0717239227912,2.93330881319896));
#19377=CARTESIAN_POINT('',(1.6,9.9698554781867,1.46663666365068));
#19378=CARTESIAN_POINT('',(1.6,9.86747943311773,-2.12154243176456E-15));
#19379=CARTESIAN_POINT('',(1.6,9.86747943311773,0.));
#19380=CARTESIAN_POINT('',(1.6,14.243190249582,0.));
#19381=CARTESIAN_POINT('',(1.6,14.243190249582,0.));
#19382=CARTESIAN_POINT('',(1.6,14.243190249582,4.4));
#19383=CARTESIAN_POINT('',(2.19999999999999,17.,24.4));
#19384=CARTESIAN_POINT('',(-4.2,1.9,24.4));
#19385=CARTESIAN_POINT('',(-12.8,0.,24.4));
#19386=CARTESIAN_POINT('',(-11.7,-1.30104260698261E-15,24.4));
#19387=CARTESIAN_POINT('',(-11.7,1.4,24.4));
#19388=CARTESIAN_POINT('',(-10.4021652647583,0.875,24.4));
#19389=CARTESIAN_POINT('',(-10.2167603025809,0.799999999999993,24.4));
#19390=CARTESIAN_POINT('',(-10.2167603025809,1.,24.4));
#19391=CARTESIAN_POINT('',(-8.75,1.,24.4));
#19392=CARTESIAN_POINT('',(-8.75,1.,24.4));
#19393=CARTESIAN_POINT('',(-8.75,2.1,24.4));
#19394=CARTESIAN_POINT('',(2.19999999999999,17.,19.4));
#19395=CARTESIAN_POINT('',(-4.2,1.9,19.4));
#19396=CARTESIAN_POINT('',(-12.8,0.,19.4));
#19397=CARTESIAN_POINT('',(-11.7,-1.30104260698261E-15,19.4));
#19398=CARTESIAN_POINT('',(-11.7,1.4,19.4));
#19399=CARTESIAN_POINT('',(-10.4021652647583,0.875,19.4));
#19400=CARTESIAN_POINT('',(-10.2167603025809,0.799999999999993,19.4));
#19401=CARTESIAN_POINT('',(-10.2167603025809,1.,19.4));
#19402=CARTESIAN_POINT('',(-8.75,1.,19.4));
#19403=CARTESIAN_POINT('',(-8.75,1.,19.4));
#19404=CARTESIAN_POINT('',(-8.75,2.1,19.4));
#19405=CARTESIAN_POINT('',(2.19999999999999,17.,14.4));
#19406=CARTESIAN_POINT('',(-4.2,1.9,14.4));
#19407=CARTESIAN_POINT('',(-12.8,0.,14.4));
#19408=CARTESIAN_POINT('',(-11.7,-1.30104260698261E-15,14.4));
#19409=CARTESIAN_POINT('',(-11.7,1.4,14.4));
#19410=CARTESIAN_POINT('',(-10.4021652647583,0.875,14.4));
#19411=CARTESIAN_POINT('',(-10.2167603025809,0.799999999999993,14.4));
#19412=CARTESIAN_POINT('',(-10.2167603025809,1.,14.4));
#19413=CARTESIAN_POINT('',(-8.75,1.,14.4));
#19414=CARTESIAN_POINT('',(-8.75,1.,14.4));
#19415=CARTESIAN_POINT('',(-8.75,2.1,14.4));
#19416=CARTESIAN_POINT('',(2.19999999999999,17.,9.4));
#19417=CARTESIAN_POINT('',(-4.2,1.9,9.4));
#19418=CARTESIAN_POINT('',(-12.8,0.,9.4));
#19419=CARTESIAN_POINT('',(-11.7,-1.30104260698261E-15,9.4));
#19420=CARTESIAN_POINT('',(-11.7,1.4,9.4));
#19421=CARTESIAN_POINT('',(-10.4021652647583,0.875,9.4));
#19422=CARTESIAN_POINT('',(-10.2167603025809,0.799999999999993,9.4));
#19423=CARTESIAN_POINT('',(-10.2167603025809,1.,9.4));
#19424=CARTESIAN_POINT('',(-8.75,1.,9.4));
#19425=CARTESIAN_POINT('',(-8.75,1.,9.4));
#19426=CARTESIAN_POINT('',(-8.75,2.1,9.4));
#19427=CARTESIAN_POINT('',(2.19999999999999,17.,4.4));
#19428=CARTESIAN_POINT('',(-4.2,1.9,4.4));
#19429=CARTESIAN_POINT('',(-12.8,0.,4.4));
#19430=CARTESIAN_POINT('',(-11.7,-1.30104260698261E-15,4.4));
#19431=CARTESIAN_POINT('',(-11.7,1.4,4.4));
#19432=CARTESIAN_POINT('',(-10.4021652647583,0.875,4.4));
#19433=CARTESIAN_POINT('',(-10.2167603025809,0.799999999999993,4.4));
#19434=CARTESIAN_POINT('',(-10.2167603025809,1.,4.4));
#19435=CARTESIAN_POINT('',(-8.75,1.,4.4));
#19436=CARTESIAN_POINT('',(-8.75,1.,4.4));
#19437=CARTESIAN_POINT('',(-8.75,2.1,4.4));
#19438=CARTESIAN_POINT('',(3.3,0.3,25.));
#19439=CARTESIAN_POINT('',(3.3,0.3,5.));
#19440=CARTESIAN_POINT('',(3.3,0.,5.));
#19441=CARTESIAN_POINT('',(3.6,0.3,5.));
#19442=CARTESIAN_POINT('',(3.3,0.,25.));
#19443=CARTESIAN_POINT('',(3.6,0.3,25.));
#19444=CARTESIAN_POINT('',(3.3,0.3,25.));
#19445=CARTESIAN_POINT('',(3.3,0.,25.));
#19446=CARTESIAN_POINT('',(3.3,0.,10.));
#19447=CARTESIAN_POINT('',(3.6,0.3,25.));
#19448=CARTESIAN_POINT('',(3.6,0.3,10.));
#19449=CARTESIAN_POINT('',(3.3,0.3,10.));
#19450=CARTESIAN_POINT('',(3.3,0.3,25.));
#19451=CARTESIAN_POINT('',(3.3,0.,25.));
#19452=CARTESIAN_POINT('',(3.3,0.,15.));
#19453=CARTESIAN_POINT('',(3.6,0.3,25.));
#19454=CARTESIAN_POINT('',(3.6,0.3,15.));
#19455=CARTESIAN_POINT('',(3.3,0.3,15.));
#19456=CARTESIAN_POINT('',(3.3,0.3,25.));
#19457=CARTESIAN_POINT('',(3.3,0.,25.));
#19458=CARTESIAN_POINT('',(3.3,0.,20.));
#19459=CARTESIAN_POINT('',(3.6,0.3,25.));
#19460=CARTESIAN_POINT('',(3.6,0.3,20.));
#19461=CARTESIAN_POINT('',(3.3,0.3,20.));
#19462=CARTESIAN_POINT('',(3.3,0.3,25.));
#19463=CARTESIAN_POINT('',(3.3,0.3,0.));
#19464=CARTESIAN_POINT('',(3.3,0.,0.));
#19465=CARTESIAN_POINT('',(3.6,0.3,0.));
#19466=CARTESIAN_POINT('',(3.3,0.,25.));
#19467=CARTESIAN_POINT('',(3.3,0.,-1.5));
#19468=CARTESIAN_POINT('',(3.3,0.3,-1.5));
#19469=CARTESIAN_POINT('',(3.6,0.3,-1.5));
#19470=CARTESIAN_POINT('',(3.6,0.3,25.));
#19471=CARTESIAN_POINT('',(-12.8,0.300000000000003,25.));
#19472=CARTESIAN_POINT('',(-12.8,0.300000000000003,-1.5));
#19473=CARTESIAN_POINT('',(-12.8,1.24683249835833E-15,-1.5));
#19474=CARTESIAN_POINT('',(-12.8,1.24683249835833E-15,25.));
#19475=CARTESIAN_POINT('',(-12.8,1.24683249835833E-15,25.));
#19476=CARTESIAN_POINT('',(-12.8,0.300000000000003,25.));
#19477=CARTESIAN_POINT('',(-12.8,0.,25.));
#19478=CARTESIAN_POINT('',(-12.8,0.,-1.5));
#19479=CARTESIAN_POINT('',(-12.8,0.,0.));
#19480=CARTESIAN_POINT('',(-11.7,-1.30104260698261E-15,0.));
#19481=CARTESIAN_POINT('',(-11.7,-1.30104260698261E-15,4.4));
#19482=CARTESIAN_POINT('',(-12.8,0.,5.));
#19483=CARTESIAN_POINT('',(-11.7,-1.30104260698261E-15,5.));
#19484=CARTESIAN_POINT('',(-11.7,-1.30104260698261E-15,9.4));
#19485=CARTESIAN_POINT('',(-12.8,0.,10.));
#19486=CARTESIAN_POINT('',(-11.7,-1.30104260698261E-15,10.));
#19487=CARTESIAN_POINT('',(-11.7,-1.30104260698261E-15,14.4));
#19488=CARTESIAN_POINT('',(-12.8,0.,15.));
#19489=CARTESIAN_POINT('',(-11.7,-1.30104260698261E-15,15.));
#19490=CARTESIAN_POINT('',(-11.7,-1.30104260698261E-15,19.4));
#19491=CARTESIAN_POINT('',(-12.8,0.,20.));
#19492=CARTESIAN_POINT('',(-11.7,-1.30104260698261E-15,20.));
#19493=CARTESIAN_POINT('',(-11.7,-1.30104260698261E-15,24.4));
#19494=CARTESIAN_POINT('',(3.3,0.,25.));
#19495=CARTESIAN_POINT('',(3.3,0.,25.));
#19496=CARTESIAN_POINT('',(-12.8,0.,25.));
#19497=CARTESIAN_POINT('',(3.3,0.3,25.));
#19498=CARTESIAN_POINT('',(3.6,0.3,25.));
#19499=CARTESIAN_POINT('',(3.6,0.3,25.));
#19500=CARTESIAN_POINT('',(3.3,0.3,25.));
#19501=CARTESIAN_POINT('',(3.6,0.3,25.));
#19502=CARTESIAN_POINT('',(3.6,0.3,24.4));
#19503=CARTESIAN_POINT('',(3.6,17.,24.4));
#19504=CARTESIAN_POINT('',(3.6,17.,24.4));
#19505=CARTESIAN_POINT('',(3.6,17.,20.));
#19506=CARTESIAN_POINT('',(3.6,0.3,20.));
#19507=CARTESIAN_POINT('',(3.6,1.40839202169004,19.4));
#19508=CARTESIAN_POINT('',(3.6,1.48432668834513,19.3064092612011));
#19509=CARTESIAN_POINT('',(3.6,1.6479262708551,19.1283100195732));
#19510=CARTESIAN_POINT('',(3.6,2.00105218646469,18.97306701232));
#19511=CARTESIAN_POINT('',(3.6,2.35313250063727,19.1294270316498));
#19512=CARTESIAN_POINT('',(3.6,2.51606515905638,19.3068922196364));
#19513=CARTESIAN_POINT('',(3.6,2.59160797831102,19.4000000000013));
#19514=CARTESIAN_POINT('',(3.6,0.3,19.4));
#19515=CARTESIAN_POINT('',(3.6,17.,19.4));
#19516=CARTESIAN_POINT('',(3.6,17.,19.4));
#19517=CARTESIAN_POINT('',(3.6,17.,15.));
#19518=CARTESIAN_POINT('',(3.6,0.3,15.));
#19519=CARTESIAN_POINT('',(3.6,1.40839202169004,14.4));
#19520=CARTESIAN_POINT('',(3.6,1.48432668834513,14.3064092612011));
#19521=CARTESIAN_POINT('',(3.6,1.64792627085509,14.1283100195732));
#19522=CARTESIAN_POINT('',(3.6,2.00105218646469,13.9730670123201));
#19523=CARTESIAN_POINT('',(3.6,2.35313250063727,14.1294270316498));
#19524=CARTESIAN_POINT('',(3.6,2.51606515905639,14.3068922196364));
#19525=CARTESIAN_POINT('',(3.6,2.59160797831103,14.4000000000013));
#19526=CARTESIAN_POINT('',(3.6,0.3,14.4));
#19527=CARTESIAN_POINT('',(3.6,17.,14.4));
#19528=CARTESIAN_POINT('',(3.6,17.,14.4));
#19529=CARTESIAN_POINT('',(3.6,17.,10.));
#19530=CARTESIAN_POINT('',(3.6,0.3,10.));
#19531=CARTESIAN_POINT('',(3.6,1.40839202169004,9.4));
#19532=CARTESIAN_POINT('',(3.6,1.48432668834513,9.30640926120113));
#19533=CARTESIAN_POINT('',(3.6,1.64792627085509,9.12831001957316));
#19534=CARTESIAN_POINT('',(3.6,2.00105218646469,8.97306701232005));
#19535=CARTESIAN_POINT('',(3.6,2.35313250063727,9.12942703164981));
#19536=CARTESIAN_POINT('',(3.6,2.51606515905639,9.30689221963642));
#19537=CARTESIAN_POINT('',(3.6,2.59160797831103,9.4000000000013));
#19538=CARTESIAN_POINT('',(3.6,0.3,9.4));
#19539=CARTESIAN_POINT('',(3.6,17.,9.4));
#19540=CARTESIAN_POINT('',(3.6,17.,9.4));
#19541=CARTESIAN_POINT('',(3.6,17.,5.));
#19542=CARTESIAN_POINT('',(3.6,0.3,5.));
#19543=CARTESIAN_POINT('',(3.6,1.40839202169004,4.4));
#19544=CARTESIAN_POINT('',(3.6,1.48432668834513,4.30640926120113));
#19545=CARTESIAN_POINT('',(3.6,1.64792627085509,4.12831001957316));
#19546=CARTESIAN_POINT('',(3.6,2.00105218646469,3.97306701232005));
#19547=CARTESIAN_POINT('',(3.6,2.35313250063727,4.12942703164982));
#19548=CARTESIAN_POINT('',(3.6,2.51606515905639,4.30689221963642));
#19549=CARTESIAN_POINT('',(3.6,2.59160797831103,4.40000000000131));
#19550=CARTESIAN_POINT('',(3.6,0.3,4.4));
#19551=CARTESIAN_POINT('',(3.6,17.,4.4));
#19552=CARTESIAN_POINT('',(3.6,17.,4.4));
#19553=CARTESIAN_POINT('',(3.6,17.,0.));
#19554=CARTESIAN_POINT('',(3.6,0.3,0.));
#19555=CARTESIAN_POINT('',(3.6,0.3,-1.5));
#19556=CARTESIAN_POINT('',(3.6,17.9,-1.5));
#19557=CARTESIAN_POINT('',(3.6,17.9,25.));
#19558=CARTESIAN_POINT('',(3.6,17.9,25.));
#19559=CARTESIAN_POINT('',(3.6,0.3,25.));
#19560=CARTESIAN_POINT('',(3.6,1.40839202169004,24.4));
#19561=CARTESIAN_POINT('',(3.6,1.48432668834513,24.3064092612011));
#19562=CARTESIAN_POINT('',(3.6,1.6479262708551,24.1283100195732));
#19563=CARTESIAN_POINT('',(3.6,2.00105218646469,23.9730670123201));
#19564=CARTESIAN_POINT('',(3.6,2.35313250063727,24.1294270316498));
#19565=CARTESIAN_POINT('',(3.6,2.51606515905639,24.3068922196364));
#19566=CARTESIAN_POINT('',(3.6,2.59160797831103,24.4000000000013));
#19567=CARTESIAN_POINT('',(3.1,17.9,25.));
#19568=CARTESIAN_POINT('',(3.1,17.9,-1.5));
#19569=CARTESIAN_POINT('',(3.1,18.4,-1.5));
#19570=CARTESIAN_POINT('',(3.1,18.4,25.));
#19571=CARTESIAN_POINT('',(3.1,18.4,25.));
#19572=CARTESIAN_POINT('',(3.1,17.9,25.));
#19573=CARTESIAN_POINT('',(3.1,18.4,25.));
#19574=CARTESIAN_POINT('',(-7.27320508075689,18.4,6.55));
#19575=CARTESIAN_POINT('',(-7.27320508075689,18.4,6.55));
#19576=CARTESIAN_POINT('',(-7.27320508075689,18.4,8.05));
#19577=CARTESIAN_POINT('',(-6.8,18.4,6.55));
#19578=CARTESIAN_POINT('',(-6.8,18.4,6.07679491924311));
#19579=CARTESIAN_POINT('',(-5.3,18.4,6.07679491924311));
#19580=CARTESIAN_POINT('',(-5.3,18.4,6.07679491924311));
#19581=CARTESIAN_POINT('',(-5.3,18.4,6.05));
#19582=CARTESIAN_POINT('',(-5.27320508075689,18.4,6.05));
#19583=CARTESIAN_POINT('',(-5.27320508075689,18.4,6.01923048454133));
#19584=CARTESIAN_POINT('',(-5.27320508075689,18.4,6.01923048454133));
#19585=CARTESIAN_POINT('',(-4.6,18.4,6.01923048454132));
#19586=CARTESIAN_POINT('',(-4.93660254037844,18.4,5.43621778264911));
#19587=CARTESIAN_POINT('',(-3.92124355652982,18.4,4.85));
#19588=CARTESIAN_POINT('',(-3.88105117766515,18.4,4.82679491924311));
#19589=CARTESIAN_POINT('',(0.334641016151378,18.4,4.82679491924311));
#19590=CARTESIAN_POINT('',(0.381051177665153,18.4,4.82679491924311));
#19591=CARTESIAN_POINT('',(0.936602540378444,18.4,5.14754264805429));
#19592=CARTESIAN_POINT('',(0.936602540378444,18.4,5.14754264805429));
#19593=CARTESIAN_POINT('',(0.6,18.4,5.73055534994651));
#19594=CARTESIAN_POINT('',(1.27320508075689,18.4,5.73055534994651));
#19595=CARTESIAN_POINT('',(1.27320508075689,18.4,8.9));
#19596=CARTESIAN_POINT('',(1.27320508075689,18.4,8.9));
#19597=CARTESIAN_POINT('',(0.6,18.4,8.9));
#19598=CARTESIAN_POINT('',(0.6,18.4,9.57320508075689));
#19599=CARTESIAN_POINT('',(-3.85,18.4,9.57320508075689));
#19600=CARTESIAN_POINT('',(-3.85,18.4,9.57320508075689));
#19601=CARTESIAN_POINT('',(-3.85,18.4,8.90000000000001));
#19602=CARTESIAN_POINT('',(-4.18660254037845,18.4,9.48301270189222));
#19603=CARTESIAN_POINT('',(-4.93660254037844,18.4,9.05));
#19604=CARTESIAN_POINT('',(-4.93660254037844,18.4,9.05));
#19605=CARTESIAN_POINT('',(-4.6,18.4,8.46698729810778));
#19606=CARTESIAN_POINT('',(-5.26845451071742,18.4,8.54682242733309));
#19607=CARTESIAN_POINT('',(-5.29506035085059,18.4,8.55));
#19608=CARTESIAN_POINT('',(-5.29506035085059,18.4,8.52320508075689));
#19609=CARTESIAN_POINT('',(-6.8,18.4,8.52320508075689));
#19610=CARTESIAN_POINT('',(-6.8,18.4,8.52320508075689));
#19611=CARTESIAN_POINT('',(-6.8,18.4,8.05));
#19612=CARTESIAN_POINT('',(-7.27320508075689,18.4,11.55));
#19613=CARTESIAN_POINT('',(-7.27320508075689,18.4,11.55));
#19614=CARTESIAN_POINT('',(-7.27320508075689,18.4,13.05));
#19615=CARTESIAN_POINT('',(-6.8,18.4,11.55));
#19616=CARTESIAN_POINT('',(-6.8,18.4,11.0767949192431));
#19617=CARTESIAN_POINT('',(-5.3,18.4,11.0767949192431));
#19618=CARTESIAN_POINT('',(-5.3,18.4,11.0767949192431));
#19619=CARTESIAN_POINT('',(-5.3,18.4,11.05));
#19620=CARTESIAN_POINT('',(-5.27320508075689,18.4,11.05));
#19621=CARTESIAN_POINT('',(-5.27320508075689,18.4,11.0192304845413));
#19622=CARTESIAN_POINT('',(-5.27320508075689,18.4,11.0192304845413));
#19623=CARTESIAN_POINT('',(-4.6,18.4,11.0192304845413));
#19624=CARTESIAN_POINT('',(-4.93660254037844,18.4,10.4362177826491));
#19625=CARTESIAN_POINT('',(-3.92124355652982,18.4,9.85));
#19626=CARTESIAN_POINT('',(-3.88105117766515,18.4,9.82679491924311));
#19627=CARTESIAN_POINT('',(0.334641016151378,18.4,9.82679491924311));
#19628=CARTESIAN_POINT('',(0.381051177665153,18.4,9.82679491924311));
#19629=CARTESIAN_POINT('',(0.936602540378444,18.4,10.1475426480543));
#19630=CARTESIAN_POINT('',(0.936602540378444,18.4,10.1475426480543));
#19631=CARTESIAN_POINT('',(0.6,18.4,10.7305553499465));
#19632=CARTESIAN_POINT('',(1.27320508075689,18.4,10.7305553499465));
#19633=CARTESIAN_POINT('',(1.27320508075689,18.4,13.9));
#19634=CARTESIAN_POINT('',(1.27320508075689,18.4,13.9));
#19635=CARTESIAN_POINT('',(0.6,18.4,13.9));
#19636=CARTESIAN_POINT('',(0.6,18.4,14.5732050807569));
#19637=CARTESIAN_POINT('',(-3.85,18.4,14.5732050807569));
#19638=CARTESIAN_POINT('',(-3.85,18.4,14.5732050807569));
#19639=CARTESIAN_POINT('',(-3.85,18.4,13.9));
#19640=CARTESIAN_POINT('',(-4.18660254037845,18.4,14.4830127018922));
#19641=CARTESIAN_POINT('',(-4.93660254037844,18.4,14.05));
#19642=CARTESIAN_POINT('',(-4.93660254037844,18.4,14.05));
#19643=CARTESIAN_POINT('',(-4.6,18.4,13.4669872981078));
#19644=CARTESIAN_POINT('',(-5.26845451071742,18.4,13.5468224273331));
#19645=CARTESIAN_POINT('',(-5.29506035085059,18.4,13.55));
#19646=CARTESIAN_POINT('',(-5.29506035085059,18.4,13.5232050807569));
#19647=CARTESIAN_POINT('',(-6.8,18.4,13.5232050807569));
#19648=CARTESIAN_POINT('',(-6.8,18.4,13.5232050807569));
#19649=CARTESIAN_POINT('',(-6.8,18.4,13.05));
#19650=CARTESIAN_POINT('',(-7.27320508075689,18.4,16.55));
#19651=CARTESIAN_POINT('',(-7.27320508075689,18.4,16.55));
#19652=CARTESIAN_POINT('',(-7.27320508075689,18.4,18.05));
#19653=CARTESIAN_POINT('',(-6.8,18.4,16.55));
#19654=CARTESIAN_POINT('',(-6.8,18.4,16.0767949192431));
#19655=CARTESIAN_POINT('',(-5.3,18.4,16.0767949192431));
#19656=CARTESIAN_POINT('',(-5.3,18.4,16.0767949192431));
#19657=CARTESIAN_POINT('',(-5.3,18.4,16.05));
#19658=CARTESIAN_POINT('',(-5.27320508075689,18.4,16.05));
#19659=CARTESIAN_POINT('',(-5.27320508075689,18.4,16.0192304845413));
#19660=CARTESIAN_POINT('',(-5.27320508075689,18.4,16.0192304845413));
#19661=CARTESIAN_POINT('',(-4.6,18.4,16.0192304845413));
#19662=CARTESIAN_POINT('',(-4.93660254037844,18.4,15.4362177826491));
#19663=CARTESIAN_POINT('',(-3.92124355652982,18.4,14.85));
#19664=CARTESIAN_POINT('',(-3.88105117766515,18.4,14.8267949192431));
#19665=CARTESIAN_POINT('',(0.334641016151378,18.4,14.8267949192431));
#19666=CARTESIAN_POINT('',(0.381051177665153,18.4,14.8267949192431));
#19667=CARTESIAN_POINT('',(0.936602540378444,18.4,15.1475426480543));
#19668=CARTESIAN_POINT('',(0.936602540378444,18.4,15.1475426480543));
#19669=CARTESIAN_POINT('',(0.6,18.4,15.7305553499465));
#19670=CARTESIAN_POINT('',(1.27320508075689,18.4,15.7305553499465));
#19671=CARTESIAN_POINT('',(1.27320508075689,18.4,18.9));
#19672=CARTESIAN_POINT('',(1.27320508075689,18.4,18.9));
#19673=CARTESIAN_POINT('',(0.6,18.4,18.9));
#19674=CARTESIAN_POINT('',(0.6,18.4,19.5732050807569));
#19675=CARTESIAN_POINT('',(-3.85,18.4,19.5732050807569));
#19676=CARTESIAN_POINT('',(-3.85,18.4,19.5732050807569));
#19677=CARTESIAN_POINT('',(-3.85,18.4,18.9));
#19678=CARTESIAN_POINT('',(-4.18660254037845,18.4,19.4830127018922));
#19679=CARTESIAN_POINT('',(-4.93660254037844,18.4,19.05));
#19680=CARTESIAN_POINT('',(-4.93660254037844,18.4,19.05));
#19681=CARTESIAN_POINT('',(-4.6,18.4,18.4669872981078));
#19682=CARTESIAN_POINT('',(-5.26845451071742,18.4,18.5468224273331));
#19683=CARTESIAN_POINT('',(-5.29506035085059,18.4,18.55));
#19684=CARTESIAN_POINT('',(-5.29506035085059,18.4,18.5232050807569));
#19685=CARTESIAN_POINT('',(-6.8,18.4,18.5232050807569));
#19686=CARTESIAN_POINT('',(-6.8,18.4,18.5232050807569));
#19687=CARTESIAN_POINT('',(-6.8,18.4,18.05));
#19688=CARTESIAN_POINT('',(-7.27320508075689,18.4,21.55));
#19689=CARTESIAN_POINT('',(-7.27320508075689,18.4,21.55));
#19690=CARTESIAN_POINT('',(-7.27320508075689,18.4,23.05));
#19691=CARTESIAN_POINT('',(-6.8,18.4,21.55));
#19692=CARTESIAN_POINT('',(-6.8,18.4,21.0767949192431));
#19693=CARTESIAN_POINT('',(-5.3,18.4,21.0767949192431));
#19694=CARTESIAN_POINT('',(-5.3,18.4,21.0767949192431));
#19695=CARTESIAN_POINT('',(-5.3,18.4,21.05));
#19696=CARTESIAN_POINT('',(-5.27320508075689,18.4,21.05));
#19697=CARTESIAN_POINT('',(-5.27320508075689,18.4,21.0192304845413));
#19698=CARTESIAN_POINT('',(-5.27320508075689,18.4,21.0192304845413));
#19699=CARTESIAN_POINT('',(-4.6,18.4,21.0192304845413));
#19700=CARTESIAN_POINT('',(-4.93660254037844,18.4,20.4362177826491));
#19701=CARTESIAN_POINT('',(-3.92124355652982,18.4,19.85));
#19702=CARTESIAN_POINT('',(-3.88105117766515,18.4,19.8267949192431));
#19703=CARTESIAN_POINT('',(0.334641016151378,18.4,19.8267949192431));
#19704=CARTESIAN_POINT('',(0.381051177665153,18.4,19.8267949192431));
#19705=CARTESIAN_POINT('',(0.936602540378444,18.4,20.1475426480543));
#19706=CARTESIAN_POINT('',(0.936602540378444,18.4,20.1475426480543));
#19707=CARTESIAN_POINT('',(0.6,18.4,20.7305553499465));
#19708=CARTESIAN_POINT('',(1.27320508075689,18.4,20.7305553499465));
#19709=CARTESIAN_POINT('',(1.27320508075689,18.4,23.9));
#19710=CARTESIAN_POINT('',(1.27320508075689,18.4,23.9));
#19711=CARTESIAN_POINT('',(0.6,18.4,23.9));
#19712=CARTESIAN_POINT('',(0.6,18.4,24.5732050807569));
#19713=CARTESIAN_POINT('',(-3.85,18.4,24.5732050807569));
#19714=CARTESIAN_POINT('',(-3.85,18.4,24.5732050807569));
#19715=CARTESIAN_POINT('',(-3.85,18.4,23.9));
#19716=CARTESIAN_POINT('',(-4.18660254037845,18.4,24.4830127018922));
#19717=CARTESIAN_POINT('',(-4.93660254037844,18.4,24.05));
#19718=CARTESIAN_POINT('',(-4.93660254037844,18.4,24.05));
#19719=CARTESIAN_POINT('',(-4.6,18.4,23.4669872981078));
#19720=CARTESIAN_POINT('',(-5.26845451071742,18.4,23.5468224273331));
#19721=CARTESIAN_POINT('',(-5.29506035085059,18.4,23.55));
#19722=CARTESIAN_POINT('',(-5.29506035085059,18.4,23.5232050807569));
#19723=CARTESIAN_POINT('',(-6.8,18.4,23.5232050807569));
#19724=CARTESIAN_POINT('',(-6.8,18.4,23.5232050807569));
#19725=CARTESIAN_POINT('',(-6.8,18.4,23.05));
#19726=CARTESIAN_POINT('',(-7.27320508075689,18.4,1.55));
#19727=CARTESIAN_POINT('',(-7.27320508075689,18.4,1.55));
#19728=CARTESIAN_POINT('',(-7.27320508075689,18.4,3.05));
#19729=CARTESIAN_POINT('',(-6.8,18.4,1.55));
#19730=CARTESIAN_POINT('',(-6.8,18.4,1.07679491924311));
#19731=CARTESIAN_POINT('',(-5.3,18.4,1.07679491924311));
#19732=CARTESIAN_POINT('',(-5.3,18.4,1.07679491924311));
#19733=CARTESIAN_POINT('',(-5.3,18.4,1.05));
#19734=CARTESIAN_POINT('',(-5.27320508075689,18.4,1.05));
#19735=CARTESIAN_POINT('',(-5.27320508075689,18.4,1.01923048454133));
#19736=CARTESIAN_POINT('',(-5.27320508075689,18.4,1.01923048454133));
#19737=CARTESIAN_POINT('',(-4.6,18.4,1.01923048454132));
#19738=CARTESIAN_POINT('',(-4.93660254037844,18.4,0.436217782649106));
#19739=CARTESIAN_POINT('',(-3.92124355652982,18.4,-0.150000000000001));
#19740=CARTESIAN_POINT('',(-3.88105117766515,18.4,-0.173205080756889));
#19741=CARTESIAN_POINT('',(0.334641016151378,18.4,-0.173205080756889));
#19742=CARTESIAN_POINT('',(0.381051177665153,18.4,-0.173205080756889));
#19743=CARTESIAN_POINT('',(0.936602540378444,18.4,0.147542648054293));
#19744=CARTESIAN_POINT('',(0.936602540378444,18.4,0.147542648054293));
#19745=CARTESIAN_POINT('',(0.6,18.4,0.730555349946514));
#19746=CARTESIAN_POINT('',(1.27320508075689,18.4,0.730555349946513));
#19747=CARTESIAN_POINT('',(1.27320508075689,18.4,3.9));
#19748=CARTESIAN_POINT('',(1.27320508075689,18.4,3.9));
#19749=CARTESIAN_POINT('',(0.6,18.4,3.9));
#19750=CARTESIAN_POINT('',(0.6,18.4,4.57320508075689));
#19751=CARTESIAN_POINT('',(-3.85,18.4,4.57320508075689));
#19752=CARTESIAN_POINT('',(-3.85,18.4,4.57320508075689));
#19753=CARTESIAN_POINT('',(-3.85,18.4,3.90000000000001));
#19754=CARTESIAN_POINT('',(-4.18660254037845,18.4,4.48301270189222));
#19755=CARTESIAN_POINT('',(-4.93660254037844,18.4,4.05));
#19756=CARTESIAN_POINT('',(-4.93660254037844,18.4,4.05));
#19757=CARTESIAN_POINT('',(-4.6,18.4,3.46698729810778));
#19758=CARTESIAN_POINT('',(-5.26845451071742,18.4,3.54682242733309));
#19759=CARTESIAN_POINT('',(-5.29506035085059,18.4,3.55));
#19760=CARTESIAN_POINT('',(-5.29506035085059,18.4,3.52320508075689));
#19761=CARTESIAN_POINT('',(-6.8,18.4,3.52320508075689));
#19762=CARTESIAN_POINT('',(-6.8,18.4,3.52320508075689));
#19763=CARTESIAN_POINT('',(-6.8,18.4,3.05));
#19764=CARTESIAN_POINT('',(3.1,18.4,-1.5));
#19765=CARTESIAN_POINT('',(-9.4601077025535,18.4,-1.5));
#19766=CARTESIAN_POINT('',(-9.4601077025535,18.4,25.));
#19767=CARTESIAN_POINT('',(-9.4601077025535,18.4,25.));
#19768=CARTESIAN_POINT('',(3.1,18.4,25.));
#19769=CARTESIAN_POINT('',(-9.4601077025535,18.1,25.));
#19770=CARTESIAN_POINT('',(-9.4601077025535,18.1,-1.5));
#19771=CARTESIAN_POINT('',(-9.4601077025535,18.1,25.));
#19772=CARTESIAN_POINT('',(-12.8,14.1196713556404,25.));
#19773=CARTESIAN_POINT('',(-1.10801713040535,8.79999999999999,25.));
#19774=CARTESIAN_POINT('',(-1.10801713040536,8.6,25.));
#19775=CARTESIAN_POINT('',(-0.914831965147545,8.74823619097949,25.));
#19776=CARTESIAN_POINT('',(-2.6,8.6,25.));
#19777=CARTESIAN_POINT('',(-2.6,8.6,25.));
#19778=CARTESIAN_POINT('',(-2.6,8.8,25.));
#19779=CARTESIAN_POINT('',(-2.8,8.8,25.));
#19780=CARTESIAN_POINT('',(-2.8,10.444141192149,25.));
#19781=CARTESIAN_POINT('',(-3.,10.7,25.));
#19782=CARTESIAN_POINT('',(-2.34335942273764,10.7,25.));
#19783=CARTESIAN_POINT('',(-2.5,10.444141192149,25.));
#19784=CARTESIAN_POINT('',(-2.32792706909469,10.6898868054357,25.));
#19785=CARTESIAN_POINT('',(-0.872072930905314,9.67048676334174,25.));
#19786=CARTESIAN_POINT('',(-0.872072930905314,9.67048676334174,25.));
#19787=CARTESIAN_POINT('',(-1.04414586181063,9.42474115005504,25.));
#19788=CARTESIAN_POINT('',(-0.754368113923907,9.34709543652428,25.));
#19789=CARTESIAN_POINT('',(-0.914831965147545,8.74823619097949,25.));
#19790=CARTESIAN_POINT('',(-6.22808899581079,13.9917626778379,25.));
#19791=CARTESIAN_POINT('',(-6.22808899581079,13.9917626778379,25.));
#19792=CARTESIAN_POINT('',(-6.60247119664863,13.9434101422703,25.));
#19793=CARTESIAN_POINT('',(-6.1,13.,25.));
#19794=CARTESIAN_POINT('',(-5.1608374126277,12.6565270978954,25.));
#19795=CARTESIAN_POINT('',(-5.52433496505108,11.6626108391582,25.));
#19796=CARTESIAN_POINT('',(-5.52433496505108,11.6626108391582,25.));
#19797=CARTESIAN_POINT('',(-5.9,11.8,25.));
#19798=CARTESIAN_POINT('',(-6.20788498661155,11.5446437096541,25.));
#19799=CARTESIAN_POINT('',(-7.1157699732231,12.6392874193083,25.));
#19800=CARTESIAN_POINT('',(-7.1157699732231,12.6392874193082,25.));
#19801=CARTESIAN_POINT('',(-6.5,13.15,25.));
#19802=CARTESIAN_POINT('',(-12.8,14.1196713556404,-1.5));
#19803=CARTESIAN_POINT('',(2.19999999999999,17.,4.4));
#19804=CARTESIAN_POINT('',(1.9,8.5,4.4));
#19805=CARTESIAN_POINT('',(3.1,14.243190249582,4.4));
#19806=CARTESIAN_POINT('',(2.63448279331869,15.6691263387121,4.4));
#19807=CARTESIAN_POINT('',(2.19999999999999,17.,4.4));
#19808=CARTESIAN_POINT('',(2.19999999999999,17.,0.));
#19809=CARTESIAN_POINT('',(1.9,2.,0.));
#19810=CARTESIAN_POINT('',(-4.2,1.9,0.));
#19811=CARTESIAN_POINT('',(-8.75,2.1,0.));
#19812=CARTESIAN_POINT('',(-8.75,1.,0.));
#19813=CARTESIAN_POINT('',(-8.75,1.,0.));
#19814=CARTESIAN_POINT('',(-10.2167603025809,1.,0.));
#19815=CARTESIAN_POINT('',(-10.2167603025809,0.799999999999993,0.));
#19816=CARTESIAN_POINT('',(-10.4021652647583,0.875,0.));
#19817=CARTESIAN_POINT('',(-11.7,1.4,0.));
#19818=CARTESIAN_POINT('',(2.19999999999999,17.,0.));
#19819=CARTESIAN_POINT('',(2.63448279331869,15.6691263387121,0.));
#19820=CARTESIAN_POINT('',(3.1,14.243190249582,0.));
#19821=CARTESIAN_POINT('',(1.9,8.5,0.));
#19822=CARTESIAN_POINT('',(2.19999999999999,17.,4.4));
#19823=CARTESIAN_POINT('',(2.63448279331869,15.6691263387121,4.4));
#19824=CARTESIAN_POINT('',(3.1,14.243190249582,4.4));
#19825=CARTESIAN_POINT('',(-8.75,2.1,4.4));
#19826=CARTESIAN_POINT('',(-8.75,1.,4.4));
#19827=CARTESIAN_POINT('',(-8.75,1.,4.4));
#19828=CARTESIAN_POINT('',(-10.2167603025809,1.,4.4));
#19829=CARTESIAN_POINT('',(-10.2167603025809,0.799999999999993,4.4));
#19830=CARTESIAN_POINT('',(-10.4021652647583,0.875,4.4));
#19831=CARTESIAN_POINT('',(-11.7,1.4,4.4));
#19832=CARTESIAN_POINT('',(2.19999999999999,17.,24.4));
#19833=CARTESIAN_POINT('',(1.9,8.5,24.4));
#19834=CARTESIAN_POINT('',(3.1,14.243190249582,24.4));
#19835=CARTESIAN_POINT('',(2.63448279331869,15.6691263387121,24.4));
#19836=CARTESIAN_POINT('',(2.19999999999999,17.,24.4));
#19837=CARTESIAN_POINT('',(2.19999999999999,17.,20.));
#19838=CARTESIAN_POINT('',(1.9,2.,20.));
#19839=CARTESIAN_POINT('',(-4.2,1.9,20.));
#19840=CARTESIAN_POINT('',(-8.75,2.1,20.));
#19841=CARTESIAN_POINT('',(-8.75,1.,20.));
#19842=CARTESIAN_POINT('',(-8.75,1.,20.));
#19843=CARTESIAN_POINT('',(-10.2167603025809,1.,20.));
#19844=CARTESIAN_POINT('',(-10.2167603025809,0.799999999999993,20.));
#19845=CARTESIAN_POINT('',(-10.4021652647583,0.875,20.));
#19846=CARTESIAN_POINT('',(-11.7,1.4,20.));
#19847=CARTESIAN_POINT('',(2.19999999999999,17.,20.));
#19848=CARTESIAN_POINT('',(2.63448279331869,15.6691263387121,20.));
#19849=CARTESIAN_POINT('',(3.1,14.243190249582,20.));
#19850=CARTESIAN_POINT('',(1.9,8.5,20.));
#19851=CARTESIAN_POINT('',(2.19999999999999,17.,24.4));
#19852=CARTESIAN_POINT('',(2.63448279331869,15.6691263387121,24.4));
#19853=CARTESIAN_POINT('',(3.1,14.243190249582,24.4));
#19854=CARTESIAN_POINT('',(-8.75,2.1,24.4));
#19855=CARTESIAN_POINT('',(-8.75,1.,24.4));
#19856=CARTESIAN_POINT('',(-8.75,1.,24.4));
#19857=CARTESIAN_POINT('',(-10.2167603025809,1.,24.4));
#19858=CARTESIAN_POINT('',(-10.2167603025809,0.799999999999993,24.4));
#19859=CARTESIAN_POINT('',(-10.4021652647583,0.875,24.4));
#19860=CARTESIAN_POINT('',(-11.7,1.4,24.4));
#19861=CARTESIAN_POINT('',(2.19999999999999,17.,19.4));
#19862=CARTESIAN_POINT('',(1.9,8.5,19.4));
#19863=CARTESIAN_POINT('',(3.1,14.243190249582,19.4));
#19864=CARTESIAN_POINT('',(2.63448279331869,15.6691263387121,19.4));
#19865=CARTESIAN_POINT('',(2.19999999999999,17.,19.4));
#19866=CARTESIAN_POINT('',(2.19999999999999,17.,15.));
#19867=CARTESIAN_POINT('',(1.9,2.,15.));
#19868=CARTESIAN_POINT('',(-4.2,1.9,15.));
#19869=CARTESIAN_POINT('',(-8.75,2.1,15.));
#19870=CARTESIAN_POINT('',(-8.75,1.,15.));
#19871=CARTESIAN_POINT('',(-8.75,1.,15.));
#19872=CARTESIAN_POINT('',(-10.2167603025809,1.,15.));
#19873=CARTESIAN_POINT('',(-10.2167603025809,0.799999999999993,15.));
#19874=CARTESIAN_POINT('',(-10.4021652647583,0.875,15.));
#19875=CARTESIAN_POINT('',(-11.7,1.4,15.));
#19876=CARTESIAN_POINT('',(2.19999999999999,17.,15.));
#19877=CARTESIAN_POINT('',(2.63448279331869,15.6691263387121,15.));
#19878=CARTESIAN_POINT('',(3.1,14.243190249582,15.));
#19879=CARTESIAN_POINT('',(1.9,8.5,15.));
#19880=CARTESIAN_POINT('',(2.19999999999999,17.,19.4));
#19881=CARTESIAN_POINT('',(2.63448279331869,15.6691263387121,19.4));
#19882=CARTESIAN_POINT('',(3.1,14.243190249582,19.4));
#19883=CARTESIAN_POINT('',(-8.75,2.1,19.4));
#19884=CARTESIAN_POINT('',(-8.75,1.,19.4));
#19885=CARTESIAN_POINT('',(-8.75,1.,19.4));
#19886=CARTESIAN_POINT('',(-10.2167603025809,1.,19.4));
#19887=CARTESIAN_POINT('',(-10.2167603025809,0.799999999999993,19.4));
#19888=CARTESIAN_POINT('',(-10.4021652647583,0.875,19.4));
#19889=CARTESIAN_POINT('',(-11.7,1.4,19.4));
#19890=CARTESIAN_POINT('',(2.19999999999999,17.,14.4));
#19891=CARTESIAN_POINT('',(1.9,8.5,14.4));
#19892=CARTESIAN_POINT('',(3.1,14.243190249582,14.4));
#19893=CARTESIAN_POINT('',(2.63448279331869,15.6691263387121,14.4));
#19894=CARTESIAN_POINT('',(2.19999999999999,17.,14.4));
#19895=CARTESIAN_POINT('',(2.19999999999999,17.,10.));
#19896=CARTESIAN_POINT('',(1.9,2.,10.));
#19897=CARTESIAN_POINT('',(-4.2,1.9,10.));
#19898=CARTESIAN_POINT('',(-8.75,2.1,10.));
#19899=CARTESIAN_POINT('',(-8.75,1.,10.));
#19900=CARTESIAN_POINT('',(-8.75,1.,10.));
#19901=CARTESIAN_POINT('',(-10.2167603025809,1.,10.));
#19902=CARTESIAN_POINT('',(-10.2167603025809,0.799999999999993,10.));
#19903=CARTESIAN_POINT('',(-10.4021652647583,0.875,10.));
#19904=CARTESIAN_POINT('',(-11.7,1.4,10.));
#19905=CARTESIAN_POINT('',(2.19999999999999,17.,10.));
#19906=CARTESIAN_POINT('',(2.63448279331869,15.6691263387121,10.));
#19907=CARTESIAN_POINT('',(3.1,14.243190249582,10.));
#19908=CARTESIAN_POINT('',(1.9,8.5,10.));
#19909=CARTESIAN_POINT('',(2.19999999999999,17.,14.4));
#19910=CARTESIAN_POINT('',(2.63448279331869,15.6691263387121,14.4));
#19911=CARTESIAN_POINT('',(3.1,14.243190249582,14.4));
#19912=CARTESIAN_POINT('',(-8.75,2.1,14.4));
#19913=CARTESIAN_POINT('',(-8.75,1.,14.4));
#19914=CARTESIAN_POINT('',(-8.75,1.,14.4));
#19915=CARTESIAN_POINT('',(-10.2167603025809,1.,14.4));
#19916=CARTESIAN_POINT('',(-10.2167603025809,0.799999999999993,14.4));
#19917=CARTESIAN_POINT('',(-10.4021652647583,0.875,14.4));
#19918=CARTESIAN_POINT('',(-11.7,1.4,14.4));
#19919=CARTESIAN_POINT('',(2.19999999999999,17.,9.4));
#19920=CARTESIAN_POINT('',(1.9,8.5,9.4));
#19921=CARTESIAN_POINT('',(3.1,14.243190249582,9.4));
#19922=CARTESIAN_POINT('',(2.63448279331869,15.6691263387121,9.4));
#19923=CARTESIAN_POINT('',(2.19999999999999,17.,9.4));
#19924=CARTESIAN_POINT('',(2.19999999999999,17.,5.));
#19925=CARTESIAN_POINT('',(1.9,2.,5.));
#19926=CARTESIAN_POINT('',(-4.2,1.9,5.));
#19927=CARTESIAN_POINT('',(-8.75,2.1,5.));
#19928=CARTESIAN_POINT('',(-8.75,1.,5.));
#19929=CARTESIAN_POINT('',(-8.75,1.,5.));
#19930=CARTESIAN_POINT('',(-10.2167603025809,1.,5.));
#19931=CARTESIAN_POINT('',(-10.2167603025809,0.799999999999993,5.));
#19932=CARTESIAN_POINT('',(-10.4021652647583,0.875,5.));
#19933=CARTESIAN_POINT('',(-11.7,1.4,5.));
#19934=CARTESIAN_POINT('',(2.19999999999999,17.,5.));
#19935=CARTESIAN_POINT('',(2.63448279331869,15.6691263387121,5.));
#19936=CARTESIAN_POINT('',(3.1,14.243190249582,5.));
#19937=CARTESIAN_POINT('',(1.9,8.5,5.));
#19938=CARTESIAN_POINT('',(2.19999999999999,17.,9.4));
#19939=CARTESIAN_POINT('',(2.63448279331869,15.6691263387121,9.4));
#19940=CARTESIAN_POINT('',(3.1,14.243190249582,9.4));
#19941=CARTESIAN_POINT('',(-8.75,2.1,9.4));
#19942=CARTESIAN_POINT('',(-8.75,1.,9.4));
#19943=CARTESIAN_POINT('',(-8.75,1.,9.4));
#19944=CARTESIAN_POINT('',(-10.2167603025809,1.,9.4));
#19945=CARTESIAN_POINT('',(-10.2167603025809,0.799999999999993,9.4));
#19946=CARTESIAN_POINT('',(-10.4021652647583,0.875,9.4));
#19947=CARTESIAN_POINT('',(-11.7,1.4,9.4));
#19948=CARTESIAN_POINT('',(-4.2,1.9,0.));
#19949=CARTESIAN_POINT('',(-4.2,1.9,5.));
#19950=CARTESIAN_POINT('',(-4.2,1.9,10.));
#19951=CARTESIAN_POINT('',(-4.2,1.9,15.));
#19952=CARTESIAN_POINT('',(-4.2,1.9,20.));
#19953=CARTESIAN_POINT('',(1.9,8.5,4.4));
#19954=CARTESIAN_POINT('',(1.9,8.5,9.4));
#19955=CARTESIAN_POINT('',(1.9,8.5,14.4));
#19956=CARTESIAN_POINT('',(1.9,8.5,19.4));
#19957=CARTESIAN_POINT('',(1.9,8.5,24.4));
#19958=CARTESIAN_POINT('',(1.9,2.,0.));
#19959=CARTESIAN_POINT('',(1.9,2.,2.9));
#19960=CARTESIAN_POINT('',(1.9,2.,4.4));
#19961=CARTESIAN_POINT('',(1.9,2.,5.));
#19962=CARTESIAN_POINT('',(1.9,2.,7.9));
#19963=CARTESIAN_POINT('',(1.9,2.,9.4));
#19964=CARTESIAN_POINT('',(1.9,2.,10.));
#19965=CARTESIAN_POINT('',(1.9,2.,12.9));
#19966=CARTESIAN_POINT('',(1.9,2.,14.4));
#19967=CARTESIAN_POINT('',(1.9,2.,15.));
#19968=CARTESIAN_POINT('',(1.9,2.,17.9));
#19969=CARTESIAN_POINT('',(1.9,2.,19.4));
#19970=CARTESIAN_POINT('',(1.9,2.,20.));
#19971=CARTESIAN_POINT('',(1.9,2.,22.9));
#19972=CARTESIAN_POINT('',(1.9,2.,24.4));
#19973=CARTESIAN_POINT('',(-0.4,4.,1.8));
#19974=CARTESIAN_POINT('',(-0.4,4.,1.8));
#19975=CARTESIAN_POINT('',(-0.4,-4.,1.8));
#19976=CARTESIAN_POINT('',(-0.4,-4.,1.8));
#19977=CARTESIAN_POINT('',(-0.4,-4.,2.8));
#19978=CARTESIAN_POINT('',(-0.4,4.,2.8));
#19979=CARTESIAN_POINT('',(-0.4,4.,2.8));
#19980=CARTESIAN_POINT('',(-0.4,-4.,2.8));
#19981=CARTESIAN_POINT('',(0.4,-4.,2.8));
#19982=CARTESIAN_POINT('',(0.4,4.,2.8));
#19983=CARTESIAN_POINT('',(0.4,4.,2.8));
#19984=CARTESIAN_POINT('',(0.4,-4.,2.8));
#19985=CARTESIAN_POINT('',(0.4,-4.,1.8));
#19986=CARTESIAN_POINT('',(0.4,4.,1.8));
#19987=CARTESIAN_POINT('',(0.4,4.,1.8));
#19988=CARTESIAN_POINT('',(0.4,-4.,1.8));
#19989=CARTESIAN_POINT('',(0.,-4.,0.));
#19990=CARTESIAN_POINT('',(-8.6,4.,1.8));
#19991=CARTESIAN_POINT('',(-8.6,4.,1.8));
#19992=CARTESIAN_POINT('',(-8.6,-4.,1.8));
#19993=CARTESIAN_POINT('',(-8.6,-4.,1.8));
#19994=CARTESIAN_POINT('',(-8.6,-4.,2.8));
#19995=CARTESIAN_POINT('',(-8.6,4.,2.8));
#19996=CARTESIAN_POINT('',(-8.6,4.,2.8));
#19997=CARTESIAN_POINT('',(-8.6,-4.,2.8));
#19998=CARTESIAN_POINT('',(-7.8,-4.,2.8));
#19999=CARTESIAN_POINT('',(-7.8,4.,2.8));
#20000=CARTESIAN_POINT('',(-7.8,4.,2.8));
#20001=CARTESIAN_POINT('',(-7.8,-4.,2.8));
#20002=CARTESIAN_POINT('',(-7.8,-4.,1.8));
#20003=CARTESIAN_POINT('',(-7.8,4.,1.8));
#20004=CARTESIAN_POINT('',(-7.8,4.,1.8));
#20005=CARTESIAN_POINT('',(-7.8,-4.,1.8));
#20006=CARTESIAN_POINT('',(-8.2,-4.,0.));
#20007=CARTESIAN_POINT('',(-0.4,4.,6.8));
#20008=CARTESIAN_POINT('',(-0.4,4.,6.8));
#20009=CARTESIAN_POINT('',(-0.4,-4.,6.8));
#20010=CARTESIAN_POINT('',(-0.4,-4.,6.8));
#20011=CARTESIAN_POINT('',(-0.4,-4.,7.8));
#20012=CARTESIAN_POINT('',(-0.4,4.,7.8));
#20013=CARTESIAN_POINT('',(-0.4,4.,7.8));
#20014=CARTESIAN_POINT('',(-0.4,-4.,7.8));
#20015=CARTESIAN_POINT('',(0.4,-4.,7.8));
#20016=CARTESIAN_POINT('',(0.4,4.,7.8));
#20017=CARTESIAN_POINT('',(0.4,4.,7.8));
#20018=CARTESIAN_POINT('',(0.4,-4.,7.8));
#20019=CARTESIAN_POINT('',(0.4,-4.,6.8));
#20020=CARTESIAN_POINT('',(0.4,4.,6.8));
#20021=CARTESIAN_POINT('',(0.4,4.,6.8));
#20022=CARTESIAN_POINT('',(0.4,-4.,6.8));
#20023=CARTESIAN_POINT('',(0.,-4.,5.));
#20024=CARTESIAN_POINT('',(-8.6,4.,6.8));
#20025=CARTESIAN_POINT('',(-8.6,4.,6.8));
#20026=CARTESIAN_POINT('',(-8.6,-4.,6.8));
#20027=CARTESIAN_POINT('',(-8.6,-4.,6.8));
#20028=CARTESIAN_POINT('',(-8.6,-4.,7.8));
#20029=CARTESIAN_POINT('',(-8.6,4.,7.8));
#20030=CARTESIAN_POINT('',(-8.6,4.,7.8));
#20031=CARTESIAN_POINT('',(-8.6,-4.,7.8));
#20032=CARTESIAN_POINT('',(-7.8,-4.,7.8));
#20033=CARTESIAN_POINT('',(-7.8,4.,7.8));
#20034=CARTESIAN_POINT('',(-7.8,4.,7.8));
#20035=CARTESIAN_POINT('',(-7.8,-4.,7.8));
#20036=CARTESIAN_POINT('',(-7.8,-4.,6.8));
#20037=CARTESIAN_POINT('',(-7.8,4.,6.8));
#20038=CARTESIAN_POINT('',(-7.8,4.,6.8));
#20039=CARTESIAN_POINT('',(-7.8,-4.,6.8));
#20040=CARTESIAN_POINT('',(-8.2,-4.,5.));
#20041=CARTESIAN_POINT('',(-0.4,4.,11.8));
#20042=CARTESIAN_POINT('',(-0.4,4.,11.8));
#20043=CARTESIAN_POINT('',(-0.4,-4.,11.8));
#20044=CARTESIAN_POINT('',(-0.4,-4.,11.8));
#20045=CARTESIAN_POINT('',(-0.4,-4.,12.8));
#20046=CARTESIAN_POINT('',(-0.4,4.,12.8));
#20047=CARTESIAN_POINT('',(-0.4,4.,12.8));
#20048=CARTESIAN_POINT('',(-0.4,-4.,12.8));
#20049=CARTESIAN_POINT('',(0.4,-4.,12.8));
#20050=CARTESIAN_POINT('',(0.4,4.,12.8));
#20051=CARTESIAN_POINT('',(0.4,4.,12.8));
#20052=CARTESIAN_POINT('',(0.4,-4.,12.8));
#20053=CARTESIAN_POINT('',(0.4,-4.,11.8));
#20054=CARTESIAN_POINT('',(0.4,4.,11.8));
#20055=CARTESIAN_POINT('',(0.4,4.,11.8));
#20056=CARTESIAN_POINT('',(0.4,-4.,11.8));
#20057=CARTESIAN_POINT('',(0.,-4.,10.));
#20058=CARTESIAN_POINT('',(-8.6,4.,11.8));
#20059=CARTESIAN_POINT('',(-8.6,4.,11.8));
#20060=CARTESIAN_POINT('',(-8.6,-4.,11.8));
#20061=CARTESIAN_POINT('',(-8.6,-4.,11.8));
#20062=CARTESIAN_POINT('',(-8.6,-4.,12.8));
#20063=CARTESIAN_POINT('',(-8.6,4.,12.8));
#20064=CARTESIAN_POINT('',(-8.6,4.,12.8));
#20065=CARTESIAN_POINT('',(-8.6,-4.,12.8));
#20066=CARTESIAN_POINT('',(-7.8,-4.,12.8));
#20067=CARTESIAN_POINT('',(-7.8,4.,12.8));
#20068=CARTESIAN_POINT('',(-7.8,4.,12.8));
#20069=CARTESIAN_POINT('',(-7.8,-4.,12.8));
#20070=CARTESIAN_POINT('',(-7.8,-4.,11.8));
#20071=CARTESIAN_POINT('',(-7.8,4.,11.8));
#20072=CARTESIAN_POINT('',(-7.8,4.,11.8));
#20073=CARTESIAN_POINT('',(-7.8,-4.,11.8));
#20074=CARTESIAN_POINT('',(-8.2,-4.,10.));
#20075=CARTESIAN_POINT('',(-0.4,4.,16.8));
#20076=CARTESIAN_POINT('',(-0.4,4.,16.8));
#20077=CARTESIAN_POINT('',(-0.4,-4.,16.8));
#20078=CARTESIAN_POINT('',(-0.4,-4.,16.8));
#20079=CARTESIAN_POINT('',(-0.4,-4.,17.8));
#20080=CARTESIAN_POINT('',(-0.4,4.,17.8));
#20081=CARTESIAN_POINT('',(-0.4,4.,17.8));
#20082=CARTESIAN_POINT('',(-0.4,-4.,17.8));
#20083=CARTESIAN_POINT('',(0.4,-4.,17.8));
#20084=CARTESIAN_POINT('',(0.4,4.,17.8));
#20085=CARTESIAN_POINT('',(0.4,4.,17.8));
#20086=CARTESIAN_POINT('',(0.4,-4.,17.8));
#20087=CARTESIAN_POINT('',(0.4,-4.,16.8));
#20088=CARTESIAN_POINT('',(0.4,4.,16.8));
#20089=CARTESIAN_POINT('',(0.4,4.,16.8));
#20090=CARTESIAN_POINT('',(0.4,-4.,16.8));
#20091=CARTESIAN_POINT('',(0.,-4.,15.));
#20092=CARTESIAN_POINT('',(-8.6,4.,16.8));
#20093=CARTESIAN_POINT('',(-8.6,4.,16.8));
#20094=CARTESIAN_POINT('',(-8.6,-4.,16.8));
#20095=CARTESIAN_POINT('',(-8.6,-4.,16.8));
#20096=CARTESIAN_POINT('',(-8.6,-4.,17.8));
#20097=CARTESIAN_POINT('',(-8.6,4.,17.8));
#20098=CARTESIAN_POINT('',(-8.6,4.,17.8));
#20099=CARTESIAN_POINT('',(-8.6,-4.,17.8));
#20100=CARTESIAN_POINT('',(-7.8,-4.,17.8));
#20101=CARTESIAN_POINT('',(-7.8,4.,17.8));
#20102=CARTESIAN_POINT('',(-7.8,4.,17.8));
#20103=CARTESIAN_POINT('',(-7.8,-4.,17.8));
#20104=CARTESIAN_POINT('',(-7.8,-4.,16.8));
#20105=CARTESIAN_POINT('',(-7.8,4.,16.8));
#20106=CARTESIAN_POINT('',(-7.8,4.,16.8));
#20107=CARTESIAN_POINT('',(-7.8,-4.,16.8));
#20108=CARTESIAN_POINT('',(-8.2,-4.,15.));
#20109=CARTESIAN_POINT('',(-0.4,4.,21.8));
#20110=CARTESIAN_POINT('',(-0.4,4.,21.8));
#20111=CARTESIAN_POINT('',(-0.4,-4.,21.8));
#20112=CARTESIAN_POINT('',(-0.4,-4.,21.8));
#20113=CARTESIAN_POINT('',(-0.4,-4.,22.8));
#20114=CARTESIAN_POINT('',(-0.4,4.,22.8));
#20115=CARTESIAN_POINT('',(-0.4,4.,22.8));
#20116=CARTESIAN_POINT('',(-0.4,-4.,22.8));
#20117=CARTESIAN_POINT('',(0.4,-4.,22.8));
#20118=CARTESIAN_POINT('',(0.4,4.,22.8));
#20119=CARTESIAN_POINT('',(0.4,4.,22.8));
#20120=CARTESIAN_POINT('',(0.4,-4.,22.8));
#20121=CARTESIAN_POINT('',(0.4,-4.,21.8));
#20122=CARTESIAN_POINT('',(0.4,4.,21.8));
#20123=CARTESIAN_POINT('',(0.4,4.,21.8));
#20124=CARTESIAN_POINT('',(0.4,-4.,21.8));
#20125=CARTESIAN_POINT('',(0.,-4.,20.));
#20126=CARTESIAN_POINT('',(-8.6,4.,21.8));
#20127=CARTESIAN_POINT('',(-8.6,4.,21.8));
#20128=CARTESIAN_POINT('',(-8.6,-4.,21.8));
#20129=CARTESIAN_POINT('',(-8.6,-4.,21.8));
#20130=CARTESIAN_POINT('',(-8.6,-4.,22.8));
#20131=CARTESIAN_POINT('',(-8.6,4.,22.8));
#20132=CARTESIAN_POINT('',(-8.6,4.,22.8));
#20133=CARTESIAN_POINT('',(-8.6,-4.,22.8));
#20134=CARTESIAN_POINT('',(-7.8,-4.,22.8));
#20135=CARTESIAN_POINT('',(-7.8,4.,22.8));
#20136=CARTESIAN_POINT('',(-7.8,4.,22.8));
#20137=CARTESIAN_POINT('',(-7.8,-4.,22.8));
#20138=CARTESIAN_POINT('',(-7.8,-4.,21.8));
#20139=CARTESIAN_POINT('',(-7.8,4.,21.8));
#20140=CARTESIAN_POINT('',(-7.8,4.,21.8));
#20141=CARTESIAN_POINT('',(-7.8,-4.,21.8));
#20142=CARTESIAN_POINT('',(-8.2,-4.,20.));
#20143=CARTESIAN_POINT('',(-11.1,2.65,1.8));
#20144=CARTESIAN_POINT('',(-11.1,2.65,1.8));
#20145=CARTESIAN_POINT('',(-11.1,2.65,2.85));
#20146=CARTESIAN_POINT('',(-13.1,2.65,1.8));
#20147=CARTESIAN_POINT('',(-12.8,2.65,1.8));
#20148=CARTESIAN_POINT('',(-12.8,2.65,2.85));
#20149=CARTESIAN_POINT('',(-12.8,2.65,1.8));
#20150=CARTESIAN_POINT('',(-11.1,2.65,21.8));
#20151=CARTESIAN_POINT('',(-11.1,2.65,21.8));
#20152=CARTESIAN_POINT('',(-11.1,2.65,22.85));
#20153=CARTESIAN_POINT('',(-13.1,2.65,21.8));
#20154=CARTESIAN_POINT('',(-12.8,2.65,21.8));
#20155=CARTESIAN_POINT('',(-12.8,2.65,22.85));
#20156=CARTESIAN_POINT('',(-12.8,2.65,21.8));
#20157=CARTESIAN_POINT('',(-11.1,2.65,16.8));
#20158=CARTESIAN_POINT('',(-11.1,2.65,16.8));
#20159=CARTESIAN_POINT('',(-11.1,2.65,17.85));
#20160=CARTESIAN_POINT('',(-13.1,2.65,16.8));
#20161=CARTESIAN_POINT('',(-12.8,2.65,16.8));
#20162=CARTESIAN_POINT('',(-12.8,2.65,17.85));
#20163=CARTESIAN_POINT('',(-12.8,2.65,16.8));
#20164=CARTESIAN_POINT('',(-11.1,2.65,11.8));
#20165=CARTESIAN_POINT('',(-11.1,2.65,11.8));
#20166=CARTESIAN_POINT('',(-11.1,2.65,12.85));
#20167=CARTESIAN_POINT('',(-13.1,2.65,11.8));
#20168=CARTESIAN_POINT('',(-12.8,2.65,11.8));
#20169=CARTESIAN_POINT('',(-12.8,2.65,12.85));
#20170=CARTESIAN_POINT('',(-12.8,2.65,11.8));
#20171=CARTESIAN_POINT('',(-11.1,2.65,6.8));
#20172=CARTESIAN_POINT('',(-11.1,2.65,6.8));
#20173=CARTESIAN_POINT('',(-11.1,2.65,7.85));
#20174=CARTESIAN_POINT('',(-13.1,2.65,6.8));
#20175=CARTESIAN_POINT('',(-12.8,2.65,6.8));
#20176=CARTESIAN_POINT('',(-12.8,2.65,7.85));
#20177=CARTESIAN_POINT('',(-12.8,2.65,6.8));
#20178=CARTESIAN_POINT('',(-11.1,3.8,3.6));
#20179=CARTESIAN_POINT('',(-11.1,3.8,3.6));
#20180=CARTESIAN_POINT('',(-11.1,3.8,3.6));
#20181=CARTESIAN_POINT('',(-11.1,3.8,3.6));
#20182=CARTESIAN_POINT('',(-11.1,3.8,4.25));
#20183=CARTESIAN_POINT('',(-11.1,3.8,4.25));
#20184=CARTESIAN_POINT('',(-11.1,3.8,4.25));
#20185=CARTESIAN_POINT('',(-11.1,3.8,4.25));
#20186=CARTESIAN_POINT('',(-11.1,0.8,4.25));
#20187=CARTESIAN_POINT('',(-11.1,0.8,4.25));
#20188=CARTESIAN_POINT('',(-11.1,0.8,4.25));
#20189=CARTESIAN_POINT('',(-11.1,0.8,4.25));
#20190=CARTESIAN_POINT('',(-11.1,0.8,3.6));
#20191=CARTESIAN_POINT('',(-11.1,0.8,3.6));
#20192=CARTESIAN_POINT('',(-11.1,1.1,3.6));
#20193=CARTESIAN_POINT('',(-11.1,1.1,3.6));
#20194=CARTESIAN_POINT('',(-11.1,1.1,3.3));
#20195=CARTESIAN_POINT('',(-11.1,1.1,3.3));
#20196=CARTESIAN_POINT('',(-11.1,1.1,3.3));
#20197=CARTESIAN_POINT('',(-11.1,1.1,3.3));
#20198=CARTESIAN_POINT('',(-11.1,3.5,3.3));
#20199=CARTESIAN_POINT('',(-11.1,3.5,3.3));
#20200=CARTESIAN_POINT('',(-11.1,3.5,3.6));
#20201=CARTESIAN_POINT('',(-11.1,3.5,3.6));
#20202=CARTESIAN_POINT('',(-11.1,1.1,3.6));
#20203=CARTESIAN_POINT('',(-11.1,3.8,23.6));
#20204=CARTESIAN_POINT('',(-11.1,3.8,23.6));
#20205=CARTESIAN_POINT('',(-11.1,3.8,23.6));
#20206=CARTESIAN_POINT('',(-11.1,3.8,23.6));
#20207=CARTESIAN_POINT('',(-11.1,3.8,24.25));
#20208=CARTESIAN_POINT('',(-11.1,3.8,24.25));
#20209=CARTESIAN_POINT('',(-11.1,3.8,24.25));
#20210=CARTESIAN_POINT('',(-11.1,3.8,24.25));
#20211=CARTESIAN_POINT('',(-11.1,0.8,24.25));
#20212=CARTESIAN_POINT('',(-11.1,0.8,24.25));
#20213=CARTESIAN_POINT('',(-11.1,0.8,24.25));
#20214=CARTESIAN_POINT('',(-11.1,0.8,24.25));
#20215=CARTESIAN_POINT('',(-11.1,0.8,23.6));
#20216=CARTESIAN_POINT('',(-11.1,0.8,23.6));
#20217=CARTESIAN_POINT('',(-11.1,1.1,23.6));
#20218=CARTESIAN_POINT('',(-11.1,1.1,23.6));
#20219=CARTESIAN_POINT('',(-11.1,1.1,23.3));
#20220=CARTESIAN_POINT('',(-11.1,1.1,23.3));
#20221=CARTESIAN_POINT('',(-11.1,1.1,23.3));
#20222=CARTESIAN_POINT('',(-11.1,1.1,23.3));
#20223=CARTESIAN_POINT('',(-11.1,3.5,23.3));
#20224=CARTESIAN_POINT('',(-11.1,3.5,23.3));
#20225=CARTESIAN_POINT('',(-11.1,3.5,23.6));
#20226=CARTESIAN_POINT('',(-11.1,3.5,23.6));
#20227=CARTESIAN_POINT('',(-11.1,1.1,23.6));
#20228=CARTESIAN_POINT('',(-11.1,3.8,18.6));
#20229=CARTESIAN_POINT('',(-11.1,3.8,18.6));
#20230=CARTESIAN_POINT('',(-11.1,3.8,18.6));
#20231=CARTESIAN_POINT('',(-11.1,3.8,18.6));
#20232=CARTESIAN_POINT('',(-11.1,3.8,19.25));
#20233=CARTESIAN_POINT('',(-11.1,3.8,19.25));
#20234=CARTESIAN_POINT('',(-11.1,3.8,19.25));
#20235=CARTESIAN_POINT('',(-11.1,3.8,19.25));
#20236=CARTESIAN_POINT('',(-11.1,0.8,19.25));
#20237=CARTESIAN_POINT('',(-11.1,0.8,19.25));
#20238=CARTESIAN_POINT('',(-11.1,0.8,19.25));
#20239=CARTESIAN_POINT('',(-11.1,0.8,19.25));
#20240=CARTESIAN_POINT('',(-11.1,0.8,18.6));
#20241=CARTESIAN_POINT('',(-11.1,0.8,18.6));
#20242=CARTESIAN_POINT('',(-11.1,1.1,18.6));
#20243=CARTESIAN_POINT('',(-11.1,1.1,18.6));
#20244=CARTESIAN_POINT('',(-11.1,1.1,18.3));
#20245=CARTESIAN_POINT('',(-11.1,1.1,18.3));
#20246=CARTESIAN_POINT('',(-11.1,1.1,18.3));
#20247=CARTESIAN_POINT('',(-11.1,1.1,18.3));
#20248=CARTESIAN_POINT('',(-11.1,3.5,18.3));
#20249=CARTESIAN_POINT('',(-11.1,3.5,18.3));
#20250=CARTESIAN_POINT('',(-11.1,3.5,18.6));
#20251=CARTESIAN_POINT('',(-11.1,3.5,18.6));
#20252=CARTESIAN_POINT('',(-11.1,1.1,18.6));
#20253=CARTESIAN_POINT('',(-11.1,3.8,13.6));
#20254=CARTESIAN_POINT('',(-11.1,3.8,13.6));
#20255=CARTESIAN_POINT('',(-11.1,3.8,13.6));
#20256=CARTESIAN_POINT('',(-11.1,3.8,13.6));
#20257=CARTESIAN_POINT('',(-11.1,3.8,14.25));
#20258=CARTESIAN_POINT('',(-11.1,3.8,14.25));
#20259=CARTESIAN_POINT('',(-11.1,3.8,14.25));
#20260=CARTESIAN_POINT('',(-11.1,3.8,14.25));
#20261=CARTESIAN_POINT('',(-11.1,0.8,14.25));
#20262=CARTESIAN_POINT('',(-11.1,0.8,14.25));
#20263=CARTESIAN_POINT('',(-11.1,0.8,14.25));
#20264=CARTESIAN_POINT('',(-11.1,0.8,14.25));
#20265=CARTESIAN_POINT('',(-11.1,0.8,13.6));
#20266=CARTESIAN_POINT('',(-11.1,0.8,13.6));
#20267=CARTESIAN_POINT('',(-11.1,1.1,13.6));
#20268=CARTESIAN_POINT('',(-11.1,1.1,13.6));
#20269=CARTESIAN_POINT('',(-11.1,1.1,13.3));
#20270=CARTESIAN_POINT('',(-11.1,1.1,13.3));
#20271=CARTESIAN_POINT('',(-11.1,1.1,13.3));
#20272=CARTESIAN_POINT('',(-11.1,1.1,13.3));
#20273=CARTESIAN_POINT('',(-11.1,3.5,13.3));
#20274=CARTESIAN_POINT('',(-11.1,3.5,13.3));
#20275=CARTESIAN_POINT('',(-11.1,3.5,13.6));
#20276=CARTESIAN_POINT('',(-11.1,3.5,13.6));
#20277=CARTESIAN_POINT('',(-11.1,1.1,13.6));
#20278=CARTESIAN_POINT('',(-11.1,3.8,8.6));
#20279=CARTESIAN_POINT('',(-11.1,3.8,8.6));
#20280=CARTESIAN_POINT('',(-11.1,3.8,8.6));
#20281=CARTESIAN_POINT('',(-11.1,3.8,8.6));
#20282=CARTESIAN_POINT('',(-11.1,3.8,9.25));
#20283=CARTESIAN_POINT('',(-11.1,3.8,9.25));
#20284=CARTESIAN_POINT('',(-11.1,3.8,9.25));
#20285=CARTESIAN_POINT('',(-11.1,3.8,9.25));
#20286=CARTESIAN_POINT('',(-11.1,0.8,9.25));
#20287=CARTESIAN_POINT('',(-11.1,0.8,9.25));
#20288=CARTESIAN_POINT('',(-11.1,0.8,9.25));
#20289=CARTESIAN_POINT('',(-11.1,0.8,9.25));
#20290=CARTESIAN_POINT('',(-11.1,0.8,8.6));
#20291=CARTESIAN_POINT('',(-11.1,0.8,8.6));
#20292=CARTESIAN_POINT('',(-11.1,1.1,8.6));
#20293=CARTESIAN_POINT('',(-11.1,1.1,8.6));
#20294=CARTESIAN_POINT('',(-11.1,1.1,8.3));
#20295=CARTESIAN_POINT('',(-11.1,1.1,8.3));
#20296=CARTESIAN_POINT('',(-11.1,1.1,8.3));
#20297=CARTESIAN_POINT('',(-11.1,1.1,8.3));
#20298=CARTESIAN_POINT('',(-11.1,3.5,8.3));
#20299=CARTESIAN_POINT('',(-11.1,3.5,8.3));
#20300=CARTESIAN_POINT('',(-11.1,3.5,8.6));
#20301=CARTESIAN_POINT('',(-11.1,3.5,8.6));
#20302=CARTESIAN_POINT('',(-11.1,1.1,8.6));
#20303=CARTESIAN_POINT('',(-7.1,18.1,1.55));
#20304=CARTESIAN_POINT('',(-7.1,18.1,1.55));
#20305=CARTESIAN_POINT('',(-7.1,18.1,1.55));
#20306=CARTESIAN_POINT('',(-7.1,18.1,3.05));
#20307=CARTESIAN_POINT('',(-7.1,18.1,1.55));
#20308=CARTESIAN_POINT('',(-7.1,18.1,3.05));
#20309=CARTESIAN_POINT('',(-6.8,18.1,3.05));
#20310=CARTESIAN_POINT('',(-6.8,18.1,3.05));
#20311=CARTESIAN_POINT('',(-6.8,18.1,3.35));
#20312=CARTESIAN_POINT('',(-6.8,18.1,3.35));
#20313=CARTESIAN_POINT('',(-6.8,18.1,3.35));
#20314=CARTESIAN_POINT('',(-6.8,18.1,3.35));
#20315=CARTESIAN_POINT('',(-5.29506035085059,18.1,3.35));
#20316=CARTESIAN_POINT('',(-5.29506035085059,18.1,3.35));
#20317=CARTESIAN_POINT('',(-5.29506035085059,18.1,3.55));
#20318=CARTESIAN_POINT('',(-5.29506035085059,18.1,3.55));
#20319=CARTESIAN_POINT('',(-5.09647167692635,18.1,3.52628210403494));
#20320=CARTESIAN_POINT('',(-5.09647167692635,18.1,3.52628210403494));
#20321=CARTESIAN_POINT('',(-4.6,18.1,3.46698729810778));
#20322=CARTESIAN_POINT('',(-4.6,18.1,3.46698729810778));
#20323=CARTESIAN_POINT('',(-4.85,18.1,3.9));
#20324=CARTESIAN_POINT('',(-4.85,18.1,3.9));
#20325=CARTESIAN_POINT('',(-4.85,18.1,3.9));
#20326=CARTESIAN_POINT('',(-4.85,18.1,3.9));
#20327=CARTESIAN_POINT('',(-4.1,18.1,4.33301270189222));
#20328=CARTESIAN_POINT('',(-4.1,18.1,4.33301270189222));
#20329=CARTESIAN_POINT('',(-3.85,18.1,3.90000000000001));
#20330=CARTESIAN_POINT('',(-3.85,18.1,3.90000000000001));
#20331=CARTESIAN_POINT('',(-3.85,18.1,4.4));
#20332=CARTESIAN_POINT('',(-3.85,18.1,4.4));
#20333=CARTESIAN_POINT('',(-3.85,18.1,4.4));
#20334=CARTESIAN_POINT('',(-3.85,18.1,4.4));
#20335=CARTESIAN_POINT('',(0.6,18.1,4.4));
#20336=CARTESIAN_POINT('',(0.6,18.1,4.4));
#20337=CARTESIAN_POINT('',(0.6,18.1,3.9));
#20338=CARTESIAN_POINT('',(0.6,18.1,3.9));
#20339=CARTESIAN_POINT('',(1.1,18.1,3.9));
#20340=CARTESIAN_POINT('',(1.1,18.1,3.9));
#20341=CARTESIAN_POINT('',(1.1,18.1,3.9));
#20342=CARTESIAN_POINT('',(1.1,18.1,3.9));
#20343=CARTESIAN_POINT('',(1.1,18.1,0.730555349946513));
#20344=CARTESIAN_POINT('',(1.1,18.1,0.730555349946513));
#20345=CARTESIAN_POINT('',(0.6,18.1,0.730555349946514));
#20346=CARTESIAN_POINT('',(0.6,18.1,0.730555349946514));
#20347=CARTESIAN_POINT('',(0.85,18.1,0.297542648054294));
#20348=CARTESIAN_POINT('',(0.85,18.1,0.297542648054294));
#20349=CARTESIAN_POINT('',(0.85,18.1,0.297542648054294));
#20350=CARTESIAN_POINT('',(0.85,18.1,0.297542648054294));
#20351=CARTESIAN_POINT('',(0.334641016151378,18.1,0.));
#20352=CARTESIAN_POINT('',(0.334641016151378,18.1,0.));
#20353=CARTESIAN_POINT('',(0.334641016151378,18.1,0.));
#20354=CARTESIAN_POINT('',(0.334641016151378,18.1,0.));
#20355=CARTESIAN_POINT('',(-3.83464101615138,18.1,0.));
#20356=CARTESIAN_POINT('',(-3.83464101615138,18.1,0.));
#20357=CARTESIAN_POINT('',(-3.83464101615138,18.1,0.));
#20358=CARTESIAN_POINT('',(-3.83464101615138,18.1,0.));
#20359=CARTESIAN_POINT('',(-4.85,18.1,0.586217782649107));
#20360=CARTESIAN_POINT('',(-4.85,18.1,0.586217782649107));
#20361=CARTESIAN_POINT('',(-4.6,18.1,1.01923048454132));
#20362=CARTESIAN_POINT('',(-4.6,18.1,1.01923048454132));
#20363=CARTESIAN_POINT('',(-5.1,18.1,1.01923048454133));
#20364=CARTESIAN_POINT('',(-5.1,18.1,1.01923048454133));
#20365=CARTESIAN_POINT('',(-5.1,18.1,1.01923048454133));
#20366=CARTESIAN_POINT('',(-5.1,18.1,1.01923048454133));
#20367=CARTESIAN_POINT('',(-5.1,18.1,1.05));
#20368=CARTESIAN_POINT('',(-5.1,18.1,1.05));
#20369=CARTESIAN_POINT('',(-5.3,18.1,1.05));
#20370=CARTESIAN_POINT('',(-5.3,18.1,1.05));
#20371=CARTESIAN_POINT('',(-5.3,18.1,1.25));
#20372=CARTESIAN_POINT('',(-5.3,18.1,1.25));
#20373=CARTESIAN_POINT('',(-5.3,18.1,1.25));
#20374=CARTESIAN_POINT('',(-5.3,18.1,1.25));
#20375=CARTESIAN_POINT('',(-6.8,18.1,1.25));
#20376=CARTESIAN_POINT('',(-6.8,18.1,1.25));
#20377=CARTESIAN_POINT('',(-6.8,18.1,1.55));
#20378=CARTESIAN_POINT('',(-6.8,18.1,1.55));
#20379=CARTESIAN_POINT('',(-6.8,16.4,3.05));
#20380=CARTESIAN_POINT('',(-7.1,16.4,1.55));
#20381=CARTESIAN_POINT('',(-7.1,16.4,1.55));
#20382=CARTESIAN_POINT('',(-7.1,16.4,3.05));
#20383=CARTESIAN_POINT('',(-6.8,16.4,3.05));
#20384=CARTESIAN_POINT('',(-6.8,16.4,3.35));
#20385=CARTESIAN_POINT('',(-6.8,16.4,3.35));
#20386=CARTESIAN_POINT('',(-5.29506035085059,16.4,3.35));
#20387=CARTESIAN_POINT('',(-5.2950603508506,16.4,3.55));
#20388=CARTESIAN_POINT('',(-5.09647167692635,16.4,3.52628210403494));
#20389=CARTESIAN_POINT('',(-4.6,16.4,3.46698729810778));
#20390=CARTESIAN_POINT('',(-4.85,16.4,3.9));
#20391=CARTESIAN_POINT('',(-4.85,16.4,3.9));
#20392=CARTESIAN_POINT('',(-4.1,16.4,4.33301270189222));
#20393=CARTESIAN_POINT('',(-3.85,16.4,3.90000000000001));
#20394=CARTESIAN_POINT('',(-3.85,16.4,4.4));
#20395=CARTESIAN_POINT('',(-3.85,16.4,4.4));
#20396=CARTESIAN_POINT('',(0.6,16.4,4.4));
#20397=CARTESIAN_POINT('',(0.599999999999999,16.4,3.9));
#20398=CARTESIAN_POINT('',(1.1,16.4,3.9));
#20399=CARTESIAN_POINT('',(1.1,16.4,3.9));
#20400=CARTESIAN_POINT('',(1.1,16.4,0.730555349946513));
#20401=CARTESIAN_POINT('',(0.6,16.4,0.730555349946514));
#20402=CARTESIAN_POINT('',(0.85,16.4,0.297542648054294));
#20403=CARTESIAN_POINT('',(0.85,16.4,0.297542648054294));
#20404=CARTESIAN_POINT('',(0.334641016151378,16.4,0.));
#20405=CARTESIAN_POINT('',(0.334641016151378,16.4,0.));
#20406=CARTESIAN_POINT('',(-3.83464101615138,16.4,0.));
#20407=CARTESIAN_POINT('',(-3.83464101615138,16.4,0.));
#20408=CARTESIAN_POINT('',(-4.85,16.4,0.586217782649107));
#20409=CARTESIAN_POINT('',(-4.6,16.4,1.01923048454132));
#20410=CARTESIAN_POINT('',(-5.1,16.4,1.01923048454133));
#20411=CARTESIAN_POINT('',(-5.1,16.4,1.01923048454133));
#20412=CARTESIAN_POINT('',(-5.1,16.4,1.05));
#20413=CARTESIAN_POINT('',(-5.3,16.4,1.05));
#20414=CARTESIAN_POINT('',(-5.3,16.4,1.25));
#20415=CARTESIAN_POINT('',(-5.3,16.4,1.25));
#20416=CARTESIAN_POINT('',(-6.8,16.4,1.25));
#20417=CARTESIAN_POINT('',(-6.8,16.4,1.55));
#20418=CARTESIAN_POINT('',(-6.8,19.8,1.55));
#20419=CARTESIAN_POINT('',(-6.8,19.8,1.25));
#20420=CARTESIAN_POINT('',(-7.1,19.8,1.55));
#20421=CARTESIAN_POINT('',(-5.3,19.8,1.25));
#20422=CARTESIAN_POINT('',(-5.3,19.8,1.25));
#20423=CARTESIAN_POINT('',(-5.3,19.8,1.05));
#20424=CARTESIAN_POINT('',(-5.1,19.8,1.05));
#20425=CARTESIAN_POINT('',(-5.1,19.8,1.01923048454133));
#20426=CARTESIAN_POINT('',(-5.1,19.8,1.01923048454133));
#20427=CARTESIAN_POINT('',(-4.6,19.8,1.01923048454132));
#20428=CARTESIAN_POINT('',(-4.85,19.8,0.586217782649107));
#20429=CARTESIAN_POINT('',(-3.83464101615138,19.8,0.));
#20430=CARTESIAN_POINT('',(-3.83464101615138,19.8,0.));
#20431=CARTESIAN_POINT('',(0.334641016151378,19.8,0.));
#20432=CARTESIAN_POINT('',(0.334641016151378,19.8,0.));
#20433=CARTESIAN_POINT('',(0.85,19.8,0.297542648054294));
#20434=CARTESIAN_POINT('',(0.85,19.8,0.297542648054294));
#20435=CARTESIAN_POINT('',(0.6,19.8,0.730555349946514));
#20436=CARTESIAN_POINT('',(1.1,19.8,0.730555349946513));
#20437=CARTESIAN_POINT('',(1.1,19.8,3.9));
#20438=CARTESIAN_POINT('',(1.1,19.8,3.9));
#20439=CARTESIAN_POINT('',(0.599999999999999,19.8,3.9));
#20440=CARTESIAN_POINT('',(0.6,19.8,4.4));
#20441=CARTESIAN_POINT('',(-3.85,19.8,4.4));
#20442=CARTESIAN_POINT('',(-3.85,19.8,4.4));
#20443=CARTESIAN_POINT('',(-3.85,19.8,3.90000000000001));
#20444=CARTESIAN_POINT('',(-4.1,19.8,4.33301270189222));
#20445=CARTESIAN_POINT('',(-4.85,19.8,3.9));
#20446=CARTESIAN_POINT('',(-4.85,19.8,3.9));
#20447=CARTESIAN_POINT('',(-4.6,19.8,3.46698729810778));
#20448=CARTESIAN_POINT('',(-5.09647167692635,19.8,3.52628210403494));
#20449=CARTESIAN_POINT('',(-5.2950603508506,19.8,3.55));
#20450=CARTESIAN_POINT('',(-5.29506035085059,19.8,3.35));
#20451=CARTESIAN_POINT('',(-6.8,19.8,3.35));
#20452=CARTESIAN_POINT('',(-6.8,19.8,3.35));
#20453=CARTESIAN_POINT('',(-6.8,19.8,3.05));
#20454=CARTESIAN_POINT('',(-7.1,19.8,3.05));
#20455=CARTESIAN_POINT('',(-7.1,19.8,1.55));
#20456=CARTESIAN_POINT('',(-7.1,18.1,6.55));
#20457=CARTESIAN_POINT('',(-7.1,18.1,6.55));
#20458=CARTESIAN_POINT('',(-7.1,18.1,6.55));
#20459=CARTESIAN_POINT('',(-7.1,18.1,8.05));
#20460=CARTESIAN_POINT('',(-7.1,18.1,6.55));
#20461=CARTESIAN_POINT('',(-7.1,18.1,8.05));
#20462=CARTESIAN_POINT('',(-6.8,18.1,8.05));
#20463=CARTESIAN_POINT('',(-6.8,18.1,8.05));
#20464=CARTESIAN_POINT('',(-6.8,18.1,8.35));
#20465=CARTESIAN_POINT('',(-6.8,18.1,8.35));
#20466=CARTESIAN_POINT('',(-6.8,18.1,8.35));
#20467=CARTESIAN_POINT('',(-6.8,18.1,8.35));
#20468=CARTESIAN_POINT('',(-5.29506035085059,18.1,8.35));
#20469=CARTESIAN_POINT('',(-5.29506035085059,18.1,8.35));
#20470=CARTESIAN_POINT('',(-5.29506035085059,18.1,8.55));
#20471=CARTESIAN_POINT('',(-5.29506035085059,18.1,8.55));
#20472=CARTESIAN_POINT('',(-5.09647167692635,18.1,8.52628210403494));
#20473=CARTESIAN_POINT('',(-5.09647167692635,18.1,8.52628210403494));
#20474=CARTESIAN_POINT('',(-4.6,18.1,8.46698729810778));
#20475=CARTESIAN_POINT('',(-4.6,18.1,8.46698729810778));
#20476=CARTESIAN_POINT('',(-4.85,18.1,8.9));
#20477=CARTESIAN_POINT('',(-4.85,18.1,8.9));
#20478=CARTESIAN_POINT('',(-4.85,18.1,8.9));
#20479=CARTESIAN_POINT('',(-4.85,18.1,8.9));
#20480=CARTESIAN_POINT('',(-4.1,18.1,9.33301270189222));
#20481=CARTESIAN_POINT('',(-4.1,18.1,9.33301270189222));
#20482=CARTESIAN_POINT('',(-3.85,18.1,8.90000000000001));
#20483=CARTESIAN_POINT('',(-3.85,18.1,8.90000000000001));
#20484=CARTESIAN_POINT('',(-3.85,18.1,9.4));
#20485=CARTESIAN_POINT('',(-3.85,18.1,9.4));
#20486=CARTESIAN_POINT('',(-3.85,18.1,9.4));
#20487=CARTESIAN_POINT('',(-3.85,18.1,9.4));
#20488=CARTESIAN_POINT('',(0.6,18.1,9.4));
#20489=CARTESIAN_POINT('',(0.6,18.1,9.4));
#20490=CARTESIAN_POINT('',(0.6,18.1,8.9));
#20491=CARTESIAN_POINT('',(0.6,18.1,8.9));
#20492=CARTESIAN_POINT('',(1.1,18.1,8.9));
#20493=CARTESIAN_POINT('',(1.1,18.1,8.9));
#20494=CARTESIAN_POINT('',(1.1,18.1,8.9));
#20495=CARTESIAN_POINT('',(1.1,18.1,8.9));
#20496=CARTESIAN_POINT('',(1.1,18.1,5.73055534994651));
#20497=CARTESIAN_POINT('',(1.1,18.1,5.73055534994651));
#20498=CARTESIAN_POINT('',(0.6,18.1,5.73055534994651));
#20499=CARTESIAN_POINT('',(0.6,18.1,5.73055534994651));
#20500=CARTESIAN_POINT('',(0.85,18.1,5.29754264805429));
#20501=CARTESIAN_POINT('',(0.85,18.1,5.29754264805429));
#20502=CARTESIAN_POINT('',(0.85,18.1,5.29754264805429));
#20503=CARTESIAN_POINT('',(0.85,18.1,5.29754264805429));
#20504=CARTESIAN_POINT('',(0.334641016151378,18.1,5.));
#20505=CARTESIAN_POINT('',(0.334641016151378,18.1,5.));
#20506=CARTESIAN_POINT('',(0.334641016151378,18.1,5.));
#20507=CARTESIAN_POINT('',(0.334641016151378,18.1,5.));
#20508=CARTESIAN_POINT('',(-3.83464101615138,18.1,5.));
#20509=CARTESIAN_POINT('',(-3.83464101615138,18.1,5.));
#20510=CARTESIAN_POINT('',(-3.83464101615138,18.1,5.));
#20511=CARTESIAN_POINT('',(-3.83464101615138,18.1,5.));
#20512=CARTESIAN_POINT('',(-4.85,18.1,5.58621778264911));
#20513=CARTESIAN_POINT('',(-4.85,18.1,5.58621778264911));
#20514=CARTESIAN_POINT('',(-4.6,18.1,6.01923048454132));
#20515=CARTESIAN_POINT('',(-4.6,18.1,6.01923048454132));
#20516=CARTESIAN_POINT('',(-5.1,18.1,6.01923048454133));
#20517=CARTESIAN_POINT('',(-5.1,18.1,6.01923048454133));
#20518=CARTESIAN_POINT('',(-5.1,18.1,6.01923048454133));
#20519=CARTESIAN_POINT('',(-5.1,18.1,6.01923048454133));
#20520=CARTESIAN_POINT('',(-5.1,18.1,6.05));
#20521=CARTESIAN_POINT('',(-5.1,18.1,6.05));
#20522=CARTESIAN_POINT('',(-5.3,18.1,6.05));
#20523=CARTESIAN_POINT('',(-5.3,18.1,6.05));
#20524=CARTESIAN_POINT('',(-5.3,18.1,6.25));
#20525=CARTESIAN_POINT('',(-5.3,18.1,6.25));
#20526=CARTESIAN_POINT('',(-5.3,18.1,6.25));
#20527=CARTESIAN_POINT('',(-5.3,18.1,6.25));
#20528=CARTESIAN_POINT('',(-6.8,18.1,6.25));
#20529=CARTESIAN_POINT('',(-6.8,18.1,6.25));
#20530=CARTESIAN_POINT('',(-6.8,18.1,6.55));
#20531=CARTESIAN_POINT('',(-6.8,18.1,6.55));
#20532=CARTESIAN_POINT('',(-7.1,18.1,11.55));
#20533=CARTESIAN_POINT('',(-7.1,18.1,11.55));
#20534=CARTESIAN_POINT('',(-7.1,18.1,11.55));
#20535=CARTESIAN_POINT('',(-7.1,18.1,13.05));
#20536=CARTESIAN_POINT('',(-7.1,18.1,11.55));
#20537=CARTESIAN_POINT('',(-7.1,18.1,13.05));
#20538=CARTESIAN_POINT('',(-6.8,18.1,13.05));
#20539=CARTESIAN_POINT('',(-6.8,18.1,13.05));
#20540=CARTESIAN_POINT('',(-6.8,18.1,13.35));
#20541=CARTESIAN_POINT('',(-6.8,18.1,13.35));
#20542=CARTESIAN_POINT('',(-6.8,18.1,13.35));
#20543=CARTESIAN_POINT('',(-6.8,18.1,13.35));
#20544=CARTESIAN_POINT('',(-5.29506035085059,18.1,13.35));
#20545=CARTESIAN_POINT('',(-5.29506035085059,18.1,13.35));
#20546=CARTESIAN_POINT('',(-5.29506035085059,18.1,13.55));
#20547=CARTESIAN_POINT('',(-5.29506035085059,18.1,13.55));
#20548=CARTESIAN_POINT('',(-5.09647167692635,18.1,13.5262821040349));
#20549=CARTESIAN_POINT('',(-5.09647167692635,18.1,13.5262821040349));
#20550=CARTESIAN_POINT('',(-4.6,18.1,13.4669872981078));
#20551=CARTESIAN_POINT('',(-4.6,18.1,13.4669872981078));
#20552=CARTESIAN_POINT('',(-4.85,18.1,13.9));
#20553=CARTESIAN_POINT('',(-4.85,18.1,13.9));
#20554=CARTESIAN_POINT('',(-4.85,18.1,13.9));
#20555=CARTESIAN_POINT('',(-4.85,18.1,13.9));
#20556=CARTESIAN_POINT('',(-4.1,18.1,14.3330127018922));
#20557=CARTESIAN_POINT('',(-4.1,18.1,14.3330127018922));
#20558=CARTESIAN_POINT('',(-3.85,18.1,13.9));
#20559=CARTESIAN_POINT('',(-3.85,18.1,13.9));
#20560=CARTESIAN_POINT('',(-3.85,18.1,14.4));
#20561=CARTESIAN_POINT('',(-3.85,18.1,14.4));
#20562=CARTESIAN_POINT('',(-3.85,18.1,14.4));
#20563=CARTESIAN_POINT('',(-3.85,18.1,14.4));
#20564=CARTESIAN_POINT('',(0.6,18.1,14.4));
#20565=CARTESIAN_POINT('',(0.6,18.1,14.4));
#20566=CARTESIAN_POINT('',(0.6,18.1,13.9));
#20567=CARTESIAN_POINT('',(0.6,18.1,13.9));
#20568=CARTESIAN_POINT('',(1.1,18.1,13.9));
#20569=CARTESIAN_POINT('',(1.1,18.1,13.9));
#20570=CARTESIAN_POINT('',(1.1,18.1,13.9));
#20571=CARTESIAN_POINT('',(1.1,18.1,13.9));
#20572=CARTESIAN_POINT('',(1.1,18.1,10.7305553499465));
#20573=CARTESIAN_POINT('',(1.1,18.1,10.7305553499465));
#20574=CARTESIAN_POINT('',(0.6,18.1,10.7305553499465));
#20575=CARTESIAN_POINT('',(0.6,18.1,10.7305553499465));
#20576=CARTESIAN_POINT('',(0.85,18.1,10.2975426480543));
#20577=CARTESIAN_POINT('',(0.85,18.1,10.2975426480543));
#20578=CARTESIAN_POINT('',(0.85,18.1,10.2975426480543));
#20579=CARTESIAN_POINT('',(0.85,18.1,10.2975426480543));
#20580=CARTESIAN_POINT('',(0.334641016151378,18.1,10.));
#20581=CARTESIAN_POINT('',(0.334641016151378,18.1,10.));
#20582=CARTESIAN_POINT('',(0.334641016151378,18.1,10.));
#20583=CARTESIAN_POINT('',(0.334641016151378,18.1,10.));
#20584=CARTESIAN_POINT('',(-3.83464101615138,18.1,10.));
#20585=CARTESIAN_POINT('',(-3.83464101615138,18.1,10.));
#20586=CARTESIAN_POINT('',(-3.83464101615138,18.1,10.));
#20587=CARTESIAN_POINT('',(-3.83464101615138,18.1,10.));
#20588=CARTESIAN_POINT('',(-4.85,18.1,10.5862177826491));
#20589=CARTESIAN_POINT('',(-4.85,18.1,10.5862177826491));
#20590=CARTESIAN_POINT('',(-4.6,18.1,11.0192304845413));
#20591=CARTESIAN_POINT('',(-4.6,18.1,11.0192304845413));
#20592=CARTESIAN_POINT('',(-5.1,18.1,11.0192304845413));
#20593=CARTESIAN_POINT('',(-5.1,18.1,11.0192304845413));
#20594=CARTESIAN_POINT('',(-5.1,18.1,11.0192304845413));
#20595=CARTESIAN_POINT('',(-5.1,18.1,11.0192304845413));
#20596=CARTESIAN_POINT('',(-5.1,18.1,11.05));
#20597=CARTESIAN_POINT('',(-5.1,18.1,11.05));
#20598=CARTESIAN_POINT('',(-5.3,18.1,11.05));
#20599=CARTESIAN_POINT('',(-5.3,18.1,11.05));
#20600=CARTESIAN_POINT('',(-5.3,18.1,11.25));
#20601=CARTESIAN_POINT('',(-5.3,18.1,11.25));
#20602=CARTESIAN_POINT('',(-5.3,18.1,11.25));
#20603=CARTESIAN_POINT('',(-5.3,18.1,11.25));
#20604=CARTESIAN_POINT('',(-6.8,18.1,11.25));
#20605=CARTESIAN_POINT('',(-6.8,18.1,11.25));
#20606=CARTESIAN_POINT('',(-6.8,18.1,11.55));
#20607=CARTESIAN_POINT('',(-6.8,18.1,11.55));
#20608=CARTESIAN_POINT('',(-7.1,18.1,16.55));
#20609=CARTESIAN_POINT('',(-7.1,18.1,16.55));
#20610=CARTESIAN_POINT('',(-7.1,18.1,16.55));
#20611=CARTESIAN_POINT('',(-7.1,18.1,18.05));
#20612=CARTESIAN_POINT('',(-7.1,18.1,16.55));
#20613=CARTESIAN_POINT('',(-7.1,18.1,18.05));
#20614=CARTESIAN_POINT('',(-6.8,18.1,18.05));
#20615=CARTESIAN_POINT('',(-6.8,18.1,18.05));
#20616=CARTESIAN_POINT('',(-6.8,18.1,18.35));
#20617=CARTESIAN_POINT('',(-6.8,18.1,18.35));
#20618=CARTESIAN_POINT('',(-6.8,18.1,18.35));
#20619=CARTESIAN_POINT('',(-6.8,18.1,18.35));
#20620=CARTESIAN_POINT('',(-5.29506035085059,18.1,18.35));
#20621=CARTESIAN_POINT('',(-5.29506035085059,18.1,18.35));
#20622=CARTESIAN_POINT('',(-5.29506035085059,18.1,18.55));
#20623=CARTESIAN_POINT('',(-5.29506035085059,18.1,18.55));
#20624=CARTESIAN_POINT('',(-5.09647167692635,18.1,18.5262821040349));
#20625=CARTESIAN_POINT('',(-5.09647167692635,18.1,18.5262821040349));
#20626=CARTESIAN_POINT('',(-4.6,18.1,18.4669872981078));
#20627=CARTESIAN_POINT('',(-4.6,18.1,18.4669872981078));
#20628=CARTESIAN_POINT('',(-4.85,18.1,18.9));
#20629=CARTESIAN_POINT('',(-4.85,18.1,18.9));
#20630=CARTESIAN_POINT('',(-4.85,18.1,18.9));
#20631=CARTESIAN_POINT('',(-4.85,18.1,18.9));
#20632=CARTESIAN_POINT('',(-4.1,18.1,19.3330127018922));
#20633=CARTESIAN_POINT('',(-4.1,18.1,19.3330127018922));
#20634=CARTESIAN_POINT('',(-3.85,18.1,18.9));
#20635=CARTESIAN_POINT('',(-3.85,18.1,18.9));
#20636=CARTESIAN_POINT('',(-3.85,18.1,19.4));
#20637=CARTESIAN_POINT('',(-3.85,18.1,19.4));
#20638=CARTESIAN_POINT('',(-3.85,18.1,19.4));
#20639=CARTESIAN_POINT('',(-3.85,18.1,19.4));
#20640=CARTESIAN_POINT('',(0.6,18.1,19.4));
#20641=CARTESIAN_POINT('',(0.6,18.1,19.4));
#20642=CARTESIAN_POINT('',(0.6,18.1,18.9));
#20643=CARTESIAN_POINT('',(0.6,18.1,18.9));
#20644=CARTESIAN_POINT('',(1.1,18.1,18.9));
#20645=CARTESIAN_POINT('',(1.1,18.1,18.9));
#20646=CARTESIAN_POINT('',(1.1,18.1,18.9));
#20647=CARTESIAN_POINT('',(1.1,18.1,18.9));
#20648=CARTESIAN_POINT('',(1.1,18.1,15.7305553499465));
#20649=CARTESIAN_POINT('',(1.1,18.1,15.7305553499465));
#20650=CARTESIAN_POINT('',(0.6,18.1,15.7305553499465));
#20651=CARTESIAN_POINT('',(0.6,18.1,15.7305553499465));
#20652=CARTESIAN_POINT('',(0.85,18.1,15.2975426480543));
#20653=CARTESIAN_POINT('',(0.85,18.1,15.2975426480543));
#20654=CARTESIAN_POINT('',(0.85,18.1,15.2975426480543));
#20655=CARTESIAN_POINT('',(0.85,18.1,15.2975426480543));
#20656=CARTESIAN_POINT('',(0.334641016151378,18.1,15.));
#20657=CARTESIAN_POINT('',(0.334641016151378,18.1,15.));
#20658=CARTESIAN_POINT('',(0.334641016151378,18.1,15.));
#20659=CARTESIAN_POINT('',(0.334641016151378,18.1,15.));
#20660=CARTESIAN_POINT('',(-3.83464101615138,18.1,15.));
#20661=CARTESIAN_POINT('',(-3.83464101615138,18.1,15.));
#20662=CARTESIAN_POINT('',(-3.83464101615138,18.1,15.));
#20663=CARTESIAN_POINT('',(-3.83464101615138,18.1,15.));
#20664=CARTESIAN_POINT('',(-4.85,18.1,15.5862177826491));
#20665=CARTESIAN_POINT('',(-4.85,18.1,15.5862177826491));
#20666=CARTESIAN_POINT('',(-4.6,18.1,16.0192304845413));
#20667=CARTESIAN_POINT('',(-4.6,18.1,16.0192304845413));
#20668=CARTESIAN_POINT('',(-5.1,18.1,16.0192304845413));
#20669=CARTESIAN_POINT('',(-5.1,18.1,16.0192304845413));
#20670=CARTESIAN_POINT('',(-5.1,18.1,16.0192304845413));
#20671=CARTESIAN_POINT('',(-5.1,18.1,16.0192304845413));
#20672=CARTESIAN_POINT('',(-5.1,18.1,16.05));
#20673=CARTESIAN_POINT('',(-5.1,18.1,16.05));
#20674=CARTESIAN_POINT('',(-5.3,18.1,16.05));
#20675=CARTESIAN_POINT('',(-5.3,18.1,16.05));
#20676=CARTESIAN_POINT('',(-5.3,18.1,16.25));
#20677=CARTESIAN_POINT('',(-5.3,18.1,16.25));
#20678=CARTESIAN_POINT('',(-5.3,18.1,16.25));
#20679=CARTESIAN_POINT('',(-5.3,18.1,16.25));
#20680=CARTESIAN_POINT('',(-6.8,18.1,16.25));
#20681=CARTESIAN_POINT('',(-6.8,18.1,16.25));
#20682=CARTESIAN_POINT('',(-6.8,18.1,16.55));
#20683=CARTESIAN_POINT('',(-6.8,18.1,16.55));
#20684=CARTESIAN_POINT('',(-7.1,18.1,21.55));
#20685=CARTESIAN_POINT('',(-7.1,18.1,21.55));
#20686=CARTESIAN_POINT('',(-7.1,18.1,21.55));
#20687=CARTESIAN_POINT('',(-7.1,18.1,23.05));
#20688=CARTESIAN_POINT('',(-7.1,18.1,21.55));
#20689=CARTESIAN_POINT('',(-7.1,18.1,23.05));
#20690=CARTESIAN_POINT('',(-6.8,18.1,23.05));
#20691=CARTESIAN_POINT('',(-6.8,18.1,23.05));
#20692=CARTESIAN_POINT('',(-6.8,18.1,23.35));
#20693=CARTESIAN_POINT('',(-6.8,18.1,23.35));
#20694=CARTESIAN_POINT('',(-6.8,18.1,23.35));
#20695=CARTESIAN_POINT('',(-6.8,18.1,23.35));
#20696=CARTESIAN_POINT('',(-5.29506035085059,18.1,23.35));
#20697=CARTESIAN_POINT('',(-5.29506035085059,18.1,23.35));
#20698=CARTESIAN_POINT('',(-5.29506035085059,18.1,23.55));
#20699=CARTESIAN_POINT('',(-5.29506035085059,18.1,23.55));
#20700=CARTESIAN_POINT('',(-5.09647167692635,18.1,23.5262821040349));
#20701=CARTESIAN_POINT('',(-5.09647167692635,18.1,23.5262821040349));
#20702=CARTESIAN_POINT('',(-4.6,18.1,23.4669872981078));
#20703=CARTESIAN_POINT('',(-4.6,18.1,23.4669872981078));
#20704=CARTESIAN_POINT('',(-4.85,18.1,23.9));
#20705=CARTESIAN_POINT('',(-4.85,18.1,23.9));
#20706=CARTESIAN_POINT('',(-4.85,18.1,23.9));
#20707=CARTESIAN_POINT('',(-4.85,18.1,23.9));
#20708=CARTESIAN_POINT('',(-4.1,18.1,24.3330127018922));
#20709=CARTESIAN_POINT('',(-4.1,18.1,24.3330127018922));
#20710=CARTESIAN_POINT('',(-3.85,18.1,23.9));
#20711=CARTESIAN_POINT('',(-3.85,18.1,23.9));
#20712=CARTESIAN_POINT('',(-3.85,18.1,24.4));
#20713=CARTESIAN_POINT('',(-3.85,18.1,24.4));
#20714=CARTESIAN_POINT('',(-3.85,18.1,24.4));
#20715=CARTESIAN_POINT('',(-3.85,18.1,24.4));
#20716=CARTESIAN_POINT('',(0.6,18.1,24.4));
#20717=CARTESIAN_POINT('',(0.6,18.1,24.4));
#20718=CARTESIAN_POINT('',(0.6,18.1,23.9));
#20719=CARTESIAN_POINT('',(0.6,18.1,23.9));
#20720=CARTESIAN_POINT('',(1.1,18.1,23.9));
#20721=CARTESIAN_POINT('',(1.1,18.1,23.9));
#20722=CARTESIAN_POINT('',(1.1,18.1,23.9));
#20723=CARTESIAN_POINT('',(1.1,18.1,23.9));
#20724=CARTESIAN_POINT('',(1.1,18.1,20.7305553499465));
#20725=CARTESIAN_POINT('',(1.1,18.1,20.7305553499465));
#20726=CARTESIAN_POINT('',(0.6,18.1,20.7305553499465));
#20727=CARTESIAN_POINT('',(0.6,18.1,20.7305553499465));
#20728=CARTESIAN_POINT('',(0.85,18.1,20.2975426480543));
#20729=CARTESIAN_POINT('',(0.85,18.1,20.2975426480543));
#20730=CARTESIAN_POINT('',(0.85,18.1,20.2975426480543));
#20731=CARTESIAN_POINT('',(0.85,18.1,20.2975426480543));
#20732=CARTESIAN_POINT('',(0.334641016151378,18.1,20.));
#20733=CARTESIAN_POINT('',(0.334641016151378,18.1,20.));
#20734=CARTESIAN_POINT('',(0.334641016151378,18.1,20.));
#20735=CARTESIAN_POINT('',(0.334641016151378,18.1,20.));
#20736=CARTESIAN_POINT('',(-3.83464101615138,18.1,20.));
#20737=CARTESIAN_POINT('',(-3.83464101615138,18.1,20.));
#20738=CARTESIAN_POINT('',(-3.83464101615138,18.1,20.));
#20739=CARTESIAN_POINT('',(-3.83464101615138,18.1,20.));
#20740=CARTESIAN_POINT('',(-4.85,18.1,20.5862177826491));
#20741=CARTESIAN_POINT('',(-4.85,18.1,20.5862177826491));
#20742=CARTESIAN_POINT('',(-4.6,18.1,21.0192304845413));
#20743=CARTESIAN_POINT('',(-4.6,18.1,21.0192304845413));
#20744=CARTESIAN_POINT('',(-5.1,18.1,21.0192304845413));
#20745=CARTESIAN_POINT('',(-5.1,18.1,21.0192304845413));
#20746=CARTESIAN_POINT('',(-5.1,18.1,21.0192304845413));
#20747=CARTESIAN_POINT('',(-5.1,18.1,21.0192304845413));
#20748=CARTESIAN_POINT('',(-5.1,18.1,21.05));
#20749=CARTESIAN_POINT('',(-5.1,18.1,21.05));
#20750=CARTESIAN_POINT('',(-5.3,18.1,21.05));
#20751=CARTESIAN_POINT('',(-5.3,18.1,21.05));
#20752=CARTESIAN_POINT('',(-5.3,18.1,21.25));
#20753=CARTESIAN_POINT('',(-5.3,18.1,21.25));
#20754=CARTESIAN_POINT('',(-5.3,18.1,21.25));
#20755=CARTESIAN_POINT('',(-5.3,18.1,21.25));
#20756=CARTESIAN_POINT('',(-6.8,18.1,21.25));
#20757=CARTESIAN_POINT('',(-6.8,18.1,21.25));
#20758=CARTESIAN_POINT('',(-6.8,18.1,21.55));
#20759=CARTESIAN_POINT('',(-6.8,18.1,21.55));
#20760=CARTESIAN_POINT('',(-6.8,16.4,8.05));
#20761=CARTESIAN_POINT('',(-7.1,16.4,6.55));
#20762=CARTESIAN_POINT('',(-7.1,16.4,6.55));
#20763=CARTESIAN_POINT('',(-7.1,16.4,8.05));
#20764=CARTESIAN_POINT('',(-6.8,16.4,8.05));
#20765=CARTESIAN_POINT('',(-6.8,16.4,8.35));
#20766=CARTESIAN_POINT('',(-6.8,16.4,8.35));
#20767=CARTESIAN_POINT('',(-5.29506035085059,16.4,8.35));
#20768=CARTESIAN_POINT('',(-5.2950603508506,16.4,8.55));
#20769=CARTESIAN_POINT('',(-5.09647167692635,16.4,8.52628210403494));
#20770=CARTESIAN_POINT('',(-4.6,16.4,8.46698729810778));
#20771=CARTESIAN_POINT('',(-4.85,16.4,8.9));
#20772=CARTESIAN_POINT('',(-4.85,16.4,8.9));
#20773=CARTESIAN_POINT('',(-4.1,16.4,9.33301270189222));
#20774=CARTESIAN_POINT('',(-3.85,16.4,8.90000000000001));
#20775=CARTESIAN_POINT('',(-3.85,16.4,9.4));
#20776=CARTESIAN_POINT('',(-3.85,16.4,9.4));
#20777=CARTESIAN_POINT('',(0.6,16.4,9.4));
#20778=CARTESIAN_POINT('',(0.599999999999999,16.4,8.9));
#20779=CARTESIAN_POINT('',(1.1,16.4,8.9));
#20780=CARTESIAN_POINT('',(1.1,16.4,8.9));
#20781=CARTESIAN_POINT('',(1.1,16.4,5.73055534994651));
#20782=CARTESIAN_POINT('',(0.6,16.4,5.73055534994651));
#20783=CARTESIAN_POINT('',(0.85,16.4,5.29754264805429));
#20784=CARTESIAN_POINT('',(0.85,16.4,5.29754264805429));
#20785=CARTESIAN_POINT('',(0.334641016151378,16.4,5.));
#20786=CARTESIAN_POINT('',(0.334641016151378,16.4,5.));
#20787=CARTESIAN_POINT('',(-3.83464101615138,16.4,5.));
#20788=CARTESIAN_POINT('',(-3.83464101615138,16.4,5.));
#20789=CARTESIAN_POINT('',(-4.85,16.4,5.58621778264911));
#20790=CARTESIAN_POINT('',(-4.6,16.4,6.01923048454132));
#20791=CARTESIAN_POINT('',(-5.1,16.4,6.01923048454133));
#20792=CARTESIAN_POINT('',(-5.1,16.4,6.01923048454133));
#20793=CARTESIAN_POINT('',(-5.1,16.4,6.05));
#20794=CARTESIAN_POINT('',(-5.3,16.4,6.05));
#20795=CARTESIAN_POINT('',(-5.3,16.4,6.25));
#20796=CARTESIAN_POINT('',(-5.3,16.4,6.25));
#20797=CARTESIAN_POINT('',(-6.8,16.4,6.25));
#20798=CARTESIAN_POINT('',(-6.8,16.4,6.55));
#20799=CARTESIAN_POINT('',(-6.8,19.8,6.55));
#20800=CARTESIAN_POINT('',(-6.8,19.8,6.25));
#20801=CARTESIAN_POINT('',(-7.1,19.8,6.55));
#20802=CARTESIAN_POINT('',(-5.3,19.8,6.25));
#20803=CARTESIAN_POINT('',(-5.3,19.8,6.25));
#20804=CARTESIAN_POINT('',(-5.3,19.8,6.05));
#20805=CARTESIAN_POINT('',(-5.1,19.8,6.05));
#20806=CARTESIAN_POINT('',(-5.1,19.8,6.01923048454133));
#20807=CARTESIAN_POINT('',(-5.1,19.8,6.01923048454133));
#20808=CARTESIAN_POINT('',(-4.6,19.8,6.01923048454132));
#20809=CARTESIAN_POINT('',(-4.85,19.8,5.58621778264911));
#20810=CARTESIAN_POINT('',(-3.83464101615138,19.8,5.));
#20811=CARTESIAN_POINT('',(-3.83464101615138,19.8,5.));
#20812=CARTESIAN_POINT('',(0.334641016151378,19.8,5.));
#20813=CARTESIAN_POINT('',(0.334641016151378,19.8,5.));
#20814=CARTESIAN_POINT('',(0.85,19.8,5.29754264805429));
#20815=CARTESIAN_POINT('',(0.85,19.8,5.29754264805429));
#20816=CARTESIAN_POINT('',(0.6,19.8,5.73055534994651));
#20817=CARTESIAN_POINT('',(1.1,19.8,5.73055534994651));
#20818=CARTESIAN_POINT('',(1.1,19.8,8.9));
#20819=CARTESIAN_POINT('',(1.1,19.8,8.9));
#20820=CARTESIAN_POINT('',(0.599999999999999,19.8,8.9));
#20821=CARTESIAN_POINT('',(0.6,19.8,9.4));
#20822=CARTESIAN_POINT('',(-3.85,19.8,9.4));
#20823=CARTESIAN_POINT('',(-3.85,19.8,9.4));
#20824=CARTESIAN_POINT('',(-3.85,19.8,8.90000000000001));
#20825=CARTESIAN_POINT('',(-4.1,19.8,9.33301270189222));
#20826=CARTESIAN_POINT('',(-4.85,19.8,8.9));
#20827=CARTESIAN_POINT('',(-4.85,19.8,8.9));
#20828=CARTESIAN_POINT('',(-4.6,19.8,8.46698729810778));
#20829=CARTESIAN_POINT('',(-5.09647167692635,19.8,8.52628210403494));
#20830=CARTESIAN_POINT('',(-5.2950603508506,19.8,8.55));
#20831=CARTESIAN_POINT('',(-5.29506035085059,19.8,8.35));
#20832=CARTESIAN_POINT('',(-6.8,19.8,8.35));
#20833=CARTESIAN_POINT('',(-6.8,19.8,8.35));
#20834=CARTESIAN_POINT('',(-6.8,19.8,8.05));
#20835=CARTESIAN_POINT('',(-7.1,19.8,8.05));
#20836=CARTESIAN_POINT('',(-7.1,19.8,6.55));
#20837=CARTESIAN_POINT('',(-6.8,16.4,13.05));
#20838=CARTESIAN_POINT('',(-7.1,16.4,11.55));
#20839=CARTESIAN_POINT('',(-7.1,16.4,11.55));
#20840=CARTESIAN_POINT('',(-7.1,16.4,13.05));
#20841=CARTESIAN_POINT('',(-6.8,16.4,13.05));
#20842=CARTESIAN_POINT('',(-6.8,16.4,13.35));
#20843=CARTESIAN_POINT('',(-6.8,16.4,13.35));
#20844=CARTESIAN_POINT('',(-5.29506035085059,16.4,13.35));
#20845=CARTESIAN_POINT('',(-5.2950603508506,16.4,13.55));
#20846=CARTESIAN_POINT('',(-5.09647167692635,16.4,13.5262821040349));
#20847=CARTESIAN_POINT('',(-4.6,16.4,13.4669872981078));
#20848=CARTESIAN_POINT('',(-4.85,16.4,13.9));
#20849=CARTESIAN_POINT('',(-4.85,16.4,13.9));
#20850=CARTESIAN_POINT('',(-4.1,16.4,14.3330127018922));
#20851=CARTESIAN_POINT('',(-3.85,16.4,13.9));
#20852=CARTESIAN_POINT('',(-3.85,16.4,14.4));
#20853=CARTESIAN_POINT('',(-3.85,16.4,14.4));
#20854=CARTESIAN_POINT('',(0.6,16.4,14.4));
#20855=CARTESIAN_POINT('',(0.599999999999999,16.4,13.9));
#20856=CARTESIAN_POINT('',(1.1,16.4,13.9));
#20857=CARTESIAN_POINT('',(1.1,16.4,13.9));
#20858=CARTESIAN_POINT('',(1.1,16.4,10.7305553499465));
#20859=CARTESIAN_POINT('',(0.6,16.4,10.7305553499465));
#20860=CARTESIAN_POINT('',(0.85,16.4,10.2975426480543));
#20861=CARTESIAN_POINT('',(0.85,16.4,10.2975426480543));
#20862=CARTESIAN_POINT('',(0.334641016151378,16.4,10.));
#20863=CARTESIAN_POINT('',(0.334641016151378,16.4,10.));
#20864=CARTESIAN_POINT('',(-3.83464101615138,16.4,10.));
#20865=CARTESIAN_POINT('',(-3.83464101615138,16.4,10.));
#20866=CARTESIAN_POINT('',(-4.85,16.4,10.5862177826491));
#20867=CARTESIAN_POINT('',(-4.6,16.4,11.0192304845413));
#20868=CARTESIAN_POINT('',(-5.1,16.4,11.0192304845413));
#20869=CARTESIAN_POINT('',(-5.1,16.4,11.0192304845413));
#20870=CARTESIAN_POINT('',(-5.1,16.4,11.05));
#20871=CARTESIAN_POINT('',(-5.3,16.4,11.05));
#20872=CARTESIAN_POINT('',(-5.3,16.4,11.25));
#20873=CARTESIAN_POINT('',(-5.3,16.4,11.25));
#20874=CARTESIAN_POINT('',(-6.8,16.4,11.25));
#20875=CARTESIAN_POINT('',(-6.8,16.4,11.55));
#20876=CARTESIAN_POINT('',(-6.8,19.8,11.55));
#20877=CARTESIAN_POINT('',(-6.8,19.8,11.25));
#20878=CARTESIAN_POINT('',(-7.1,19.8,11.55));
#20879=CARTESIAN_POINT('',(-5.3,19.8,11.25));
#20880=CARTESIAN_POINT('',(-5.3,19.8,11.25));
#20881=CARTESIAN_POINT('',(-5.3,19.8,11.05));
#20882=CARTESIAN_POINT('',(-5.1,19.8,11.05));
#20883=CARTESIAN_POINT('',(-5.1,19.8,11.0192304845413));
#20884=CARTESIAN_POINT('',(-5.1,19.8,11.0192304845413));
#20885=CARTESIAN_POINT('',(-4.6,19.8,11.0192304845413));
#20886=CARTESIAN_POINT('',(-4.85,19.8,10.5862177826491));
#20887=CARTESIAN_POINT('',(-3.83464101615138,19.8,10.));
#20888=CARTESIAN_POINT('',(-3.83464101615138,19.8,10.));
#20889=CARTESIAN_POINT('',(0.334641016151378,19.8,10.));
#20890=CARTESIAN_POINT('',(0.334641016151378,19.8,10.));
#20891=CARTESIAN_POINT('',(0.85,19.8,10.2975426480543));
#20892=CARTESIAN_POINT('',(0.85,19.8,10.2975426480543));
#20893=CARTESIAN_POINT('',(0.6,19.8,10.7305553499465));
#20894=CARTESIAN_POINT('',(1.1,19.8,10.7305553499465));
#20895=CARTESIAN_POINT('',(1.1,19.8,13.9));
#20896=CARTESIAN_POINT('',(1.1,19.8,13.9));
#20897=CARTESIAN_POINT('',(0.599999999999999,19.8,13.9));
#20898=CARTESIAN_POINT('',(0.6,19.8,14.4));
#20899=CARTESIAN_POINT('',(-3.85,19.8,14.4));
#20900=CARTESIAN_POINT('',(-3.85,19.8,14.4));
#20901=CARTESIAN_POINT('',(-3.85,19.8,13.9));
#20902=CARTESIAN_POINT('',(-4.1,19.8,14.3330127018922));
#20903=CARTESIAN_POINT('',(-4.85,19.8,13.9));
#20904=CARTESIAN_POINT('',(-4.85,19.8,13.9));
#20905=CARTESIAN_POINT('',(-4.6,19.8,13.4669872981078));
#20906=CARTESIAN_POINT('',(-5.09647167692635,19.8,13.5262821040349));
#20907=CARTESIAN_POINT('',(-5.2950603508506,19.8,13.55));
#20908=CARTESIAN_POINT('',(-5.29506035085059,19.8,13.35));
#20909=CARTESIAN_POINT('',(-6.8,19.8,13.35));
#20910=CARTESIAN_POINT('',(-6.8,19.8,13.35));
#20911=CARTESIAN_POINT('',(-6.8,19.8,13.05));
#20912=CARTESIAN_POINT('',(-7.1,19.8,13.05));
#20913=CARTESIAN_POINT('',(-7.1,19.8,11.55));
#20914=CARTESIAN_POINT('',(-6.8,16.4,18.05));
#20915=CARTESIAN_POINT('',(-7.1,16.4,16.55));
#20916=CARTESIAN_POINT('',(-7.1,16.4,16.55));
#20917=CARTESIAN_POINT('',(-7.1,16.4,18.05));
#20918=CARTESIAN_POINT('',(-6.8,16.4,18.05));
#20919=CARTESIAN_POINT('',(-6.8,16.4,18.35));
#20920=CARTESIAN_POINT('',(-6.8,16.4,18.35));
#20921=CARTESIAN_POINT('',(-5.29506035085059,16.4,18.35));
#20922=CARTESIAN_POINT('',(-5.2950603508506,16.4,18.55));
#20923=CARTESIAN_POINT('',(-5.09647167692635,16.4,18.5262821040349));
#20924=CARTESIAN_POINT('',(-4.6,16.4,18.4669872981078));
#20925=CARTESIAN_POINT('',(-4.85,16.4,18.9));
#20926=CARTESIAN_POINT('',(-4.85,16.4,18.9));
#20927=CARTESIAN_POINT('',(-4.1,16.4,19.3330127018922));
#20928=CARTESIAN_POINT('',(-3.85,16.4,18.9));
#20929=CARTESIAN_POINT('',(-3.85,16.4,19.4));
#20930=CARTESIAN_POINT('',(-3.85,16.4,19.4));
#20931=CARTESIAN_POINT('',(0.6,16.4,19.4));
#20932=CARTESIAN_POINT('',(0.599999999999999,16.4,18.9));
#20933=CARTESIAN_POINT('',(1.1,16.4,18.9));
#20934=CARTESIAN_POINT('',(1.1,16.4,18.9));
#20935=CARTESIAN_POINT('',(1.1,16.4,15.7305553499465));
#20936=CARTESIAN_POINT('',(0.6,16.4,15.7305553499465));
#20937=CARTESIAN_POINT('',(0.85,16.4,15.2975426480543));
#20938=CARTESIAN_POINT('',(0.85,16.4,15.2975426480543));
#20939=CARTESIAN_POINT('',(0.334641016151378,16.4,15.));
#20940=CARTESIAN_POINT('',(0.334641016151378,16.4,15.));
#20941=CARTESIAN_POINT('',(-3.83464101615138,16.4,15.));
#20942=CARTESIAN_POINT('',(-3.83464101615138,16.4,15.));
#20943=CARTESIAN_POINT('',(-4.85,16.4,15.5862177826491));
#20944=CARTESIAN_POINT('',(-4.6,16.4,16.0192304845413));
#20945=CARTESIAN_POINT('',(-5.1,16.4,16.0192304845413));
#20946=CARTESIAN_POINT('',(-5.1,16.4,16.0192304845413));
#20947=CARTESIAN_POINT('',(-5.1,16.4,16.05));
#20948=CARTESIAN_POINT('',(-5.3,16.4,16.05));
#20949=CARTESIAN_POINT('',(-5.3,16.4,16.25));
#20950=CARTESIAN_POINT('',(-5.3,16.4,16.25));
#20951=CARTESIAN_POINT('',(-6.8,16.4,16.25));
#20952=CARTESIAN_POINT('',(-6.8,16.4,16.55));
#20953=CARTESIAN_POINT('',(-6.8,19.8,16.55));
#20954=CARTESIAN_POINT('',(-6.8,19.8,16.25));
#20955=CARTESIAN_POINT('',(-7.1,19.8,16.55));
#20956=CARTESIAN_POINT('',(-5.3,19.8,16.25));
#20957=CARTESIAN_POINT('',(-5.3,19.8,16.25));
#20958=CARTESIAN_POINT('',(-5.3,19.8,16.05));
#20959=CARTESIAN_POINT('',(-5.1,19.8,16.05));
#20960=CARTESIAN_POINT('',(-5.1,19.8,16.0192304845413));
#20961=CARTESIAN_POINT('',(-5.1,19.8,16.0192304845413));
#20962=CARTESIAN_POINT('',(-4.6,19.8,16.0192304845413));
#20963=CARTESIAN_POINT('',(-4.85,19.8,15.5862177826491));
#20964=CARTESIAN_POINT('',(-3.83464101615138,19.8,15.));
#20965=CARTESIAN_POINT('',(-3.83464101615138,19.8,15.));
#20966=CARTESIAN_POINT('',(0.334641016151378,19.8,15.));
#20967=CARTESIAN_POINT('',(0.334641016151378,19.8,15.));
#20968=CARTESIAN_POINT('',(0.85,19.8,15.2975426480543));
#20969=CARTESIAN_POINT('',(0.85,19.8,15.2975426480543));
#20970=CARTESIAN_POINT('',(0.6,19.8,15.7305553499465));
#20971=CARTESIAN_POINT('',(1.1,19.8,15.7305553499465));
#20972=CARTESIAN_POINT('',(1.1,19.8,18.9));
#20973=CARTESIAN_POINT('',(1.1,19.8,18.9));
#20974=CARTESIAN_POINT('',(0.599999999999999,19.8,18.9));
#20975=CARTESIAN_POINT('',(0.6,19.8,19.4));
#20976=CARTESIAN_POINT('',(-3.85,19.8,19.4));
#20977=CARTESIAN_POINT('',(-3.85,19.8,19.4));
#20978=CARTESIAN_POINT('',(-3.85,19.8,18.9));
#20979=CARTESIAN_POINT('',(-4.1,19.8,19.3330127018922));
#20980=CARTESIAN_POINT('',(-4.85,19.8,18.9));
#20981=CARTESIAN_POINT('',(-4.85,19.8,18.9));
#20982=CARTESIAN_POINT('',(-4.6,19.8,18.4669872981078));
#20983=CARTESIAN_POINT('',(-5.09647167692635,19.8,18.5262821040349));
#20984=CARTESIAN_POINT('',(-5.2950603508506,19.8,18.55));
#20985=CARTESIAN_POINT('',(-5.29506035085059,19.8,18.35));
#20986=CARTESIAN_POINT('',(-6.8,19.8,18.35));
#20987=CARTESIAN_POINT('',(-6.8,19.8,18.35));
#20988=CARTESIAN_POINT('',(-6.8,19.8,18.05));
#20989=CARTESIAN_POINT('',(-7.1,19.8,18.05));
#20990=CARTESIAN_POINT('',(-7.1,19.8,16.55));
#20991=CARTESIAN_POINT('',(-6.8,16.4,23.05));
#20992=CARTESIAN_POINT('',(-7.1,16.4,21.55));
#20993=CARTESIAN_POINT('',(-7.1,16.4,21.55));
#20994=CARTESIAN_POINT('',(-7.1,16.4,23.05));
#20995=CARTESIAN_POINT('',(-6.8,16.4,23.05));
#20996=CARTESIAN_POINT('',(-6.8,16.4,23.35));
#20997=CARTESIAN_POINT('',(-6.8,16.4,23.35));
#20998=CARTESIAN_POINT('',(-5.29506035085059,16.4,23.35));
#20999=CARTESIAN_POINT('',(-5.2950603508506,16.4,23.55));
#21000=CARTESIAN_POINT('',(-5.09647167692635,16.4,23.5262821040349));
#21001=CARTESIAN_POINT('',(-4.6,16.4,23.4669872981078));
#21002=CARTESIAN_POINT('',(-4.85,16.4,23.9));
#21003=CARTESIAN_POINT('',(-4.85,16.4,23.9));
#21004=CARTESIAN_POINT('',(-4.1,16.4,24.3330127018922));
#21005=CARTESIAN_POINT('',(-3.85,16.4,23.9));
#21006=CARTESIAN_POINT('',(-3.85,16.4,24.4));
#21007=CARTESIAN_POINT('',(-3.85,16.4,24.4));
#21008=CARTESIAN_POINT('',(0.6,16.4,24.4));
#21009=CARTESIAN_POINT('',(0.599999999999999,16.4,23.9));
#21010=CARTESIAN_POINT('',(1.1,16.4,23.9));
#21011=CARTESIAN_POINT('',(1.1,16.4,23.9));
#21012=CARTESIAN_POINT('',(1.1,16.4,20.7305553499465));
#21013=CARTESIAN_POINT('',(0.6,16.4,20.7305553499465));
#21014=CARTESIAN_POINT('',(0.85,16.4,20.2975426480543));
#21015=CARTESIAN_POINT('',(0.85,16.4,20.2975426480543));
#21016=CARTESIAN_POINT('',(0.334641016151378,16.4,20.));
#21017=CARTESIAN_POINT('',(0.334641016151378,16.4,20.));
#21018=CARTESIAN_POINT('',(-3.83464101615138,16.4,20.));
#21019=CARTESIAN_POINT('',(-3.83464101615138,16.4,20.));
#21020=CARTESIAN_POINT('',(-4.85,16.4,20.5862177826491));
#21021=CARTESIAN_POINT('',(-4.6,16.4,21.0192304845413));
#21022=CARTESIAN_POINT('',(-5.1,16.4,21.0192304845413));
#21023=CARTESIAN_POINT('',(-5.1,16.4,21.0192304845413));
#21024=CARTESIAN_POINT('',(-5.1,16.4,21.05));
#21025=CARTESIAN_POINT('',(-5.3,16.4,21.05));
#21026=CARTESIAN_POINT('',(-5.3,16.4,21.25));
#21027=CARTESIAN_POINT('',(-5.3,16.4,21.25));
#21028=CARTESIAN_POINT('',(-6.8,16.4,21.25));
#21029=CARTESIAN_POINT('',(-6.8,16.4,21.55));
#21030=CARTESIAN_POINT('',(-6.8,19.8,21.55));
#21031=CARTESIAN_POINT('',(-6.8,19.8,21.25));
#21032=CARTESIAN_POINT('',(-7.1,19.8,21.55));
#21033=CARTESIAN_POINT('',(-5.3,19.8,21.25));
#21034=CARTESIAN_POINT('',(-5.3,19.8,21.25));
#21035=CARTESIAN_POINT('',(-5.3,19.8,21.05));
#21036=CARTESIAN_POINT('',(-5.1,19.8,21.05));
#21037=CARTESIAN_POINT('',(-5.1,19.8,21.0192304845413));
#21038=CARTESIAN_POINT('',(-5.1,19.8,21.0192304845413));
#21039=CARTESIAN_POINT('',(-4.6,19.8,21.0192304845413));
#21040=CARTESIAN_POINT('',(-4.85,19.8,20.5862177826491));
#21041=CARTESIAN_POINT('',(-3.83464101615138,19.8,20.));
#21042=CARTESIAN_POINT('',(-3.83464101615138,19.8,20.));
#21043=CARTESIAN_POINT('',(0.334641016151378,19.8,20.));
#21044=CARTESIAN_POINT('',(0.334641016151378,19.8,20.));
#21045=CARTESIAN_POINT('',(0.85,19.8,20.2975426480543));
#21046=CARTESIAN_POINT('',(0.85,19.8,20.2975426480543));
#21047=CARTESIAN_POINT('',(0.6,19.8,20.7305553499465));
#21048=CARTESIAN_POINT('',(1.1,19.8,20.7305553499465));
#21049=CARTESIAN_POINT('',(1.1,19.8,23.9));
#21050=CARTESIAN_POINT('',(1.1,19.8,23.9));
#21051=CARTESIAN_POINT('',(0.599999999999999,19.8,23.9));
#21052=CARTESIAN_POINT('',(0.6,19.8,24.4));
#21053=CARTESIAN_POINT('',(-3.85,19.8,24.4));
#21054=CARTESIAN_POINT('',(-3.85,19.8,24.4));
#21055=CARTESIAN_POINT('',(-3.85,19.8,23.9));
#21056=CARTESIAN_POINT('',(-4.1,19.8,24.3330127018922));
#21057=CARTESIAN_POINT('',(-4.85,19.8,23.9));
#21058=CARTESIAN_POINT('',(-4.85,19.8,23.9));
#21059=CARTESIAN_POINT('',(-4.6,19.8,23.4669872981078));
#21060=CARTESIAN_POINT('',(-5.09647167692635,19.8,23.5262821040349));
#21061=CARTESIAN_POINT('',(-5.2950603508506,19.8,23.55));
#21062=CARTESIAN_POINT('',(-5.29506035085059,19.8,23.35));
#21063=CARTESIAN_POINT('',(-6.8,19.8,23.35));
#21064=CARTESIAN_POINT('',(-6.8,19.8,23.35));
#21065=CARTESIAN_POINT('',(-6.8,19.8,23.05));
#21066=CARTESIAN_POINT('',(-7.1,19.8,23.05));
#21067=CARTESIAN_POINT('',(-7.1,19.8,21.55));
#21068=CARTESIAN_POINT('',(-10.6,18.4,3.9));
#21069=CARTESIAN_POINT('',(-10.6,18.4,3.9));
#21070=CARTESIAN_POINT('',(-10.6,4.8,3.9));
#21071=CARTESIAN_POINT('',(-10.6,4.8,3.9));
#21072=CARTESIAN_POINT('',(-10.6,4.6,0.));
#21073=CARTESIAN_POINT('',(-10.6,4.6,0.));
#21074=CARTESIAN_POINT('',(-10.6,4.6,0.));
#21075=CARTESIAN_POINT('',(-10.6,4.6,0.));
#21076=CARTESIAN_POINT('',(-10.6,4.8,3.7));
#21077=CARTESIAN_POINT('',(-10.6,12.6254033307585,3.75));
#21078=CARTESIAN_POINT('',(-10.6,6.40532947051059,3.7));
#21079=CARTESIAN_POINT('',(-10.6,4.6,3.7));
#21080=CARTESIAN_POINT('',(-10.6,4.6,3.7));
#21081=CARTESIAN_POINT('',(-10.6,4.8,3.7));
#21082=CARTESIAN_POINT('',(-10.6,4.8,3.7));
#21083=CARTESIAN_POINT('',(-10.6,4.6,3.7));
#21084=CARTESIAN_POINT('',(-10.6,4.6,3.7));
#21085=CARTESIAN_POINT('',(-10.6,18.4,23.9));
#21086=CARTESIAN_POINT('',(-10.6,18.4,23.9));
#21087=CARTESIAN_POINT('',(-10.6,4.8,23.9));
#21088=CARTESIAN_POINT('',(-10.6,4.8,23.9));
#21089=CARTESIAN_POINT('',(-10.6,4.6,20.));
#21090=CARTESIAN_POINT('',(-10.6,4.6,20.));
#21091=CARTESIAN_POINT('',(-10.6,4.6,20.));
#21092=CARTESIAN_POINT('',(-10.6,4.6,20.));
#21093=CARTESIAN_POINT('',(-10.6,4.8,23.7));
#21094=CARTESIAN_POINT('',(-10.6,12.6254033307585,23.75));
#21095=CARTESIAN_POINT('',(-10.6,6.40532947051059,23.7));
#21096=CARTESIAN_POINT('',(-10.6,4.6,23.7));
#21097=CARTESIAN_POINT('',(-10.6,4.6,23.7));
#21098=CARTESIAN_POINT('',(-10.6,4.8,23.7));
#21099=CARTESIAN_POINT('',(-10.6,4.8,23.7));
#21100=CARTESIAN_POINT('',(-10.6,4.6,23.7));
#21101=CARTESIAN_POINT('',(-10.6,4.6,23.7));
#21102=CARTESIAN_POINT('',(-10.6,18.4,18.9));
#21103=CARTESIAN_POINT('',(-10.6,18.4,18.9));
#21104=CARTESIAN_POINT('',(-10.6,4.8,18.9));
#21105=CARTESIAN_POINT('',(-10.6,4.8,18.9));
#21106=CARTESIAN_POINT('',(-10.6,4.6,15.));
#21107=CARTESIAN_POINT('',(-10.6,4.6,15.));
#21108=CARTESIAN_POINT('',(-10.6,4.6,15.));
#21109=CARTESIAN_POINT('',(-10.6,4.6,15.));
#21110=CARTESIAN_POINT('',(-10.6,4.8,18.7));
#21111=CARTESIAN_POINT('',(-10.6,12.6254033307585,18.75));
#21112=CARTESIAN_POINT('',(-10.6,6.40532947051059,18.7));
#21113=CARTESIAN_POINT('',(-10.6,4.6,18.7));
#21114=CARTESIAN_POINT('',(-10.6,4.6,18.7));
#21115=CARTESIAN_POINT('',(-10.6,4.8,18.7));
#21116=CARTESIAN_POINT('',(-10.6,4.8,18.7));
#21117=CARTESIAN_POINT('',(-10.6,4.6,18.7));
#21118=CARTESIAN_POINT('',(-10.6,4.6,18.7));
#21119=CARTESIAN_POINT('',(-10.6,18.4,13.9));
#21120=CARTESIAN_POINT('',(-10.6,18.4,13.9));
#21121=CARTESIAN_POINT('',(-10.6,4.8,13.9));
#21122=CARTESIAN_POINT('',(-10.6,4.8,13.9));
#21123=CARTESIAN_POINT('',(-10.6,4.6,10.));
#21124=CARTESIAN_POINT('',(-10.6,4.6,10.));
#21125=CARTESIAN_POINT('',(-10.6,4.6,10.));
#21126=CARTESIAN_POINT('',(-10.6,4.6,10.));
#21127=CARTESIAN_POINT('',(-10.6,4.8,13.7));
#21128=CARTESIAN_POINT('',(-10.6,12.6254033307585,13.75));
#21129=CARTESIAN_POINT('',(-10.6,6.40532947051059,13.7));
#21130=CARTESIAN_POINT('',(-10.6,4.6,13.7));
#21131=CARTESIAN_POINT('',(-10.6,4.6,13.7));
#21132=CARTESIAN_POINT('',(-10.6,4.8,13.7));
#21133=CARTESIAN_POINT('',(-10.6,4.8,13.7));
#21134=CARTESIAN_POINT('',(-10.6,4.6,13.7));
#21135=CARTESIAN_POINT('',(-10.6,4.6,13.7));
#21136=CARTESIAN_POINT('',(-10.6,18.4,8.9));
#21137=CARTESIAN_POINT('',(-10.6,18.4,8.9));
#21138=CARTESIAN_POINT('',(-10.6,4.8,8.9));
#21139=CARTESIAN_POINT('',(-10.6,4.8,8.9));
#21140=CARTESIAN_POINT('',(-10.6,4.6,5.));
#21141=CARTESIAN_POINT('',(-10.6,4.6,5.));
#21142=CARTESIAN_POINT('',(-10.6,4.6,5.));
#21143=CARTESIAN_POINT('',(-10.6,4.6,5.));
#21144=CARTESIAN_POINT('',(-10.6,4.8,8.7));
#21145=CARTESIAN_POINT('',(-10.6,12.6254033307585,8.75));
#21146=CARTESIAN_POINT('',(-10.6,6.40532947051059,8.7));
#21147=CARTESIAN_POINT('',(-10.6,4.6,8.7));
#21148=CARTESIAN_POINT('',(-10.6,4.6,8.7));
#21149=CARTESIAN_POINT('',(-10.6,4.8,8.7));
#21150=CARTESIAN_POINT('',(-10.6,4.8,8.7));
#21151=CARTESIAN_POINT('',(-10.6,4.6,8.7));
#21152=CARTESIAN_POINT('',(-10.6,4.6,8.7));
#21153=CARTESIAN_POINT('',(-10.9567256581192,6.70465783866992,3.75));
#21154=CARTESIAN_POINT('',(-10.9567256581192,6.70465783866992,3.75));
#21155=CARTESIAN_POINT('',(-9.2,13.4,3.75));
#21156=CARTESIAN_POINT('',(-10.8,13.4,3.75));
#21157=CARTESIAN_POINT('',(-12.85,21.05,3.75));
#21158=CARTESIAN_POINT('',(-12.6584888892203,21.2106969024216,1.00922588654526));
#21159=CARTESIAN_POINT('',(-12.708741515548,21.2705856503851,1.32183598593873));
#21160=CARTESIAN_POINT('',(-12.7797943824536,21.3,1.63602529454033));
#21161=CARTESIAN_POINT('',(-12.85,21.3,1.95000000000001));
#21162=CARTESIAN_POINT('',(-12.6584888892203,21.2106969024216,2.89077411345475));
#21163=CARTESIAN_POINT('',(-12.708741515548,21.2705856503851,2.57816401406128));
#21164=CARTESIAN_POINT('',(-12.7797943824536,21.3,2.26397470545969));
#21165=CARTESIAN_POINT('',(-12.85,21.3,1.95000000000001));
#21166=CARTESIAN_POINT('',(-7.1,11.3009244973838,3.75));
#21167=CARTESIAN_POINT('',(-10.8,13.4,3.75));
#21168=CARTESIAN_POINT('',(-10.8,17.5129063118898,3.75));
#21169=CARTESIAN_POINT('',(-10.8,17.5129063118898,3.75));
#21170=CARTESIAN_POINT('',(-12.3935822227524,15.6137489728304,4.15));
#21171=CARTESIAN_POINT('',(-10.3935822227524,17.9972561580188,3.75));
#21172=CARTESIAN_POINT('',(-10.3935822227524,17.9972561580188,4.15));
#21173=CARTESIAN_POINT('',(-12.3935822227524,15.6137489728304,4.15));
#21174=CARTESIAN_POINT('',(-12.3935822227524,15.6137489728304,4.15));
#21175=CARTESIAN_POINT('',(-12.3935822227524,15.6137489728304,4.15));
#21176=CARTESIAN_POINT('',(-10.7,18.2543712018934,3.75));
#21177=CARTESIAN_POINT('',(-10.7,18.2543712018934,4.15));
#21178=CARTESIAN_POINT('',(-10.9567256581192,6.70465783866992,8.75));
#21179=CARTESIAN_POINT('',(-10.9567256581192,6.70465783866992,8.75));
#21180=CARTESIAN_POINT('',(-9.2,13.4,8.75));
#21181=CARTESIAN_POINT('',(-10.8,13.4,8.75));
#21182=CARTESIAN_POINT('',(-12.85,21.05,8.75));
#21183=CARTESIAN_POINT('',(-12.6584888892203,21.2106969024216,6.00922588654526));
#21184=CARTESIAN_POINT('',(-12.708741515548,21.2705856503851,6.32183598593873));
#21185=CARTESIAN_POINT('',(-12.7797943824536,21.3,6.63602529454033));
#21186=CARTESIAN_POINT('',(-12.85,21.3,6.95000000000001));
#21187=CARTESIAN_POINT('',(-12.6584888892203,21.2106969024216,7.89077411345475));
#21188=CARTESIAN_POINT('',(-12.708741515548,21.2705856503851,7.57816401406128));
#21189=CARTESIAN_POINT('',(-12.7797943824536,21.3,7.26397470545969));
#21190=CARTESIAN_POINT('',(-12.85,21.3,6.95000000000001));
#21191=CARTESIAN_POINT('',(-7.1,11.3009244973838,8.75));
#21192=CARTESIAN_POINT('',(-10.8,13.4,8.75));
#21193=CARTESIAN_POINT('',(-10.8,17.5129063118898,8.75));
#21194=CARTESIAN_POINT('',(-10.8,17.5129063118898,8.75));
#21195=CARTESIAN_POINT('',(-12.3935822227524,15.6137489728304,9.15));
#21196=CARTESIAN_POINT('',(-10.3935822227524,17.9972561580188,8.75));
#21197=CARTESIAN_POINT('',(-10.3935822227524,17.9972561580188,9.15));
#21198=CARTESIAN_POINT('',(-12.3935822227524,15.6137489728304,9.15));
#21199=CARTESIAN_POINT('',(-12.3935822227524,15.6137489728304,9.15));
#21200=CARTESIAN_POINT('',(-12.3935822227524,15.6137489728304,9.15));
#21201=CARTESIAN_POINT('',(-10.7,18.2543712018934,8.75));
#21202=CARTESIAN_POINT('',(-10.7,18.2543712018934,9.15));
#21203=CARTESIAN_POINT('',(-10.9567256581192,6.70465783866992,13.75));
#21204=CARTESIAN_POINT('',(-10.9567256581192,6.70465783866992,13.75));
#21205=CARTESIAN_POINT('',(-9.2,13.4,13.75));
#21206=CARTESIAN_POINT('',(-10.8,13.4,13.75));
#21207=CARTESIAN_POINT('',(-12.85,21.05,13.75));
#21208=CARTESIAN_POINT('',(-12.6584888892203,21.2106969024216,11.0092258865453));
#21209=CARTESIAN_POINT('',(-12.708741515548,21.2705856503851,11.3218359859387));
#21210=CARTESIAN_POINT('',(-12.7797943824535,21.3,11.6360252945403));
#21211=CARTESIAN_POINT('',(-12.85,21.3,11.95));
#21212=CARTESIAN_POINT('',(-12.6584888892203,21.2106969024216,12.8907741134548));
#21213=CARTESIAN_POINT('',(-12.708741515548,21.2705856503851,12.5781640140613));
#21214=CARTESIAN_POINT('',(-12.7797943824535,21.3,12.2639747054597));
#21215=CARTESIAN_POINT('',(-12.85,21.3,11.95));
#21216=CARTESIAN_POINT('',(-7.1,11.3009244973838,13.75));
#21217=CARTESIAN_POINT('',(-10.8,13.4,13.75));
#21218=CARTESIAN_POINT('',(-10.8,17.5129063118898,13.75));
#21219=CARTESIAN_POINT('',(-10.8,17.5129063118898,13.75));
#21220=CARTESIAN_POINT('',(-12.3935822227524,15.6137489728304,14.15));
#21221=CARTESIAN_POINT('',(-10.3935822227524,17.9972561580188,13.75));
#21222=CARTESIAN_POINT('',(-10.3935822227524,17.9972561580188,14.15));
#21223=CARTESIAN_POINT('',(-12.3935822227524,15.6137489728304,14.15));
#21224=CARTESIAN_POINT('',(-12.3935822227524,15.6137489728304,14.15));
#21225=CARTESIAN_POINT('',(-12.3935822227524,15.6137489728304,14.15));
#21226=CARTESIAN_POINT('',(-10.7,18.2543712018934,13.75));
#21227=CARTESIAN_POINT('',(-10.7,18.2543712018934,14.15));
#21228=CARTESIAN_POINT('',(-10.9567256581192,6.70465783866992,18.75));
#21229=CARTESIAN_POINT('',(-10.9567256581192,6.70465783866992,18.75));
#21230=CARTESIAN_POINT('',(-9.2,13.4,18.75));
#21231=CARTESIAN_POINT('',(-10.8,13.4,18.75));
#21232=CARTESIAN_POINT('',(-12.85,21.05,18.75));
#21233=CARTESIAN_POINT('',(-12.6584888892203,21.2106969024216,16.0092258865453));
#21234=CARTESIAN_POINT('',(-12.708741515548,21.2705856503851,16.3218359859387));
#21235=CARTESIAN_POINT('',(-12.7797943824536,21.3,16.6360252945403));
#21236=CARTESIAN_POINT('',(-12.85,21.3,16.95));
#21237=CARTESIAN_POINT('',(-12.6584888892203,21.2106969024216,17.8907741134548));
#21238=CARTESIAN_POINT('',(-12.708741515548,21.2705856503851,17.5781640140613));
#21239=CARTESIAN_POINT('',(-12.7797943824536,21.3,17.2639747054597));
#21240=CARTESIAN_POINT('',(-12.85,21.3,16.95));
#21241=CARTESIAN_POINT('',(-7.1,11.3009244973838,18.75));
#21242=CARTESIAN_POINT('',(-10.8,13.4,18.75));
#21243=CARTESIAN_POINT('',(-10.8,17.5129063118898,18.75));
#21244=CARTESIAN_POINT('',(-10.8,17.5129063118898,18.75));
#21245=CARTESIAN_POINT('',(-12.3935822227524,15.6137489728304,19.15));
#21246=CARTESIAN_POINT('',(-10.3935822227524,17.9972561580188,18.75));
#21247=CARTESIAN_POINT('',(-10.3935822227524,17.9972561580188,19.15));
#21248=CARTESIAN_POINT('',(-12.3935822227524,15.6137489728304,19.15));
#21249=CARTESIAN_POINT('',(-12.3935822227524,15.6137489728304,19.15));
#21250=CARTESIAN_POINT('',(-12.3935822227524,15.6137489728304,19.15));
#21251=CARTESIAN_POINT('',(-10.7,18.2543712018934,18.75));
#21252=CARTESIAN_POINT('',(-10.7,18.2543712018934,19.15));
#21253=CARTESIAN_POINT('',(-10.9567256581192,6.70465783866992,23.75));
#21254=CARTESIAN_POINT('',(-10.9567256581192,6.70465783866992,23.75));
#21255=CARTESIAN_POINT('',(-9.2,13.4,23.75));
#21256=CARTESIAN_POINT('',(-10.8,13.4,23.75));
#21257=CARTESIAN_POINT('',(-12.85,21.05,23.75));
#21258=CARTESIAN_POINT('',(-12.6584888892203,21.2106969024216,21.0092258865453));
#21259=CARTESIAN_POINT('',(-12.708741515548,21.2705856503851,21.3218359859387));
#21260=CARTESIAN_POINT('',(-12.7797943824536,21.3,21.6360252945403));
#21261=CARTESIAN_POINT('',(-12.85,21.3,21.95));
#21262=CARTESIAN_POINT('',(-12.6584888892203,21.2106969024216,22.8907741134548));
#21263=CARTESIAN_POINT('',(-12.708741515548,21.2705856503851,22.5781640140613));
#21264=CARTESIAN_POINT('',(-12.7797943824536,21.3,22.2639747054597));
#21265=CARTESIAN_POINT('',(-12.85,21.3,21.95));
#21266=CARTESIAN_POINT('',(-7.1,11.3009244973838,23.75));
#21267=CARTESIAN_POINT('',(-10.8,13.4,23.75));
#21268=CARTESIAN_POINT('',(-10.8,17.5129063118898,23.75));
#21269=CARTESIAN_POINT('',(-10.8,17.5129063118898,23.75));
#21270=CARTESIAN_POINT('',(-12.3935822227524,15.6137489728304,24.15));
#21271=CARTESIAN_POINT('',(-10.3935822227524,17.9972561580188,23.75));
#21272=CARTESIAN_POINT('',(-10.3935822227524,17.9972561580188,24.15));
#21273=CARTESIAN_POINT('',(-12.3935822227524,15.6137489728304,24.15));
#21274=CARTESIAN_POINT('',(-12.3935822227524,15.6137489728304,24.15));
#21275=CARTESIAN_POINT('',(-12.3935822227524,15.6137489728304,24.15));
#21276=CARTESIAN_POINT('',(-10.7,18.2543712018934,23.75));
#21277=CARTESIAN_POINT('',(-10.7,18.2543712018934,24.15));
#21278=CARTESIAN_POINT('',(-12.7,15.870864016705,4.15));
#21279=CARTESIAN_POINT('',(-12.7,15.870864016705,4.15));
#21280=CARTESIAN_POINT('',(-12.7,15.870864016705,4.15));
#21281=CARTESIAN_POINT('',(-12.85,21.05,4.15));
#21282=CARTESIAN_POINT('',(-10.6,19.3,4.15));
#21283=CARTESIAN_POINT('',(-12.7,15.870864016705,9.15));
#21284=CARTESIAN_POINT('',(-12.7,15.870864016705,9.15));
#21285=CARTESIAN_POINT('',(-12.7,15.870864016705,9.15));
#21286=CARTESIAN_POINT('',(-12.85,21.05,9.15));
#21287=CARTESIAN_POINT('',(-10.6,19.3,9.15));
#21288=CARTESIAN_POINT('',(-12.7,15.870864016705,14.15));
#21289=CARTESIAN_POINT('',(-12.7,15.870864016705,14.15));
#21290=CARTESIAN_POINT('',(-12.7,15.870864016705,14.15));
#21291=CARTESIAN_POINT('',(-12.85,21.05,14.15));
#21292=CARTESIAN_POINT('',(-10.6,19.3,14.15));
#21293=CARTESIAN_POINT('',(-12.7,15.870864016705,19.15));
#21294=CARTESIAN_POINT('',(-12.7,15.870864016705,19.15));
#21295=CARTESIAN_POINT('',(-12.7,15.870864016705,19.15));
#21296=CARTESIAN_POINT('',(-12.85,21.05,19.15));
#21297=CARTESIAN_POINT('',(-10.6,19.3,19.15));
#21298=CARTESIAN_POINT('',(-12.7,15.870864016705,24.15));
#21299=CARTESIAN_POINT('',(-12.7,15.870864016705,24.15));
#21300=CARTESIAN_POINT('',(-12.7,15.870864016705,24.15));
#21301=CARTESIAN_POINT('',(-12.85,21.05,24.15));
#21302=CARTESIAN_POINT('',(-10.6,19.3,24.15));
#21303=CARTESIAN_POINT('',(-10.6,19.3,0.149999999999996));
#21304=CARTESIAN_POINT('',(-10.6,20.4366231221289,3.9851124987726));
#21305=CARTESIAN_POINT('',(-10.6,16.3,1.95000000000001));
#21306=CARTESIAN_POINT('',(-10.6,21.1155841413517,3.29541791929563));
#21307=CARTESIAN_POINT('',(-10.6,20.152467298736,3.0263343867822));
#21308=CARTESIAN_POINT('',(-10.6,16.3,1.95000000000001));
#21309=CARTESIAN_POINT('',(-10.6,21.11558412342,0.604582016522243));
#21310=CARTESIAN_POINT('',(-10.6,20.152467298736,0.873665613217806));
#21311=CARTESIAN_POINT('',(-10.6,20.4366231238878,-0.0851124982513423));
#21312=CARTESIAN_POINT('',(-10.6,19.3,3.7499999999999));
#21313=CARTESIAN_POINT('',(-10.6,19.3,20.15));
#21314=CARTESIAN_POINT('',(-10.6,20.4366231221289,23.9851124987726));
#21315=CARTESIAN_POINT('',(-10.6,16.3,21.95));
#21316=CARTESIAN_POINT('',(-10.6,21.1155841413517,23.2954179192956));
#21317=CARTESIAN_POINT('',(-10.6,20.152467298736,23.0263343867822));
#21318=CARTESIAN_POINT('',(-10.6,16.3,21.95));
#21319=CARTESIAN_POINT('',(-10.6,21.11558412342,20.6045820165222));
#21320=CARTESIAN_POINT('',(-10.6,20.152467298736,20.8736656132178));
#21321=CARTESIAN_POINT('',(-10.6,20.4366231238878,19.9148875017487));
#21322=CARTESIAN_POINT('',(-10.6,19.3,23.7499999999999));
#21323=CARTESIAN_POINT('',(-10.6,19.3,15.15));
#21324=CARTESIAN_POINT('',(-10.6,20.4366231221289,18.9851124987726));
#21325=CARTESIAN_POINT('',(-10.6,16.3,16.95));
#21326=CARTESIAN_POINT('',(-10.6,21.1155841413517,18.2954179192956));
#21327=CARTESIAN_POINT('',(-10.6,20.152467298736,18.0263343867822));
#21328=CARTESIAN_POINT('',(-10.6,16.3,16.95));
#21329=CARTESIAN_POINT('',(-10.6,21.11558412342,15.6045820165222));
#21330=CARTESIAN_POINT('',(-10.6,20.152467298736,15.8736656132178));
#21331=CARTESIAN_POINT('',(-10.6,20.4366231238878,14.9148875017487));
#21332=CARTESIAN_POINT('',(-10.6,19.3,18.7499999999999));
#21333=CARTESIAN_POINT('',(-10.6,19.3,10.15));
#21334=CARTESIAN_POINT('',(-10.6,20.4366231221289,13.9851124987726));
#21335=CARTESIAN_POINT('',(-10.6,16.3,11.95));
#21336=CARTESIAN_POINT('',(-10.6,21.1155841413517,13.2954179192956));
#21337=CARTESIAN_POINT('',(-10.6,20.152467298736,13.0263343867822));
#21338=CARTESIAN_POINT('',(-10.6,16.3,11.95));
#21339=CARTESIAN_POINT('',(-10.6,21.11558412342,10.6045820165222));
#21340=CARTESIAN_POINT('',(-10.6,20.152467298736,10.8736656132178));
#21341=CARTESIAN_POINT('',(-10.6,20.4366231238878,9.91488750174866));
#21342=CARTESIAN_POINT('',(-10.6,19.3,13.7499999999999));
#21343=CARTESIAN_POINT('',(-10.6,19.3,5.15));
#21344=CARTESIAN_POINT('',(-10.6,20.4366231221289,8.9851124987726));
#21345=CARTESIAN_POINT('',(-10.6,16.3,6.95000000000001));
#21346=CARTESIAN_POINT('',(-10.6,21.1155841413517,8.29541791929564));
#21347=CARTESIAN_POINT('',(-10.6,20.152467298736,8.0263343867822));
#21348=CARTESIAN_POINT('',(-10.6,16.3,6.95000000000001));
#21349=CARTESIAN_POINT('',(-10.6,21.11558412342,5.60458201652224));
#21350=CARTESIAN_POINT('',(-10.6,20.152467298736,5.87366561321781));
#21351=CARTESIAN_POINT('',(-10.6,20.4366231238878,4.91488750174866));
#21352=CARTESIAN_POINT('',(-10.6,19.3,8.7499999999999));
#21353=CARTESIAN_POINT('',(-6.22808899581079,13.9917626778379,25.5));
#21354=CARTESIAN_POINT('',(-6.60247119664863,13.9434101422703,25.5));
#21355=CARTESIAN_POINT('',(-6.60247119664863,13.9434101422703,25.5));
#21356=CARTESIAN_POINT('',(-6.22808899581079,13.9917626778379,25.5));
#21357=CARTESIAN_POINT('',(-6.22808899581079,13.9917626778379,25.5));
#21358=CARTESIAN_POINT('',(-6.22808899581079,13.9917626778379,25.5));
#21359=CARTESIAN_POINT('',(-6.5,13.15,25.5));
#21360=CARTESIAN_POINT('',(-7.1157699732231,12.6392874193082,25.5));
#21361=CARTESIAN_POINT('',(-7.1157699732231,12.6392874193082,25.5));
#21362=CARTESIAN_POINT('',(-6.5,13.15,25.5));
#21363=CARTESIAN_POINT('',(-7.1157699732231,12.6392874193083,25.5));
#21364=CARTESIAN_POINT('',(-6.20788498661155,11.5446437096541,25.5));
#21365=CARTESIAN_POINT('',(-6.20788498661155,11.5446437096541,25.5));
#21366=CARTESIAN_POINT('',(-7.1157699732231,12.6392874193083,25.5));
#21367=CARTESIAN_POINT('',(-5.9,11.8,25.5));
#21368=CARTESIAN_POINT('',(-5.52433496505108,11.6626108391582,25.5));
#21369=CARTESIAN_POINT('',(-5.52433496505108,11.6626108391582,25.5));
#21370=CARTESIAN_POINT('',(-5.9,11.8,25.5));
#21371=CARTESIAN_POINT('',(-5.52433496505108,11.6626108391582,25.5));
#21372=CARTESIAN_POINT('',(-5.1608374126277,12.6565270978954,25.5));
#21373=CARTESIAN_POINT('',(-5.1608374126277,12.6565270978954,25.5));
#21374=CARTESIAN_POINT('',(-5.52433496505108,11.6626108391582,25.5));
#21375=CARTESIAN_POINT('',(-6.1,13.,25.5));
#21376=CARTESIAN_POINT('',(-6.1,13.,25.5));
#21377=CARTESIAN_POINT('',(-2.8,10.444141192149,25.9));
#21378=CARTESIAN_POINT('',(-2.8,8.8,25.9));
#21379=CARTESIAN_POINT('',(-2.8,8.8,25.8647346038583));
#21380=CARTESIAN_POINT('',(-2.8,10.3885335310494,25.5846332825742));
#21381=CARTESIAN_POINT('',(-2.6,8.8,25.9));
#21382=CARTESIAN_POINT('',(-2.6,8.6,25.9));
#21383=CARTESIAN_POINT('',(-2.6,8.6,25.9));
#21384=CARTESIAN_POINT('',(-2.6,8.8,25.8647346038583));
#21385=CARTESIAN_POINT('',(-2.6,8.6,25.9));
#21386=CARTESIAN_POINT('',(-1.10801713040536,8.6,25.9));
#21387=CARTESIAN_POINT('',(-1.10801713040536,8.6,25.9));
#21388=CARTESIAN_POINT('',(-2.6,8.6,25.9));
#21389=CARTESIAN_POINT('',(-1.10801713040535,8.79999999999999,25.9));
#21390=CARTESIAN_POINT('',(-0.914831965147545,8.74823619097949,25.9));
#21391=CARTESIAN_POINT('',(-0.914831965147545,8.74823619097949,25.8738619600129));
#21392=CARTESIAN_POINT('',(-1.10801713040535,8.79999999999999,25.8647346038583));
#21393=CARTESIAN_POINT('',(-0.914831965147545,8.74823619097949,25.9));
#21394=CARTESIAN_POINT('',(-0.754368113923907,9.34709543652428,25.9));
#21395=CARTESIAN_POINT('',(-0.754368113923907,9.34709543652428,25.7682669173766));
#21396=CARTESIAN_POINT('',(-0.915951693926431,8.74405730628599,25.8745988101336));
#21397=CARTESIAN_POINT('',(-1.04414586181063,9.42474115005504,25.9));
#21398=CARTESIAN_POINT('',(-0.872072930905314,9.67048676334174,25.9));
#21399=CARTESIAN_POINT('',(-0.872072930905314,9.67048676334174,25.7112443011316));
#21400=CARTESIAN_POINT('',(-1.04414586181063,9.42474115005504,25.7545758831448));
#21401=CARTESIAN_POINT('',(-0.872072930905314,9.67048676334174,25.9));
#21402=CARTESIAN_POINT('',(-2.32792706909469,10.6898868054357,25.9));
#21403=CARTESIAN_POINT('',(-2.32792706909469,10.6898868054357,25.5314965695751));
#21404=CARTESIAN_POINT('',(-0.856593500889264,9.65964794975731,25.7131554764054));
#21405=CARTESIAN_POINT('',(-2.5,10.444141192149,25.9));
#21406=CARTESIAN_POINT('',(-2.34335942273764,10.7,25.9));
#21407=CARTESIAN_POINT('',(-2.34335942273764,10.7,25.5297133405122));
#21408=CARTESIAN_POINT('',(-2.5,10.444141192149,25.5748281515882));
#21409=CARTESIAN_POINT('',(-3.,10.7,25.5297133405122));
#21410=CARTESIAN_POINT('',(-3.,10.7,25.5297133405122));
#21411=CARTESIAN_POINT('',(-3.,8.6,25.9));
#21412=CARTESIAN_POINT('',(-6.22808899581079,13.9917626778379,25.5));
#21413=CARTESIAN_POINT('',(-6.60247119664863,13.9434101422703,25.5));
#21414=CARTESIAN_POINT('',(-6.5640444979054,13.6458813389189,25.8));
#21415=CARTESIAN_POINT('',(-6.18966229706755,13.6942338744865,25.8));
#21416=CARTESIAN_POINT('',(-6.18966229706755,13.6942338744865,25.8));
#21417=CARTESIAN_POINT('',(-6.22808899581079,13.9917626778379,25.5));
#21418=CARTESIAN_POINT('',(-6.5,13.15,25.5));
#21419=CARTESIAN_POINT('',(-7.1157699732231,12.6392874193082,25.5));
#21420=CARTESIAN_POINT('',(-6.88485623326444,12.8308046370677,25.8));
#21421=CARTESIAN_POINT('',(-6.5,13.15,25.8));
#21422=CARTESIAN_POINT('',(-7.1157699732231,12.6392874193083,25.5));
#21423=CARTESIAN_POINT('',(-6.20788498661155,11.5446437096541,25.5));
#21424=CARTESIAN_POINT('',(-5.97697124665288,11.7361609274135,25.8));
#21425=CARTESIAN_POINT('',(-6.88485623326444,12.8308046370677,25.8));
#21426=CARTESIAN_POINT('',(-5.9,11.8,25.5));
#21427=CARTESIAN_POINT('',(-5.52433496505108,11.6626108391582,25.5));
#21428=CARTESIAN_POINT('',(-5.80608374126277,11.7656527097895,25.8));
#21429=CARTESIAN_POINT('',(-5.9,11.8,25.8));
#21430=CARTESIAN_POINT('',(-5.52433496505108,11.6626108391582,25.5));
#21431=CARTESIAN_POINT('',(-5.1608374126277,12.6565270978954,25.5));
#21432=CARTESIAN_POINT('',(-5.44258618883939,12.7595689685268,25.8));
#21433=CARTESIAN_POINT('',(-5.80608374126277,11.7656527097895,25.8));
#21434=CARTESIAN_POINT('',(-6.1,13.,25.5));
#21435=CARTESIAN_POINT('',(-6.1,13.,25.8));
#21436=CARTESIAN_POINT('',(-6.5,13.15,25.8));
#21437=MECHANICAL_DESIGN_GEOMETRIC_PRESENTATION_REPRESENTATION('',(#9678,
#9679,#9680,#9681,#9682,#9683,#9684,#9685,#9686,#9687,#9688,#9689,#9690,
#9691,#9692,#9693,#9694,#9695,#9696,#9697,#9698,#9699,#9700,#9701,#9702,
#9703,#9704,#9705,#9706,#9707,#9708,#9709,#9710,#9711,#9712,#9713,#9714,
#9715,#9716,#9717,#9718,#9719,#9720,#9721,#9722,#9723,#9724,#9725,#9726,
#9727,#9728,#9729,#9730,#9731,#9732,#9733,#9734,#9735,#9736,#9737,#9738,
#9739,#9740,#9741,#9742,#9743,#9744,#9745,#9746,#9747,#9748,#9749,#9750,
#9751,#9752,#9753,#9754,#9755,#9756,#9757,#9758,#9759,#9760,#9761,#9762,
#9763,#9764,#9765,#9766,#9767,#9768,#9769,#9770,#9771,#9772,#9773,#9774,
#9775,#9776,#9777,#9778,#9779,#9780,#9781,#9782,#9783,#9784,#9785,#9786,
#9787,#9788,#9789,#9790,#9791,#9792,#9793,#9794,#9795,#9796,#9797,#9798,
#9799,#9800,#9801,#9802,#9803,#9804,#9805,#9806,#9807,#9808,#9809,#9810,
#9811,#9812,#9813,#9814,#9815,#9816,#9817,#9818,#9819,#9820,#9821,#9822,
#9823,#9824,#9825,#9826,#9827,#9828,#9829,#9830,#9831,#9832,#9833,#9834,
#9835,#9836,#9837,#9838,#9839,#9840,#9841,#9842,#9843,#9844,#9845,#9846,
#9847,#9848,#9849,#9850,#9851,#9852,#9853,#9854,#9855,#9856,#9857,#9858,
#9859,#9860,#9861,#9862,#9863,#9864,#9865,#9866,#9867,#9868,#9869,#9870,
#9871,#9872,#9873,#9874,#9875,#9876,#9877,#9878,#9879,#9880,#9881,#9882,
#9883,#9884,#9885,#9886,#9887,#9888,#9889,#9890,#9891,#9892,#9893,#9894,
#9895,#9896,#9897,#9898,#9899,#9900,#9901,#9902,#9903,#9904,#9905,#9906,
#9907,#9908,#9909,#9910,#9911,#9912,#9913,#9914,#9915,#9916,#9917,#9918,
#9919,#9920,#9921,#9922,#9923,#9924,#9925,#9926,#9927,#9928,#9929,#9930,
#9931,#9932,#9933,#9934,#9935,#9936,#9937,#9938,#9939,#9940,#9941,#9942,
#9943,#9944,#9945,#9946,#9947,#9948,#9949,#9950,#9951,#9952,#9953,#9954,
#9955,#9956,#9957,#9958,#9959,#9960,#9961,#9962,#9963,#9964,#9965,#9966,
#9967,#9968,#9969,#9970,#9971,#9972,#9973,#9974,#9975,#9976,#9977,#9978,
#9979,#9980,#9981,#9982,#9983,#9984,#9985,#9986,#9987,#9988,#9989,#9990,
#9991,#9992,#9993,#9994,#9995,#9996,#9997,#9998,#9999,#10000,#10001,#10002,
#10003,#10004,#10005,#10006,#10007,#10008,#10009,#10010,#10011,#10012,#10013,
#10014,#10015,#10016,#10017,#10018,#10019,#10020,#10021,#10022,#10023,#10024,
#10025,#10026,#10027,#10028,#10029,#10030,#10031,#10032,#10033,#10034,#10035,
#10036,#10037,#10038,#10039,#10040,#10041,#10042,#10043,#10044,#10045,#10046,
#10047,#10048,#10049,#10050,#10051,#10052,#10053,#10054,#10055,#10056,#10057,
#10058,#10059,#10060,#10061,#10062,#10063,#10064,#10065,#10066,#10067,#10068,
#10069,#10070,#10071,#10072,#10073,#10074,#10075,#10076,#10077,#10078,#10079,
#10080,#10081,#10082,#10083,#10084,#10085,#10086,#10087,#10088,#10089,#10090,
#10091,#10092,#10093,#10094,#10095,#10096,#10097,#10098,#10099,#10100,#10101,
#10102,#10103,#10104,#10105,#10106,#10107,#10108,#10109,#10110,#10111,#10112,
#10113,#10114,#10115,#10116,#10117,#10118,#10119,#10120,#10121,#10122,#10123,
#10124,#10125,#10126,#10127,#10128,#10129,#10130,#10131,#10132,#10133,#10134,
#10135,#10136,#10137,#10138,#10139,#10140,#10141,#10142,#10143,#10144,#10145,
#10146,#10147,#10148,#10149,#10150,#10151,#10152,#10153,#10154,#10155,#10156,
#10157,#10158,#10159,#10160,#10161,#10162,#10163,#10164,#10165,#10166,#10167,
#10168,#10169,#10170,#10171,#10172,#10173,#10174,#10175,#10176,#10177,#10178,
#10179,#10180,#10181,#10182,#10183,#10184,#10185,#10186,#10187,#10188,#10189,
#10190,#10191,#10192,#10193,#10194,#10195,#10196,#10197,#10198,#10199,#10200,
#10201,#10202,#10203,#10204,#10205,#10206,#10207,#10208,#10209,#10210,#10211,
#10212,#10213,#10214,#10215,#10216,#10217,#10218,#10219,#10220,#10221,#10222,
#10223,#10224,#10225,#10226,#10227,#10228,#10229,#10230,#10231,#10232,#10233,
#10234,#10235,#10236,#10237,#10238,#10239,#10240,#10241,#10242,#10243,#10244,
#10245,#10246,#10247,#10248),#21438);
#21438=(
GEOMETRIC_REPRESENTATION_CONTEXT(3)
GLOBAL_UNCERTAINTY_ASSIGNED_CONTEXT((#21439))
GLOBAL_UNIT_ASSIGNED_CONTEXT((#21442,#21441,#21440))
REPRESENTATION_CONTEXT('2604-3105','TOP_LEVEL_ASSEMBLY_PART')
);
#21439=UNCERTAINTY_MEASURE_WITH_UNIT(LENGTH_MEASURE(0.005),#21442,
'DISTANCE_ACCURACY_VALUE','Maximum Tolerance applied to model');
#21440=(
NAMED_UNIT(*)
SI_UNIT($,.STERADIAN.)
SOLID_ANGLE_UNIT()
);
#21441=(
NAMED_UNIT(*)
PLANE_ANGLE_UNIT()
SI_UNIT($,.RADIAN.)
);
#21442=(
LENGTH_UNIT()
NAMED_UNIT(*)
SI_UNIT(.MILLI.,.METRE.)
);
#21443=PRODUCT_DEFINITION_SHAPE('','',#21444);
#21444=PRODUCT_DEFINITION('','',#21446,#21445);
#21445=PRODUCT_DEFINITION_CONTEXT('',#21452,'design');
#21446=PRODUCT_DEFINITION_FORMATION_WITH_SPECIFIED_SOURCE('','',#21448,
 .NOT_KNOWN.);
#21447=PRODUCT_RELATED_PRODUCT_CATEGORY('','',(#21448));
#21448=PRODUCT('2604-3105','2604-3105','2604-3105',(#21450));
#21449=PRODUCT_CATEGORY('','');
#21450=PRODUCT_CONTEXT('',#21452,'mechanical');
#21451=APPLICATION_PROTOCOL_DEFINITION('international standard',
'ap242_managed_model_based_3d_engineering',2011,#21452);
#21452=APPLICATION_CONTEXT('managed model based 3d engineering');
ENDSEC;
END-ISO-10303-21;
